{
  "android_play_store_link": "",
  "ios_app_store_link": "",
  "sticker_packs": [
    {
      "identifier": "1",
      "name": "Flowers Pack 1",
      "publisher": "GANESH",
      "tray_image_file": "04.webp",
      "image_data_version": "1",
      "avoid_cache": false,
      "publisher_email":"feedbacktomyapp@gmail.com",
      "publisher_website": "https://sites.google.com/view/programmingwithganesh/home",
      "privacy_policy_website": "https://sites.google.com/view/programmingwithganesh/home",
      "license_agreement_website": "https://sites.google.com/view/programmingwithganesh/home",
      "animated_sticker_pack": true,
      "stickers": [
        {
          "image_file": "01.webp",
          "emojis": [
            "☕",
            "🙂",
            "💕"
          ]
        },
        {
          "image_file": "02.webp",
          "emojis": [
            "😄",
            "😀",
            "💕"
          ]
        },
        {
          "image_file": "03.webp",
          "emojis": [
            "😆",
            "😂",
            "💕"
          ]
        },
        {
          "image_file": "04.webp",
          "emojis": [
            "😩",
            "😰",
            "💕"
          ]
        },
        {
          "image_file": "05.webp",
          "emojis": [
            "😭",
            "💧",
            "💕"
          ]
        },
        {
          "image_file": "06.webp",
          "emojis": [
            "😍",
            "♥",
            "💕"
          ]
        },
        {
          "image_file": "07.webp",
          "emojis": [
            "💔",
            "👎",
            "💕"
          ]
        },
        {
          "image_file": "08.webp",
          "emojis": [
            "😍",
            "💑",
            "💕"
          ]
        },
        {
          "image_file": "09.webp",
          "emojis": [
            "😘",
            "🍪",
            "💕"
          ]
        },
        {
          "image_file": "10.webp",
          "emojis": [
            "😘",
            "🍪",
            "💕"
          ]
        },
        {
          "image_file": "11.webp",
          "emojis": [
            "😘",
            "🍪",
            "💕"
          ]
        },
        {
          "image_file": "12.webp",
          "emojis": [
            "😘",
            "🍪",
            "💕"
          ]
        },
        {
          "image_file": "13.webp",
          "emojis": [
            "😘",
            "🍪",
            "💕"
          ]
        },
        {
          "image_file": "14.webp",
          "emojis": [
            "😘",
            "🍪",
            "💕"
          ]
        },
        {
          "image_file": "15.webp",
          "emojis": [
            "😘",
            "🍪",
            "💕"
          ]
        }
      ]
    },
    {
      "identifier": "2",
      "name": "Flowers Pack 2",
      "publisher": "GANESH",
      "tray_image_file": "08.webp",
      "image_data_version": "1",
      "avoid_cache": false,
      "publisher_email":"feedbacktomyapp@gmail.com",
      "publisher_website": "https://sites.google.com/view/programmingwithganesh/home",
      "privacy_policy_website": "https://sites.google.com/view/programmingwithganesh/home",
      "license_agreement_website": "https://sites.google.com/view/programmingwithganesh/home",
      "animated_sticker_pack": true,
      "stickers": [
        {
          "image_file": "01.webp",
          "emojis": [
            "🥰",
            "😘",
            "❤️"
          ]
        },
        {
          "image_file": "02.webp",
          "emojis": [
            "✊",
            "💪",
            "🙏"
          ]
        },
        {
          "image_file": "03.webp",
          "emojis": [
            "❤️",
            "🥰",
            "💕"
          ]
        },
        {
          "image_file": "04.webp",
          "emojis": [
            "🖐",
            "🙌",
            "✋"
          ]
        },
        {
          "image_file": "05.webp",
          "emojis": [
            "📱",
            "👯",
            "👋"
          ]
        },
        {
          "image_file": "06.webp",
          "emojis": [
            "📱",
            "🙋‍♀",
            "🙋‍♂"
          ]
        },
        {
          "image_file": "07.webp",
          "emojis": [
            "👍",
            "👌",
            "🙂"
          ]
        },
        {
          "image_file": "08.webp",
          "emojis": [
            "👋",
            "❓",
            "📱"
          ]
        },
        {
          "image_file": "09.webp",
          "emojis": [
            "👋",
            "❓",
            "📱"
          ]
        },
        {
          "image_file": "10.webp",
          "emojis": [
            "👋",
            "❓",
            "📱"
          ]
        },
        {
          "image_file": "11.webp",
          "emojis": [
            "👋",
            "❓",
            "📱"
          ]
        },
        {
          "image_file": "12.webp",
          "emojis": [
            "👋",
            "❓",
            "📱"
          ]
        },
        {
          "image_file": "13.webp",
          "emojis": [
            "👋",
            "❓",
            "📱"
          ]
        },
        {
          "image_file": "14.webp",
          "emojis": [
            "👋",
            "❓",
            "📱"
          ]
        },
        {
          "image_file": "15.webp",
          "emojis": [
            "👋",
            "❓",
            "📱"
          ]
        }
      ]
    },
    {
      "identifier": "3",
      "name": "Flowers Pack 3",
      "publisher": "GANESH",
      "tray_image_file": "07.webp",
      "image_data_version": "1",
      "avoid_cache": false,
      "publisher_email":"feedbacktomyapp@gmail.com",
      "publisher_website": "https://sites.google.com/view/programmingwithganesh/home",
      "privacy_policy_website": "https://sites.google.com/view/programmingwithganesh/home",
      "license_agreement_website": "https://sites.google.com/view/programmingwithganesh/home",
      "animated_sticker_pack": true,
      "stickers": [
        {
          "image_file": "01.webp",
          "emojis": [
            "🥰",
            "😘",
            "❤️"
          ]
        },
        {
          "image_file": "02.webp",
          "emojis": [
            "✊",
            "💪",
            "🙏"
          ]
        },
        {
          "image_file": "03.webp",
          "emojis": [
            "❤️",
            "🥰",
            "💕"
          ]
        },
        {
          "image_file": "04.webp",
          "emojis": [
            "🖐",
            "🙌",
            "✋"
          ]
        },
        {
          "image_file": "05.webp",
          "emojis": [
            "📱",
            "👯",
            "👋"
          ]
        },
        {
          "image_file": "06.webp",
          "emojis": [
            "📱",
            "🙋‍♀",
            "🙋‍♂"
          ]
        },
        {
          "image_file": "07.webp",
          "emojis": [
            "👍",
            "👌",
            "🙂"
          ]
        },
        {
          "image_file": "08.webp",
          "emojis": [
            "👋",
            "❓",
            "📱"
          ]
        },
        {
          "image_file": "09.webp",
          "emojis": [
            "☕",
            "🍵",
            "🏠"
          ]
        },
        {
          "image_file": "10.webp",
          "emojis": [
            "☕",
            "🍵",
            "🏠"
          ]
        },
        {
          "image_file": "11.webp",
          "emojis": [
            "☕",
            "🍵",
            "🏠"
          ]
        }
      ]
    },
    {
      "identifier": "4",
      "name": "Flowers Pack 4",
      "publisher": "GANESH",
      "tray_image_file": "02.webp",
      "image_data_version": "1",
      "avoid_cache": false,
      "publisher_email":"feedbacktomyapp@gmail.com",
      "publisher_website": "https://sites.google.com/view/programmingwithganesh/home",
      "privacy_policy_website": "https://sites.google.com/view/programmingwithganesh/home",
      "license_agreement_website": "https://sites.google.com/view/programmingwithganesh/home",
      "animated_sticker_pack": false,
      "stickers": [
        {
          "image_file": "01.webp",
          "emojis": [
            "🥰",
            "😘",
            "❤️"
          ]
        },
        {
          "image_file": "02.webp",
          "emojis": [
            "✊",
            "💪",
            "🙏"
          ]
        },
        {
          "image_file": "03.webp",
          "emojis": [
            "❤️",
            "🥰",
            "💕"
          ]
        },
        {
          "image_file": "04.webp",
          "emojis": [
            "🖐",
            "🙌",
            "✋"
          ]
        },
        {
          "image_file": "05.webp",
          "emojis": [
            "📱",
            "👯",
            "👋"
          ]
        },
        {
          "image_file": "06.webp",
          "emojis": [
            "📱",
            "🙋‍♀",
            "🙋‍♂"
          ]
        },
        {
          "image_file": "07.webp",
          "emojis": [
            "👍",
            "👌",
            "🙂"
          ]
        },
        {
          "image_file": "08.webp",
          "emojis": [
            "👋",
            "❓",
            "📱"
          ]
        },
        {
          "image_file": "09.webp",
          "emojis": [
            "☕",
            "🍵",
            "🏠"
          ]
        },
        {
          "image_file": "10.webp",
          "emojis": [
            "👩‍💻",
            "👨‍💻",
            "🛏"
          ]
        },
        {
          "image_file": "11.webp",
          "emojis": [
            "👩‍💻",
            "👨‍💻",
            "🛏"
          ]
        },
        {
          "image_file": "12.webp",
          "emojis": [
            "👩‍💻",
            "👨‍💻",
            "🛏"
          ]
        },
        {
          "image_file": "13.webp",
          "emojis": [
            "👩‍💻",
            "👨‍💻",
            "🛏"
          ]
        },
        {
          "image_file": "14.webp",
          "emojis": [
            "👩‍💻",
            "👨‍💻",
            "🛏"
          ]
        },
        {
          "image_file": "15.webp",
          "emojis": [
            "👩‍💻",
            "👨‍💻",
            "🛏"
          ]
        }
      ]
    },
    {
      "identifier": "5",
      "name": "Flowers Pack 5",
      "publisher": "GANESH",
      "tray_image_file": "01.webp",
      "image_data_version": "1",
      "avoid_cache": false,
      "publisher_email":"feedbacktomyapp@gmail.com",
      "publisher_website": "https://sites.google.com/view/programmingwithganesh/home",
      "privacy_policy_website": "https://sites.google.com/view/programmingwithganesh/home",
      "license_agreement_website": "https://sites.google.com/view/programmingwithganesh/home",
      "animated_sticker_pack": false,
      "stickers": [
        {
          "image_file": "01.webp",
          "emojis": [
            "🥰",
            "😘",
            "❤️"
          ]
        },
        {
          "image_file": "02.webp",
          "emojis": [
            "✊",
            "💪",
            "🙏"
          ]
        },
        {
          "image_file": "03.webp",
          "emojis": [
            "❤️",
            "🥰",
            "💕"
          ]
        },
        {
          "image_file": "04.webp",
          "emojis": [
            "🖐",
            "🙌",
            "✋"
          ]
        },
        {
          "image_file": "05.webp",
          "emojis": [
            "📱",
            "👯",
            "👋"
          ]
        },
        {
          "image_file": "06.webp",
          "emojis": [
            "📱",
            "🙋‍♀",
            "🙋‍♂"
          ]
        },
        {
          "image_file": "07.webp",
          "emojis": [
            "👍",
            "👌",
            "🙂"
          ]
        },
        {
          "image_file": "08.webp",
          "emojis": [
            "👋",
            "❓",
            "📱"
          ]
        },
        {
          "image_file": "09.webp",
          "emojis": [
            "☕",
            "🍵",
            "🏠"
          ]
        },
        {
          "image_file": "10.webp",
          "emojis": [
            "👩‍💻",
            "👨‍💻",
            "🛏"
          ]
        },
        {
          "image_file": "11.webp",
          "emojis": [
            "👩‍💻",
            "👨‍💻",
            "🛏"
          ]
        },
        {
          "image_file": "12.webp",
          "emojis": [
            "👩‍💻",
            "👨‍💻",
            "🛏"
          ]
        },
        {
          "image_file": "13.webp",
          "emojis": [
            "👩‍💻",
            "👨‍💻",
            "🛏"
          ]
        },
        {
          "image_file": "14.webp",
          "emojis": [
            "👩‍💻",
            "👨‍💻",
            "🛏"
          ]
        },
        {
          "image_file": "15.webp",
          "emojis": [
            "👩‍💻",
            "👨‍💻",
            "🛏"
          ]
        }
      ]
    },
    {
      "identifier": "6",
      "name": "Flowers Pack 6",
      "publisher": "GANESH",
      "tray_image_file": "tray.png",
      "image_data_version": "1",
      "avoid_cache": false,
      "publisher_email":"feedbacktomyapp@gmail.com",
      "publisher_website": "https://sites.google.com/view/programmingwithganesh/home",
      "privacy_policy_website": "https://sites.google.com/view/programmingwithganesh/home",
      "license_agreement_website": "https://sites.google.com/view/programmingwithganesh/home",
      "animated_sticker_pack": true,
      "stickers": [
        {
          "image_file": "01.webp",
          "emojis": [
            "🥰",
            "😘",
            "❤️"
          ]
        },
        {
          "image_file": "02.webp",
          "emojis": [
            "✊",
            "💪",
            "🙏"
          ]
        },
        {
          "image_file": "03.webp",
          "emojis": [
            "❤️",
            "🥰",
            "💕"
          ]
        },
        {
          "image_file": "04.webp",
          "emojis": [
            "🖐",
            "🙌",
            "✋"
          ]
        },
        {
          "image_file": "05.webp",
          "emojis": [
            "📱",
            "👯",
            "👋"
          ]
        },
        {
          "image_file": "06.webp",
          "emojis": [
            "📱",
            "🙋‍♀",
            "🙋‍♂"
          ]
        },
        {
          "image_file": "07.webp",
          "emojis": [
            "👍",
            "👌",
            "🙂"
          ]
        },
        {
          "image_file": "08.webp",
          "emojis": [
            "👋",
            "❓",
            "📱"
          ]
        },
        {
          "image_file": "09.webp",
          "emojis": [
            "☕",
            "🍵",
            "🏠"
          ]
        },
        {
          "image_file": "10.webp",
          "emojis": [
            "👩‍💻",
            "👨‍💻",
            "🛏"
          ]
        },
        {
          "image_file": "11.webp",
          "emojis": [
            "🧘♀",
            "🧘♂",
            "🤙"
          ]
        },
        {
          "image_file": "12.webp",
          "emojis": [
            "🤸",
            "🐩",
            "💪"
          ]
        },
        {
          "image_file": "13.webp",
          "emojis": [
            "📰",
            "🔎",
            "🔍"
          ]
        },
        {
          "image_file": "14.webp",
          "emojis": [
            "📰",
            "🔎",
            "🔍"
          ]
        },
        {
          "image_file": "15.webp",
          "emojis": [
            "📰",
            "🔎",
            "🔍"
          ]
        }
      ]
    },
    {
      "identifier": "7",
      "name": "Flowers Pack 7",
      "publisher": "GANESH",
      "tray_image_file": "03.webp",
      "image_data_version": "1",
      "avoid_cache": false,
      "publisher_email":"feedbacktomyapp@gmail.com",
      "publisher_website": "https://sites.google.com/view/programmingwithganesh/home",
      "privacy_policy_website": "https://sites.google.com/view/programmingwithganesh/home",
      "license_agreement_website": "https://sites.google.com/view/programmingwithganesh/home",
      "animated_sticker_pack": true,
      "stickers": [
        {
          "image_file": "01.webp",
          "emojis": [
            "🥰",
            "😘",
            "❤️"
          ]
        },
        {
          "image_file": "02.webp",
          "emojis": [
            "✊",
            "💪",
            "🙏"
          ]
        },
        {
          "image_file": "03.webp",
          "emojis": [
            "❤️",
            "🥰",
            "💕"
          ]
        },
        {
          "image_file": "04.webp",
          "emojis": [
            "🖐",
            "🙌",
            "✋"
          ]
        },
        {
          "image_file": "05.webp",
          "emojis": [
            "📱",
            "👯",
            "👋"
          ]
        },
        {
          "image_file": "06.webp",
          "emojis": [
            "📱",
            "🙋‍♀",
            "🙋‍♂"
          ]
        },
        {
          "image_file": "07.webp",
          "emojis": [
            "👍",
            "👌",
            "🙂"
          ]
        },
        {
          "image_file": "08.webp",
          "emojis": [
            "👋",
            "❓",
            "📱"
          ]
        },
        {
          "image_file": "09.webp",
          "emojis": [
            "☕",
            "🍵",
            "🏠"
          ]
        },
        {
          "image_file": "10.webp",
          "emojis": [
            "👩‍💻",
            "👨‍💻",
            "🛏"
          ]
        },
        {
          "image_file": "11.webp",
          "emojis": [
            "🧘♀",
            "🧘♂",
            "🤙"
          ]
        },
        {
          "image_file": "12.webp",
          "emojis": [
            "🧘♀",
            "🧘♂",
            "🤙"
          ]
        },
        {
          "image_file": "13.webp",
          "emojis": [
            "🧘♀",
            "🧘♂",
            "🤙"
          ]
        },
        {
          "image_file": "14.webp",
          "emojis": [
            "🧘♀",
            "🧘♂",
            "🤙"
          ]
        },
        {
          "image_file": "15.webp",
          "emojis": [
            "🧘♀",
            "🧘♂",
            "🤙"
          ]
        }
      ]
    },
    {
      "identifier": "8",
      "name": "Flowers Pack 8",
      "publisher": "GANESH",
      "tray_image_file": "03.webp",
      "image_data_version": "1",
      "avoid_cache": false,
      "publisher_email":"feedbacktomyapp@gmail.com",
      "publisher_website": "https://sites.google.com/view/programmingwithganesh/home",
      "privacy_policy_website": "https://sites.google.com/view/programmingwithganesh/home",
      "license_agreement_website": "https://sites.google.com/view/programmingwithganesh/home",
      "animated_sticker_pack": true,
      "stickers": [
        {
          "image_file": "01.webp",
          "emojis": [
            "🥰",
            "😘",
            "❤️"
          ]
        },
        {
          "image_file": "02.webp",
          "emojis": [
            "✊",
            "💪",
            "🙏"
          ]
        },
        {
          "image_file": "03.webp",
          "emojis": [
            "❤️",
            "🥰",
            "💕"
          ]
        },
        {
          "image_file": "04.webp",
          "emojis": [
            "🖐",
            "🙌",
            "✋"
          ]
        },
        {
          "image_file": "05.webp",
          "emojis": [
            "📱",
            "👯",
            "👋"
          ]
        },
        {
          "image_file": "06.webp",
          "emojis": [
            "📱",
            "🙋‍♀",
            "🙋‍♂"
          ]
        },
        {
          "image_file": "07.webp",
          "emojis": [
            "👍",
            "👌",
            "🙂"
          ]
        },
        {
          "image_file": "08.webp",
          "emojis": [
            "👋",
            "❓",
            "📱"
          ]
        },
        {
          "image_file": "09.webp",
          "emojis": [
            "☕",
            "🍵",
            "🏠"
          ]
        },
        {
          "image_file": "10.webp",
          "emojis": [
            "👩‍💻",
            "👨‍💻",
            "🛏"
          ]
        },
        {
          "image_file": "11.webp",
          "emojis": [
            "👩‍💻",
            "👨‍💻",
            "🛏"
          ]
        },
        {
          "image_file": "12.webp",
          "emojis": [
            "👩‍💻",
            "👨‍💻",
            "🛏"
          ]
        },
        {
          "image_file": "13.webp",
          "emojis": [
            "👩‍💻",
            "👨‍💻",
            "🛏"
          ]
        },
        {
          "image_file": "14.webp",
          "emojis": [
            "👩‍💻",
            "👨‍💻",
            "🛏"
          ]
        },
        {
          "image_file": "15.webp",
          "emojis": [
            "👩‍💻",
            "👨‍💻",
            "🛏"
          ]
        }
      ]
    },
    {
      "identifier": "9",
      "name": "Flowers Pack 9",
      "publisher": "GANESH",
      "tray_image_file": "13.webp",
      "image_data_version": "1",
      "avoid_cache": false,
      "publisher_email":"feedbacktomyapp@gmail.com",
      "publisher_website": "https://sites.google.com/view/programmingwithganesh/home",
      "privacy_policy_website": "https://sites.google.com/view/programmingwithganesh/home",
      "license_agreement_website": "https://sites.google.com/view/programmingwithganesh/home",
      "animated_sticker_pack": true,
      "stickers": [
        {
          "image_file": "01.webp",
          "emojis": [
            "🥰",
            "😘",
            "❤️"
          ]
        },
        {
          "image_file": "02.webp",
          "emojis": [
            "✊",
            "💪",
            "🙏"
          ]
        },
        {
          "image_file": "03.webp",
          "emojis": [
            "❤️",
            "🥰",
            "💕"
          ]
        },
        {
          "image_file": "04.webp",
          "emojis": [
            "🖐",
            "🙌",
            "✋"
          ]
        },
        {
          "image_file": "05.webp",
          "emojis": [
            "📱",
            "👯",
            "👋"
          ]
        },
        {
          "image_file": "06.webp",
          "emojis": [
            "📱",
            "🙋‍♀",
            "🙋‍♂"
          ]
        },
        {
          "image_file": "07.webp",
          "emojis": [
            "👍",
            "👌",
            "🙂"
          ]
        },
        {
          "image_file": "08.webp",
          "emojis": [
            "👋",
            "❓",
            "📱"
          ]
        },
        {
          "image_file": "09.webp",
          "emojis": [
            "☕",
            "🍵",
            "🏠"
          ]
        },
        {
          "image_file": "10.webp",
          "emojis": [
            "👩‍💻",
            "👨‍💻",
            "🛏"
          ]
        },
        {
          "image_file": "11.webp",
          "emojis": [
            "👩‍💻",
            "👨‍💻",
            "🛏"
          ]
        },
        {
          "image_file": "12.webp",
          "emojis": [
            "👩‍💻",
            "👨‍💻",
            "🛏"
          ]
        },
        {
          "image_file": "13.webp",
          "emojis": [
            "👩‍💻",
            "👨‍💻",
            "🛏"
          ]
        },
        {
          "image_file": "14.webp",
          "emojis": [
            "👩‍💻",
            "👨‍💻",
            "🛏"
          ]
        },
        {
          "image_file": "15.webp",
          "emojis": [
            "👩‍💻",
            "👨‍💻",
            "🛏"
          ]
        }
      ]
    },
    {
      "identifier": "10",
      "name": "Flowers Pack 10",
      "publisher": "GANESH",
      "tray_image_file": "tray.png",
      "image_data_version": "1",
      "avoid_cache": false,
      "publisher_email":"feedbacktomyapp@gmail.com",
      "publisher_website": "https://sites.google.com/view/programmingwithganesh/home",
      "privacy_policy_website": "https://sites.google.com/view/programmingwithganesh/home",
      "license_agreement_website": "https://sites.google.com/view/programmingwithganesh/home",
      "animated_sticker_pack": true,
      "stickers": [
        {
          "image_file": "01.webp",
          "emojis": [
            "🥰",
            "😘",
            "❤️"
          ]
        },
        {
          "image_file": "02.webp",
          "emojis": [
            "✊",
            "💪",
            "🙏"
          ]
        },
        {
          "image_file": "03.webp",
          "emojis": [
            "❤️",
            "🥰",
            "💕"
          ]
        },
        {
          "image_file": "04.webp",
          "emojis": [
            "🖐",
            "🙌",
            "✋"
          ]
        },
        {
          "image_file": "05.webp",
          "emojis": [
            "📱",
            "👯",
            "👋"
          ]
        },
        {
          "image_file": "06.webp",
          "emojis": [
            "📱",
            "🙋‍♀",
            "🙋‍♂"
          ]
        },
        {
          "image_file": "07.webp",
          "emojis": [
            "👍",
            "👌",
            "🙂"
          ]
        },
        {
          "image_file": "08.webp",
          "emojis": [
            "👋",
            "❓",
            "📱"
          ]
        },
        {
          "image_file": "09.webp",
          "emojis": [
            "☕",
            "🍵",
            "🏠"
          ]
        },
        {
          "image_file": "10.webp",
          "emojis": [
            "👩‍💻",
            "👨‍💻",
            "🛏"
          ]
        },
        {
          "image_file": "11.webp",
          "emojis": [
            "👩‍💻",
            "👨‍💻",
            "🛏"
          ]
        },
        {
          "image_file": "12.webp",
          "emojis": [
            "👩‍💻",
            "👨‍💻",
            "🛏"
          ]
        },
        {
          "image_file": "13.webp",
          "emojis": [
            "👩‍💻",
            "👨‍💻",
            "🛏"
          ]
        },
        {
          "image_file": "14.webp",
          "emojis": [
            "👩‍💻",
            "👨‍💻",
            "🛏"
          ]
        },
        {
          "image_file": "15.webp",
          "emojis": [
            "👩‍💻",
            "👨‍💻",
            "🛏"
          ]
        }
      ]
    },
    {
      "identifier": "11",
      "name": "Flowers Pack 11",
      "publisher": "GANESH",
      "tray_image_file": "03.webp",
      "image_data_version": "1",
      "avoid_cache": false,
      "publisher_email":"feedbacktomyapp@gmail.com",
      "publisher_website": "https://sites.google.com/view/programmingwithganesh/home",
      "privacy_policy_website": "https://sites.google.com/view/programmingwithganesh/home",
      "license_agreement_website": "https://sites.google.com/view/programmingwithganesh/home",
      "animated_sticker_pack": true,
      "stickers": [
        {
          "image_file": "01.webp",
          "emojis": [
            "🥰",
            "😘",
            "❤️"
          ]
        },
        {
          "image_file": "02.webp",
          "emojis": [
            "✊",
            "💪",
            "🙏"
          ]
        },
        {
          "image_file": "03.webp",
          "emojis": [
            "❤️",
            "🥰",
            "💕"
          ]
        },
        {
          "image_file": "04.webp",
          "emojis": [
            "🖐",
            "🙌",
            "✋"
          ]
        },
        {
          "image_file": "05.webp",
          "emojis": [
            "📱",
            "👯",
            "👋"
          ]
        },
        {
          "image_file": "06.webp",
          "emojis": [
            "📱",
            "🙋‍♀",
            "🙋‍♂"
          ]
        },
        {
          "image_file": "07.webp",
          "emojis": [
            "👍",
            "👌",
            "🙂"
          ]
        },
        {
          "image_file": "08.webp",
          "emojis": [
            "👋",
            "❓",
            "📱"
          ]
        },
        {
          "image_file": "09.webp",
          "emojis": [
            "☕",
            "🍵",
            "🏠"
          ]
        },
        {
          "image_file": "10.webp",
          "emojis": [
            "👩‍💻",
            "👨‍💻",
            "🛏"
          ]
        },
        {
          "image_file": "11.webp",
          "emojis": [
            "👩‍💻",
            "👨‍💻",
            "🛏"
          ]
        },
        {
          "image_file": "12.webp",
          "emojis": [
            "👩‍💻",
            "👨‍💻",
            "🛏"
          ]
        },
        {
          "image_file": "13.webp",
          "emojis": [
            "👩‍💻",
            "👨‍💻",
            "🛏"
          ]
        },
        {
          "image_file": "14.webp",
          "emojis": [
            "👩‍💻",
            "👨‍💻",
            "🛏"
          ]
        },
        {
          "image_file": "15.webp",
          "emojis": [
            "👩‍💻",
            "👨‍💻",
            "🛏"
          ]
        }
      ]
    },
    {
      "identifier": "12",
      "name": "Flowers Pack 12",
      "publisher": "GANESH",
      "tray_image_file": "01.webp",
      "image_data_version": "1",
      "avoid_cache": false,
      "publisher_email":"feedbacktomyapp@gmail.com",
      "publisher_website": "https://sites.google.com/view/programmingwithganesh/home",
      "privacy_policy_website": "https://sites.google.com/view/programmingwithganesh/home",
      "license_agreement_website": "https://sites.google.com/view/programmingwithganesh/home",
      "animated_sticker_pack": false,
      "stickers": [
        {
          "image_file": "01.webp",
          "emojis": [
            "🥰",
            "😘",
            "❤️"
          ]
        },
        {
          "image_file": "02.webp",
          "emojis": [
            "✊",
            "💪",
            "🙏"
          ]
        },
        {
          "image_file": "03.webp",
          "emojis": [
            "❤️",
            "🥰",
            "💕"
          ]
        },
        {
          "image_file": "04.webp",
          "emojis": [
            "🖐",
            "🙌",
            "✋"
          ]
        },
        {
          "image_file": "05.webp",
          "emojis": [
            "📱",
            "👯",
            "👋"
          ]
        },
        {
          "image_file": "06.webp",
          "emojis": [
            "📱",
            "🙋‍♀",
            "🙋‍♂"
          ]
        },
        {
          "image_file": "07.webp",
          "emojis": [
            "👍",
            "👌",
            "🙂"
          ]
        },
        {
          "image_file": "08.webp",
          "emojis": [
            "👋",
            "❓",
            "📱"
          ]
        },
        {
          "image_file": "09.webp",
          "emojis": [
            "☕",
            "🍵",
            "🏠"
          ]
        },
        {
          "image_file": "10.webp",
          "emojis": [
            "👩‍💻",
            "👨‍💻",
            "🛏"
          ]
        },
        {
          "image_file": "11.webp",
          "emojis": [
            "👩‍💻",
            "👨‍💻",
            "🛏"
          ]
        },
        {
          "image_file": "12.webp",
          "emojis": [
            "👩‍💻",
            "👨‍💻",
            "🛏"
          ]
        },
        {
          "image_file": "13.webp",
          "emojis": [
            "👩‍💻",
            "👨‍💻",
            "🛏"
          ]
        },
        {
          "image_file": "14.webp",
          "emojis": [
            "👩‍💻",
            "👨‍💻",
            "🛏"
          ]
        },
        {
          "image_file": "15.webp",
          "emojis": [
            "👩‍💻",
            "👨‍💻",
            "🛏"
          ]
        },
        {
          "image_file": "16.webp",
          "emojis": [
            "👩‍💻",
            "👨‍💻",
            "🛏"
          ]
        },
        {
          "image_file": "17.webp",
          "emojis": [
            "👩‍💻",
            "👨‍💻",
            "🛏"
          ]
        }
      ]
    },
    {
      "identifier": "13",
      "name": "Flowers Pack 13",
      "publisher": "GANESH",
      "tray_image_file": "01.webp",
      "image_data_version": "1",
      "avoid_cache": false,
      "publisher_email":"feedbacktomyapp@gmail.com",
      "publisher_website": "https://sites.google.com/view/programmingwithganesh/home",
      "privacy_policy_website": "https://sites.google.com/view/programmingwithganesh/home",
      "license_agreement_website": "https://sites.google.com/view/programmingwithganesh/home",
      "animated_sticker_pack": false,
      "stickers": [
        {
          "image_file": "01.webp",
          "emojis": [
            "🥰",
            "😘",
            "❤️"
          ]
        },
        {
          "image_file": "02.webp",
          "emojis": [
            "✊",
            "💪",
            "🙏"
          ]
        },
        {
          "image_file": "03.webp",
          "emojis": [
            "❤️",
            "🥰",
            "💕"
          ]
        },
        {
          "image_file": "04.webp",
          "emojis": [
            "🖐",
            "🙌",
            "✋"
          ]
        },
        {
          "image_file": "05.webp",
          "emojis": [
            "📱",
            "👯",
            "👋"
          ]
        },
        {
          "image_file": "06.webp",
          "emojis": [
            "📱",
            "🙋‍♀",
            "🙋‍♂"
          ]
        },
        {
          "image_file": "07.webp",
          "emojis": [
            "👍",
            "👌",
            "🙂"
          ]
        },
        {
          "image_file": "08.webp",
          "emojis": [
            "👋",
            "❓",
            "📱"
          ]
        },
        {
          "image_file": "09.webp",
          "emojis": [
            "☕",
            "🍵",
            "🏠"
          ]
        },
        {
          "image_file": "10.webp",
          "emojis": [
            "👩‍💻",
            "👨‍💻",
            "🛏"
          ]
        },
        {
          "image_file": "11.webp",
          "emojis": [
            "👩‍💻",
            "👨‍💻",
            "🛏"
          ]
        },
        {
          "image_file": "12.webp",
          "emojis": [
            "👩‍💻",
            "👨‍💻",
            "🛏"
          ]
        },
        {
          "image_file": "13.webp",
          "emojis": [
            "👩‍💻",
            "👨‍💻",
            "🛏"
          ]
        },
        {
          "image_file": "14.webp",
          "emojis": [
            "👩‍💻",
            "👨‍💻",
            "🛏"
          ]
        },
        {
          "image_file": "15.webp",
          "emojis": [
            "👩‍💻",
            "👨‍💻",
            "🛏"
          ]
        }
      ]
    },
    {
      "identifier": "14",
      "name": "Flowers Pack 14",
      "publisher": "GANESH",
      "tray_image_file": "02.webp",
      "image_data_version": "1",
      "avoid_cache": false,
      "publisher_email":"feedbacktomyapp@gmail.com",
      "publisher_website": "https://sites.google.com/view/programmingwithganesh/home",
      "privacy_policy_website": "https://sites.google.com/view/programmingwithganesh/home",
      "license_agreement_website": "https://sites.google.com/view/programmingwithganesh/home",
      "animated_sticker_pack": false,
      "stickers": [
        {
          "image_file": "01.webp",
          "emojis": [
            "🥰",
            "😘",
            "❤️"
          ]
        },
        {
          "image_file": "02.webp",
          "emojis": [
            "✊",
            "💪",
            "🙏"
          ]
        },
        {
          "image_file": "03.webp",
          "emojis": [
            "❤️",
            "🥰",
            "💕"
          ]
        },
        {
          "image_file": "04.webp",
          "emojis": [
            "🖐",
            "🙌",
            "✋"
          ]
        },
        {
          "image_file": "05.webp",
          "emojis": [
            "📱",
            "👯",
            "👋"
          ]
        },
        {
          "image_file": "06.webp",
          "emojis": [
            "📱",
            "🙋‍♀",
            "🙋‍♂"
          ]
        },
        {
          "image_file": "07.webp",
          "emojis": [
            "👍",
            "👌",
            "🙂"
          ]
        },
        {
          "image_file": "08.webp",
          "emojis": [
            "👋",
            "❓",
            "📱"
          ]
        },
        {
          "image_file": "09.webp",
          "emojis": [
            "☕",
            "🍵",
            "🏠"
          ]
        },
        {
          "image_file": "10.webp",
          "emojis": [
            "👩‍💻",
            "👨‍💻",
            "🛏"
          ]
        },
        {
          "image_file": "11.webp",
          "emojis": [
            "👩‍💻",
            "👨‍💻",
            "🛏"
          ]
        },
        {
          "image_file": "12.webp",
          "emojis": [
            "👩‍💻",
            "👨‍💻",
            "🛏"
          ]
        },
        {
          "image_file": "13.webp",
          "emojis": [
            "👩‍💻",
            "👨‍💻",
            "🛏"
          ]
        },
        {
          "image_file": "14.webp",
          "emojis": [
            "👩‍💻",
            "👨‍💻",
            "🛏"
          ]
        },
        {
          "image_file": "15.webp",
          "emojis": [
            "👩‍💻",
            "👨‍💻",
            "🛏"
          ]
        },
        {
          "image_file": "16.webp",
          "emojis": [
            "👩‍💻",
            "👨‍💻",
            "🛏"
          ]
        }
      ]
    }
  ]
}
