{
  "sticker_packs": [
    {
      "id": "1",
      "name": "C. Ronaldo #1",
      "folder_link":"file:///android_asset/1/",
      "image_cover": "5.webp",
      "stickers": [
        {
          "image_file": "1.webp"
        },
        {
          "image_file": "2.webp"
        },
        {
          "image_file": "3.webp"
        },
        {
          "image_file": "4.webp"
        },
        {
          "image_file": "5.webp"
        },
        {
          "image_file": "6.webp"
        },
        {
          "image_file": "7.webp"
        },
        {
          "image_file": "8.webp"
        },
        {
          "image_file": "9.webp"
        },
        {
          "image_file": "10.webp"
        }
      ]
    },
    {
      "id": "2",
      "name": "C. Ronaldo #2",
      "folder_link":"file:///android_asset/2/",
      "image_cover": "15.webp",
      "stickers": [
        {
          "image_file": "11.webp"
        },
        {
          "image_file": "12.webp"
        },
        {
          "image_file": "13.webp"
        },
        {
          "image_file": "14.webp"
        },
        {
          "image_file": "15.webp"
        },
        {
          "image_file": "16.webp"
        },
        {
          "image_file": "17.webp"
        },
        {
          "image_file": "18.webp"
        },
        {
          "image_file": "19.webp"
        },
        {
          "image_file": "20.webp"
        }
      ]
    },
    {
      "id": "3",
      "name": "C. Ronaldo #3",
      "folder_link":"file:///android_asset/3/",
      "image_cover": "24.webp",
      "stickers": [
        {
          "image_file": "21.webp"
        },
        {
          "image_file": "22.webp"
        },
        {
          "image_file": "23.webp"
        },
        {
          "image_file": "24.webp"
        },
        {
          "image_file": "25.webp"
        },
        {
          "image_file": "26.webp"
        },
        {
          "image_file": "27.webp"
        },
        {
          "image_file": "28.webp"
        },
        {
          "image_file": "29.webp"
        },
        {
          "image_file": "30.webp"
        }
      ]
    },
    {
      "id": "4",
      "name": "C. Ronaldo #4",
      "folder_link":"file:///android_asset/4/",
      "image_cover": "32.webp",
      "stickers": [
        {
          "image_file": "31.webp"
        },
        {
          "image_file": "32.webp"
        },
        {
          "image_file": "33.webp"
        },
        {
          "image_file": "34.webp"
        },
        {
          "image_file": "35.webp"
        },
        {
          "image_file": "36.webp"
        },
        {
          "image_file": "37.webp"
        },
        {
          "image_file": "38.webp"
        },
        {
          "image_file": "39.webp"
        },
        {
          "image_file": "40.webp"
        }
      ]
    },
    {
      "id": "5",
      "name": "C. Ronaldo #5",
      "folder_link":"file:///android_asset/5/",
      "image_cover": "49.webp",
      "stickers": [
        {
          "image_file": "41.webp"
        },
        {
          "image_file": "42.webp"
        },
        {
          "image_file": "43.webp"
        },
        {
          "image_file": "44.webp"
        },
        {
          "image_file": "45.webp"
        },
        {
          "image_file": "46.webp"
        },
        {
          "image_file": "47.webp"
        },
        {
          "image_file": "48.webp"
        },
        {
          "image_file": "49.webp"
        },
        {
          "image_file": "50.webp"
        }
      ]
    },
    {
      "id": "6",
      "name": "C. Ronaldo #6",
      "folder_link":"file:///android_asset/6/",
      "image_cover": "53.webp",
      "stickers": [
        {
          "image_file": "51.webp"
        },
        {
          "image_file": "52.webp"
        },
        {
          "image_file": "53.webp"
        },
        {
          "image_file": "54.webp"
        },
        {
          "image_file": "55.webp"
        },
        {
          "image_file": "56.webp"
        },
        {
          "image_file": "57.webp"
        },
        {
          "image_file": "58.webp"
        },
        {
          "image_file": "59.webp"
        },
        {
          "image_file": "60.webp"
        }
      ]
    },
    {
      "id": "7",
      "name": "C. Ronaldo #7",
      "folder_link":"file:///android_asset/7/",
      "image_cover": "66.webp",
      "stickers": [
        {
          "image_file": "61.webp"
        },
        {
          "image_file": "62.webp"
        },
        {
          "image_file": "63.webp"
        },
        {
          "image_file": "64.webp"
        },
        {
          "image_file": "65.webp"
        },
        {
          "image_file": "66.webp"
        },
        {
          "image_file": "67.webp"
        },
        {
          "image_file": "68.webp"
        },
        {
          "image_file": "69.webp"
        },
        {
          "image_file": "70.webp"
        }
      ]
    },
    {
      "id": "8",
      "name": "C. Ronaldo #8",
      "folder_link":"file:///android_asset/8/",
      "image_cover": "74.webp",
      "stickers": [
        {
          "image_file": "71.webp"
        },
        {
          "image_file": "72.webp"
        },
        {
          "image_file": "73.webp"
        },
        {
          "image_file": "74.webp"
        },
        {
          "image_file": "75.webp"
        },
        {
          "image_file": "76.webp"
        },
        {
          "image_file": "77.webp"
        },
        {
          "image_file": "78.webp"
        },
        {
          "image_file": "79.webp"
        },
        {
          "image_file": "80.webp"
        }
      ]
    },
    {
      "id": "9",
      "name": "C. Ronaldo #9",
      "folder_link":"file:///android_asset/9/",
      "image_cover": "84.webp",
      "stickers": [
        {
          "image_file": "81.webp"
        },
        {
          "image_file": "82.webp"
        },
        {
          "image_file": "83.webp"
        },
        {
          "image_file": "84.webp"
        },
        {
          "image_file": "85.webp"
        },
        {
          "image_file": "86.webp"
        },
        {
          "image_file": "87.webp"
        },
        {
          "image_file": "88.webp"
        },
        {
          "image_file": "89.webp"
        },
        {
          "image_file": "90.webp"
        }
      ]
    },
    {
      "id": "10",
      "name": "C. Ronaldo #10",
      "folder_link":"file:///android_asset/10/",
      "image_cover": "97.webp",
      "stickers": [
        {
          "image_file": "91.webp"
        },
        {
          "image_file": "92.webp"
        },
        {
          "image_file": "93.webp"
        },
        {
          "image_file": "94.webp"
        },
        {
          "image_file": "95.webp"
        },
        {
          "image_file": "96.webp"
        },
        {
          "image_file": "97.webp"
        },
        {
          "image_file": "98.webp"
        },
        {
          "image_file": "99.webp"
        },
        {
          "image_file": "100.webp"
        }
      ]
    },
    {
      "id": "11",
      "name": "C. Ronaldo #11",
      "folder_link":"file:///android_asset/11/",
      "image_cover": "110.webp",
      "stickers": [
        {
          "image_file": "101.webp"
        },
        {
          "image_file": "102.webp"
        },
        {
          "image_file": "103.webp"
        },
        {
          "image_file": "104.webp"
        },
        {
          "image_file": "105.webp"
        },
        {
          "image_file": "106.webp"
        },
        {
          "image_file": "107.webp"
        },
        {
          "image_file": "108.webp"
        },
        {
          "image_file": "109.webp"
        },
        {
          "image_file": "110.webp"
        }
      ]
    },
    {
      "id": "12",
      "name": "C. Ronaldo #12",
      "folder_link":"file:///android_asset/12/",
      "image_cover": "116.webp",
      "stickers": [
        {
          "image_file": "111.webp"
        },
        {
          "image_file": "112.webp"
        },
        {
          "image_file": "113.webp"
        },
        {
          "image_file": "114.webp"
        },
        {
          "image_file": "115.webp"
        },
        {
          "image_file": "116.webp"
        },
        {
          "image_file": "117.webp"
        },
        {
          "image_file": "118.webp"
        },
        {
          "image_file": "119.webp"
        },
        {
          "image_file": "120.webp"
        }
      ]
    },
    {
      "id": "13",
      "name": "C. Ronaldo #13",
      "folder_link":"file:///android_asset/13/",
      "image_cover": "125.webp",
      "stickers": [
        {
          "image_file": "121.webp"
        },
        {
          "image_file": "122.webp"
        },
        {
          "image_file": "123.webp"
        },
        {
          "image_file": "124.webp"
        },
        {
          "image_file": "125.webp"
        },
        {
          "image_file": "126.webp"
        },
        {
          "image_file": "127.webp"
        },
        {
          "image_file": "128.webp"
        },
        {
          "image_file": "129.webp"
        },
        {
          "image_file": "130.webp"
        }
      ]
    },
    {
      "id": "14",
      "name": "C. Ronaldo #14",
      "folder_link":"file:///android_asset/14/",
      "image_cover": "138.webp",
      "stickers": [
        {
          "image_file": "131.webp"
        },
        {
          "image_file": "132.webp"
        },
        {
          "image_file": "133.webp"
        },
        {
          "image_file": "134.webp"
        },
        {
          "image_file": "135.webp"
        },
        {
          "image_file": "136.webp"
        },
        {
          "image_file": "137.webp"
        },
        {
          "image_file": "138.webp"
        },
        {
          "image_file": "139.webp"
        },
        {
          "image_file": "140.webp"
        }
      ]
    },
    {
      "id": "15",
      "name": "C. Ronaldo #15",
      "folder_link":"file:///android_asset/15/",
      "image_cover": "143.webp",
      "stickers": [
        {
          "image_file": "141.webp"
        },
        {
          "image_file": "142.webp"
        },
        {
          "image_file": "143.webp"
        },
        {
          "image_file": "144.webp"
        },
        {
          "image_file": "145.webp"
        },
        {
          "image_file": "146.webp"
        },
        {
          "image_file": "147.webp"
        }
      ]
    }

  ]
}

