{
  "android_play_store_link": "",
  "sticker_packs": [
    {
      "identifier": "1",
      "name": "Yellow Dino Pack 1",
      "publisher": "GANESH",
      "tray_image_file": "15.webp",
      "image_data_version": "1",
      "avoid_cache": false,
      "publisher_email":"feedbacktomyapp@gmail.com",
      "publisher_website": "https://sites.google.com/view/programmingwithganesh/home",
      "privacy_policy_website": "https://sites.google.com/view/programmingwithganesh/home",
      "license_agreement_website": "https://sites.google.com/view/programmingwithganesh/home",
      "animated_sticker_pack": true,
      "stickers": [
        {
          "image_file": "1.webp",
          "emojis": [
            "â˜•",
            "ðŸ™‚"
          ]
        },
        {
          "image_file": "2.webp",
          "emojis": [
            "ðŸ˜„",
            "ðŸ˜€"
          ]
        },
        {
          "image_file": "3.webp",
          "emojis": [
            "ðŸ˜†",
            "ðŸ˜‚"
          ]
        },
        {
          "image_file": "4.webp",
          "emojis": [
            "ðŸ˜©",
            "ðŸ˜°"
          ]
        },
        {
          "image_file": "5.webp",
          "emojis": [
            "ðŸ˜­",
            "ðŸ’§"
          ]
        },
        {
          "image_file": "6.webp",
          "emojis": [
            "ðŸ˜",
            "â™¥"
          ]
        },
        {
          "image_file": "7.webp",
          "emojis": [
            "â˜•",
            "ðŸ™‚"
          ]
        },
        {
          "image_file": "8.webp",
          "emojis": [
            "ðŸ˜„",
            "ðŸ˜€"
          ]
        },
        {
          "image_file": "9.webp",
          "emojis": [
            "ðŸ˜†",
            "ðŸ˜‚"
          ]
        },
        {
          "image_file": "10.webp",
          "emojis": [
            "ðŸ˜©",
            "ðŸ˜°"
          ]
        },
        {
          "image_file": "11.webp",
          "emojis": [
            "ðŸ˜­",
            "ðŸ’§"
          ]
        },
        {
          "image_file": "12.webp",
          "emojis": [
            "ðŸ˜",
            "â™¥"
          ]
        },
        {
          "image_file": "13.webp",
          "emojis": [
            "ðŸ˜",
            "â™¥"
          ]
        },
        {
          "image_file": "14.webp",
          "emojis": [
            "â˜•",
            "ðŸ™‚"
          ]
        },
        {
          "image_file": "15.webp",
          "emojis": [
            "ðŸ˜„",
            "ðŸ˜€"
          ]
        }
      ]
    },
    {
      "identifier": "2",
      "name": "Yellow Dino Pack 2",
      "publisher": "GANESH",
      "tray_image_file": "tray.png",
      "image_data_version": "1",
      "avoid_cache": false,
      "publisher_email":"feedbacktomyapp@gmail.com",
      "publisher_website": "https://sites.google.com/view/programmingwithganesh/home",
      "privacy_policy_website": "https://sites.google.com/view/programmingwithganesh/home",
      "license_agreement_website": "https://sites.google.com/view/programmingwithganesh/home",
      "animated_sticker_pack": true,
      "stickers": [
        {
          "image_file": "1.webp",
          "emojis": [
            "â˜•",
            "ðŸ™‚"
          ]
        },
        {
          "image_file": "2.webp",
          "emojis": [
            "ðŸ˜„",
            "ðŸ˜€"
          ]
        },
        {
          "image_file": "3.webp",
          "emojis": [
            "ðŸ˜†",
            "ðŸ˜‚"
          ]
        },
        {
          "image_file": "4.webp",
          "emojis": [
            "ðŸ˜©",
            "ðŸ˜°"
          ]
        },
        {
          "image_file": "5.webp",
          "emojis": [
            "ðŸ˜­",
            "ðŸ’§"
          ]
        },
        {
          "image_file": "6.webp",
          "emojis": [
            "ðŸ˜",
            "â™¥"
          ]
        },
        {
          "image_file": "7.webp",
          "emojis": [
            "â˜•",
            "ðŸ™‚"
          ]
        },
        {
          "image_file": "8.webp",
          "emojis": [
            "ðŸ˜„",
            "ðŸ˜€"
          ]
        },
        {
          "image_file": "9.webp",
          "emojis": [
            "ðŸ˜†",
            "ðŸ˜‚"
          ]
        },
        {
          "image_file": "10.webp",
          "emojis": [
            "ðŸ˜©",
            "ðŸ˜°"
          ]
        },
        {
          "image_file": "11.webp",
          "emojis": [
            "ðŸ˜­",
            "ðŸ’§"
          ]
        },
        {
          "image_file": "12.webp",
          "emojis": [
            "ðŸ˜",
            "â™¥"
          ]
        },
        {
          "image_file": "13.webp",
          "emojis": [
            "ðŸ˜",
            "â™¥"
          ]
        },
        {
          "image_file": "14.webp",
          "emojis": [
            "â˜•",
            "ðŸ™‚"
          ]
        },
        {
          "image_file": "15.webp",
          "emojis": [
            "ðŸ˜„",
            "ðŸ˜€"
          ]
        }
      ]
    },
    {
      "identifier": "3",
      "name": "Yellow Dino Pack 3",
      "publisher": "GANESH",
      "tray_image_file": "14.webp",
      "image_data_version": "1",
      "avoid_cache": false,
      "publisher_email":"feedbacktomyapp@gmail.com",
      "publisher_website": "https://sites.google.com/view/programmingwithganesh/home",
      "privacy_policy_website": "https://sites.google.com/view/programmingwithganesh/home",
      "license_agreement_website": "https://sites.google.com/view/programmingwithganesh/home",
      "animated_sticker_pack": true,
      "stickers": [
        {
          "image_file": "1.webp",
          "emojis": [
            "â˜•",
            "ðŸ™‚"
          ]
        },
        {
          "image_file": "8.webp",
          "emojis": [
            "ðŸ˜„",
            "ðŸ˜€"
          ]
        },
        {
          "image_file": "9.webp",
          "emojis": [
            "ðŸ˜†",
            "ðŸ˜‚"
          ]
        },
        {
          "image_file": "10.webp",
          "emojis": [
            "ðŸ˜©",
            "ðŸ˜°"
          ]
        },
        {
          "image_file": "11.webp",
          "emojis": [
            "ðŸ˜­",
            "ðŸ’§"
          ]
        },
        {
          "image_file": "12.webp",
          "emojis": [
            "ðŸ˜",
            "â™¥"
          ]
        },
        {
          "image_file": "13.webp",
          "emojis": [
            "ðŸ˜",
            "â™¥"
          ]
        },
        {
          "image_file": "2.webp",
          "emojis": [
            "ðŸ˜„",
            "ðŸ˜€"
          ]
        },
        {
          "image_file": "3.webp",
          "emojis": [
            "ðŸ˜†",
            "ðŸ˜‚"
          ]
        },
        {
          "image_file": "4.webp",
          "emojis": [
            "ðŸ˜©",
            "ðŸ˜°"
          ]
        },
        {
          "image_file": "5.webp",
          "emojis": [
            "ðŸ˜­",
            "ðŸ’§"
          ]
        },
        {
          "image_file": "6.webp",
          "emojis": [
            "ðŸ˜",
            "â™¥"
          ]
        },
        {
          "image_file": "7.webp",
          "emojis": [
            "â˜•",
            "ðŸ™‚"
          ]
        },
        {
          "image_file": "14.webp",
          "emojis": [
            "â˜•",
            "ðŸ™‚"
          ]
        },
        {
          "image_file": "15.webp",
          "emojis": [
            "ðŸ˜„",
            "ðŸ˜€"
          ]
        }
      ]
    },
    {
      "identifier": "4",
      "name": "Yellow Dino Pack 4",
      "publisher": "GANESH",
      "tray_image_file": "8.webp",
      "image_data_version": "1",
      "avoid_cache": false,
      "publisher_email":"feedbacktomyapp@gmail.com",
      "publisher_website": "https://sites.google.com/view/programmingwithganesh/home",
      "privacy_policy_website": "https://sites.google.com/view/programmingwithganesh/home",
      "license_agreement_website": "https://sites.google.com/view/programmingwithganesh/home",
      "animated_sticker_pack": true,
      "stickers": [
        {
          "image_file": "1.webp",
          "emojis": [
            "â˜•",
            "ðŸ™‚"
          ]
        },
        {
          "image_file": "2.webp",
          "emojis": [
            "ðŸ˜„",
            "ðŸ˜€"
          ]
        },
        {
          "image_file": "4.webp",
          "emojis": [
            "ðŸ˜©",
            "ðŸ˜°"
          ]
        },
        {
          "image_file": "5.webp",
          "emojis": [
            "ðŸ˜­",
            "ðŸ’§"
          ]
        },
        {
          "image_file": "7.webp",
          "emojis": [
            "â˜•",
            "ðŸ™‚"
          ]
        },
        {
          "image_file": "8.webp",
          "emojis": [
            "ðŸ˜„",
            "ðŸ˜€"
          ]
        },
        {
          "image_file": "3.webp",
          "emojis": [
            "ðŸ˜†",
            "ðŸ˜‚"
          ]
        },
        {
          "image_file": "6.webp",
          "emojis": [
            "ðŸ˜",
            "â™¥"
          ]
        },
        {
          "image_file": "9.webp",
          "emojis": [
            "ðŸ˜†",
            "ðŸ˜‚"
          ]
        },
        {
          "image_file": "10.webp",
          "emojis": [
            "ðŸ˜©",
            "ðŸ˜°"
          ]
        },
        {
          "image_file": "11.webp",
          "emojis": [
            "ðŸ˜­",
            "ðŸ’§"
          ]
        },
        {
          "image_file": "12.webp",
          "emojis": [
            "ðŸ˜",
            "â™¥"
          ]
        },
        {
          "image_file": "13.webp",
          "emojis": [
            "ðŸ˜",
            "â™¥"
          ]
        },
        {
          "image_file": "14.webp",
          "emojis": [
            "â˜•",
            "ðŸ™‚"
          ]
        },
        {
          "image_file": "15.webp",
          "emojis": [
            "ðŸ˜„",
            "ðŸ˜€"
          ]
        }
      ]
    },
    {
      "identifier": "5",
      "name": "Yellow Dino Pack 5",
      "publisher": "GANESH",
      "tray_image_file": "7.webp",
      "image_data_version": "1",
      "avoid_cache": false,
      "publisher_email":"feedbacktomyapp@gmail.com",
      "publisher_website": "https://sites.google.com/view/programmingwithganesh/home",
      "privacy_policy_website": "https://sites.google.com/view/programmingwithganesh/home",
      "license_agreement_website": "https://sites.google.com/view/programmingwithganesh/home",
      "animated_sticker_pack": true,
      "stickers": [
        {
          "image_file": "1.webp",
          "emojis": [
            "â˜•",
            "ðŸ™‚"
          ]
        },
        {
          "image_file": "2.webp",
          "emojis": [
            "ðŸ˜„",
            "ðŸ˜€"
          ]
        },
        {
          "image_file": "3.webp",
          "emojis": [
            "ðŸ˜†",
            "ðŸ˜‚"
          ]
        },
        {
          "image_file": "4.webp",
          "emojis": [
            "ðŸ˜©",
            "ðŸ˜°"
          ]
        },
        {
          "image_file": "5.webp",
          "emojis": [
            "ðŸ˜­",
            "ðŸ’§"
          ]
        },
        {
          "image_file": "6.webp",
          "emojis": [
            "ðŸ˜",
            "â™¥"
          ]
        },
        {
          "image_file": "7.webp",
          "emojis": [
            "â˜•",
            "ðŸ™‚"
          ]
        },
        {
          "image_file": "8.webp",
          "emojis": [
            "ðŸ˜„",
            "ðŸ˜€"
          ]
        },
        {
          "image_file": "9.webp",
          "emojis": [
            "ðŸ˜†",
            "ðŸ˜‚"
          ]
        },
        {
          "image_file": "10.webp",
          "emojis": [
            "ðŸ˜©",
            "ðŸ˜°"
          ]
        },
        {
          "image_file": "11.webp",
          "emojis": [
            "ðŸ˜­",
            "ðŸ’§"
          ]
        },
        {
          "image_file": "12.webp",
          "emojis": [
            "ðŸ˜",
            "â™¥"
          ]
        },
        {
          "image_file": "13.webp",
          "emojis": [
            "ðŸ˜",
            "â™¥"
          ]
        },
        {
          "image_file": "14.webp",
          "emojis": [
            "â˜•",
            "ðŸ™‚"
          ]
        },
        {
          "image_file": "15.webp",
          "emojis": [
            "ðŸ˜„",
            "ðŸ˜€"
          ]
        }
      ]
    },
    {
      "identifier": "6",
      "name": "Yellow Dino Pack 6",
      "publisher": "GANESH",
      "tray_image_file": "11.webp",
      "image_data_version": "1",
      "avoid_cache": false,
      "publisher_email":"feedbacktomyapp@gmail.com",
      "publisher_website": "https://sites.google.com/view/programmingwithganesh/home",
      "privacy_policy_website": "https://sites.google.com/view/programmingwithganesh/home",
      "license_agreement_website": "https://sites.google.com/view/programmingwithganesh/home",
      "animated_sticker_pack": true,
      "stickers": [
        {
          "image_file": "1.webp",
          "emojis": [
            "â˜•",
            "ðŸ™‚"
          ]
        },
        {
          "image_file": "2.webp",
          "emojis": [
            "ðŸ˜„",
            "ðŸ˜€"
          ]
        },
        {
          "image_file": "3.webp",
          "emojis": [
            "ðŸ˜†",
            "ðŸ˜‚"
          ]
        },
        {
          "image_file": "4.webp",
          "emojis": [
            "ðŸ˜©",
            "ðŸ˜°"
          ]
        },
        {
          "image_file": "5.webp",
          "emojis": [
            "ðŸ˜­",
            "ðŸ’§"
          ]
        },
        {
          "image_file": "7.webp",
          "emojis": [
            "â˜•",
            "ðŸ™‚"
          ]
        },
        {
          "image_file": "8.webp",
          "emojis": [
            "ðŸ˜„",
            "ðŸ˜€"
          ]
        },
        {
          "image_file": "9.webp",
          "emojis": [
            "ðŸ˜†",
            "ðŸ˜‚"
          ]
        },
        {
          "image_file": "10.webp",
          "emojis": [
            "ðŸ˜©",
            "ðŸ˜°"
          ]
        },
        {
          "image_file": "6.webp",
          "emojis": [
            "ðŸ˜",
            "â™¥"
          ]
        },
        {
          "image_file": "11.webp",
          "emojis": [
            "ðŸ˜­",
            "ðŸ’§"
          ]
        },
        {
          "image_file": "12.webp",
          "emojis": [
            "ðŸ˜",
            "â™¥"
          ]
        },
        {
          "image_file": "13.webp",
          "emojis": [
            "ðŸ˜",
            "â™¥"
          ]
        },
        {
          "image_file": "14.webp",
          "emojis": [
            "â˜•",
            "ðŸ™‚"
          ]
        },
        {
          "image_file": "15.webp",
          "emojis": [
            "ðŸ˜„",
            "ðŸ˜€"
          ]
        }
      ]
    },
    {
      "identifier": "7",
      "name": "Yellow Dino Pack 7",
      "publisher": "GANESH",
      "tray_image_file": "tray.png",
      "image_data_version": "1",
      "avoid_cache": false,
      "publisher_email":"feedbacktomyapp@gmail.com",
      "publisher_website": "https://sites.google.com/view/programmingwithganesh/home",
      "privacy_policy_website": "https://sites.google.com/view/programmingwithganesh/home",
      "license_agreement_website": "https://sites.google.com/view/programmingwithganesh/home",
      "animated_sticker_pack": true,
      "stickers": [
        {
          "image_file": "1.webp",
          "emojis": [
            "â˜•",
            "ðŸ™‚"
          ]
        },
        {
          "image_file": "2.webp",
          "emojis": [
            "ðŸ˜„",
            "ðŸ˜€"
          ]
        },
        {
          "image_file": "3.webp",
          "emojis": [
            "ðŸ˜†",
            "ðŸ˜‚"
          ]
        },
        {
          "image_file": "4.webp",
          "emojis": [
            "ðŸ˜©",
            "ðŸ˜°"
          ]
        },
        {
          "image_file": "5.webp",
          "emojis": [
            "ðŸ˜­",
            "ðŸ’§"
          ]
        },
        {
          "image_file": "6.webp",
          "emojis": [
            "ðŸ˜",
            "â™¥"
          ]
        },
        {
          "image_file": "7.webp",
          "emojis": [
            "â˜•",
            "ðŸ™‚"
          ]
        },
        {
          "image_file": "8.webp",
          "emojis": [
            "ðŸ˜„",
            "ðŸ˜€"
          ]
        },
        {
          "image_file": "9.webp",
          "emojis": [
            "ðŸ˜†",
            "ðŸ˜‚"
          ]
        },
        {
          "image_file": "10.webp",
          "emojis": [
            "ðŸ˜©",
            "ðŸ˜°"
          ]
        },
        {
          "image_file": "11.webp",
          "emojis": [
            "ðŸ˜­",
            "ðŸ’§"
          ]
        },
        {
          "image_file": "12.webp",
          "emojis": [
            "ðŸ˜",
            "â™¥"
          ]
        },
        {
          "image_file": "13.webp",
          "emojis": [
            "ðŸ˜",
            "â™¥"
          ]
        },
        {
          "image_file": "14.webp",
          "emojis": [
            "â˜•",
            "ðŸ™‚"
          ]
        },
        {
          "image_file": "15.webp",
          "emojis": [
            "ðŸ˜„",
            "ðŸ˜€"
          ]
        }
      ]
    },
    {
      "identifier": "8",
      "name": "Yellow Dino Pack 8",
      "publisher": "GANESH",
      "tray_image_file": "10.webp",
      "image_data_version": "1",
      "avoid_cache": false,
      "publisher_email":"feedbacktomyapp@gmail.com",
      "publisher_website": "https://sites.google.com/view/programmingwithganesh/home",
      "privacy_policy_website": "https://sites.google.com/view/programmingwithganesh/home",
      "license_agreement_website": "https://sites.google.com/view/programmingwithganesh/home",
      "animated_sticker_pack": true,
      "stickers": [
        {
          "image_file": "1.webp",
          "emojis": [
            "â˜•",
            "ðŸ™‚"
          ]
        },
        {
          "image_file": "2.webp",
          "emojis": [
            "ðŸ˜„",
            "ðŸ˜€"
          ]
        },
        {
          "image_file": "3.webp",
          "emojis": [
            "ðŸ˜†",
            "ðŸ˜‚"
          ]
        },
        {
          "image_file": "4.webp",
          "emojis": [
            "ðŸ˜©",
            "ðŸ˜°"
          ]
        },
        {
          "image_file": "5.webp",
          "emojis": [
            "ðŸ˜­",
            "ðŸ’§"
          ]
        },
        {
          "image_file": "6.webp",
          "emojis": [
            "ðŸ˜",
            "â™¥"
          ]
        },
        {
          "image_file": "7.webp",
          "emojis": [
            "â˜•",
            "ðŸ™‚"
          ]
        },
        {
          "image_file": "8.webp",
          "emojis": [
            "ðŸ˜„",
            "ðŸ˜€"
          ]
        },
        {
          "image_file": "9.webp",
          "emojis": [
            "ðŸ˜†",
            "ðŸ˜‚"
          ]
        },
        {
          "image_file": "10.webp",
          "emojis": [
            "ðŸ˜©",
            "ðŸ˜°"
          ]
        },
        {
          "image_file": "11.webp",
          "emojis": [
            "ðŸ˜­",
            "ðŸ’§"
          ]
        },
        {
          "image_file": "12.webp",
          "emojis": [
            "ðŸ˜",
            "â™¥"
          ]
        },
        {
          "image_file": "13.webp",
          "emojis": [
            "ðŸ˜",
            "â™¥"
          ]
        }
      ]
    }
  ]
}