{
  "android_play_store_link": "",
  "ios_app_store_link": "",
  "sticker_packs": [
    {
      "identifier": "1",
      "name": "Manchester United",
      "publisher": "System truck",
      "tray_image_file": "I1.png",
      "image_data_version": "1",
      "avoid_cache": false,
      "publisher_email": "",
      "publisher_website": "",
      "privacy_policy_website": "",
      "license_agreement_website": "",
      "stickers": [
        {
          "image_file": "1S.webp",
          "emojis": [
            "☕",
            "🙂"
          ]
        },
        {
          "image_file": "2S.webp",
          "emojis": [
            "😄",
            "😀"
          ]
        },
        {
          "image_file": "3S.webp",
          "emojis": [
            "😆",
            "😂"
          ]
        },
        {
          "image_file": "4S.webp",
          "emojis": [
            "😩",
            "😰"
          ]
        },
        {
          "image_file": "5S.webp",
          "emojis": [
            "😭",
            "💧"
          ]
        },
        {
          "image_file": "6S.webp",
          "emojis": [
            "😍",
            "♥"
          ]
        },
        {
          "image_file": "7S.webp",
          "emojis": [
            "💔",
            "👎"
          ]
        },
        {
          "image_file": "8S.webp",
          "emojis": [
            "😍",
            "💑"
          ]
        },
        {
          "image_file": "9S.webp",
          "emojis": [
            "😘",
            "🍪"
          ]
        },
        {
          "image_file": "10S.webp",
          "emojis": [
            "🤔",
            "😐"
          ]
        },
        {
          "image_file": "11S.webp",
          "emojis": [
            "😱",
            "😵"
          ]
        },
        {
          "image_file": "12S.webp",
          "emojis": [
            "😡",
            "😠"
          ]
        },
        {
          "image_file": "13S.webp",
          "emojis": [
            "❓",
            "🤔"
          ]
        },
        {
          "image_file": "14S.webp",
          "emojis": [
            "🌈",
            "😜"
          ]
        },
        {
          "image_file": "15S.webp",
          "emojis": [
            "💻",
            "😩"
          ]
        },
        {
          "image_file": "16S.webp",
          "emojis": [
            "😡",
            "😤"
          ]
        },
        {
          "image_file": "17S.webp",
          "emojis": [
            "😩",
            "😨"
          ]
        },
        {
          "image_file": "18S.webp",
          "emojis": [
            "💻",
            "🌃"
          ]
        },
        {
          "image_file": "19S.webp",
          "emojis": [
            "🎉",
            "✨"
          ]
        },
        {
          "image_file": "20S.webp",
          "emojis": [
            "🤮",
            "👎"
          ]
        }
      ]
    },

    {
      "identifier": "2",
      "name": "Portugal",
      "publisher": "System truck",
      "tray_image_file": "I1.png",
      "image_data_version": "1",
      "avoid_cache": false,
      "publisher_email": "",
      "publisher_website": "",
      "privacy_policy_website": "",
      "license_agreement_website": "",
      "stickers": [
        {
          "image_file": "1S.webp",
          "emojis": [
            "☕",
            "🙂"
          ]
        },
        {
          "image_file": "2S.webp",
          "emojis": [
            "😄",
            "😀"
          ]
        },
        {
          "image_file": "3S.webp",
          "emojis": [
            "😆",
            "😂"
          ]
        },
        {
          "image_file": "4S.webp",
          "emojis": [
            "😩",
            "😰"
          ]
        },
        {
          "image_file": "5S.webp",
          "emojis": [
            "😭",
            "💧"
          ]
        },
        {
          "image_file": "6S.webp",
          "emojis": [
            "😍",
            "♥"
          ]
        },
        {
          "image_file": "7S.webp",
          "emojis": [
            "💔",
            "👎"
          ]
        },
        {
          "image_file": "8S.webp",
          "emojis": [
            "😍",
            "💑"
          ]
        },
        {
          "image_file": "9S.webp",
          "emojis": [
            "😘",
            "🍪"
          ]
        },
        {
          "image_file": "10S.webp",
          "emojis": [
            "🤔",
            "😐"
          ]
        },
        {
          "image_file": "11S.webp",
          "emojis": [
            "😱",
            "😵"
          ]
        },
        {
          "image_file": "12S.webp",
          "emojis": [
            "😡",
            "😠"
          ]
        },
        {
          "image_file": "13S.webp",
          "emojis": [
            "❓",
            "🤔"
          ]
        },
        {
          "image_file": "14S.webp",
          "emojis": [
            "🌈",
            "😜"
          ]
        },
        {
          "image_file": "15S.webp",
          "emojis": [
            "💻",
            "😩"
          ]
        },
        {
          "image_file": "16S.webp",
          "emojis": [
            "😡",
            "😤"
          ]
        },
        {
          "image_file": "17S.webp",
          "emojis": [
            "😩",
            "😨"
          ]
        },
        {
          "image_file": "18S.webp",
          "emojis": [
            "💻",
            "🌃"
          ]
        },
        {
          "image_file": "19S.webp",
          "emojis": [
            "🎉",
            "✨"
          ]
        },
        {
          "image_file": "20S.webp",
          "emojis": [
            "🤮",
            "👎"
          ]
        }
      ]
    },
    {
      "identifier": "3",
      "name": "Real Madrid",
      "publisher": "System truck",
      "tray_image_file": "I1.png",
      "image_data_version": "1",
      "avoid_cache": false,
      "publisher_email": "",
      "publisher_website": "",
      "privacy_policy_website": "",
      "license_agreement_website": "",
      "stickers": [
        {
          "image_file": "1S.webp",
          "emojis": [
            "☕",
            "🙂"
          ]
        },
        {
          "image_file": "2S.webp",
          "emojis": [
            "😄",
            "😀"
          ]
        },
        {
          "image_file": "3S.webp",
          "emojis": [
            "😆",
            "😂"
          ]
        },
        {
          "image_file": "4S.webp",
          "emojis": [
            "😩",
            "😰"
          ]
        },
        {
          "image_file": "5S.webp",
          "emojis": [
            "😭",
            "💧"
          ]
        },
        {
          "image_file": "6S.webp",
          "emojis": [
            "😍",
            "♥"
          ]
        },
        {
          "image_file": "7S.webp",
          "emojis": [
            "💔",
            "👎"
          ]
        },
        {
          "image_file": "8S.webp",
          "emojis": [
            "😍",
            "💑"
          ]
        },
        {
          "image_file": "9S.webp",
          "emojis": [
            "😘",
            "🍪"
          ]
        },
        {
          "image_file": "10S.webp",
          "emojis": [
            "🤔",
            "😐"
          ]
        },
        {
          "image_file": "11S.webp",
          "emojis": [
            "😱",
            "😵"
          ]
        },
        {
          "image_file": "12S.webp",
          "emojis": [
            "😡",
            "😠"
          ]
        },
        {
          "image_file": "13S.webp",
          "emojis": [
            "❓",
            "🤔"
          ]
        },
        {
          "image_file": "14S.webp",
          "emojis": [
            "🌈",
            "😜"
          ]
        },
        {
          "image_file": "15S.webp",
          "emojis": [
            "💻",
            "😩"
          ]
        },
        {
          "image_file": "16S.webp",
          "emojis": [
            "😡",
            "😤"
          ]
        },
        {
          "image_file": "17S.webp",
          "emojis": [
            "😩",
            "😨"
          ]
        }
      ]
    },
    {
      "identifier": "4",
      "name": "Juventus",
      "publisher": "System truck",
      "tray_image_file": "I1.png",
      "image_data_version": "1",
      "avoid_cache": false,
      "publisher_email": "",
      "publisher_website": "",
      "privacy_policy_website": "",
      "license_agreement_website": "",
      "stickers": [
        {
          "image_file": "1S.webp",
          "emojis": [
            "☕",
            "🙂"
          ]
        },
        {
          "image_file": "2S.webp",
          "emojis": [
            "😄",
            "😀"
          ]
        },
        {
          "image_file": "3S.webp",
          "emojis": [
            "😆",
            "😂"
          ]
        },
        {
          "image_file": "4S.webp",
          "emojis": [
            "😩",
            "😰"
          ]
        },
        {
          "image_file": "5S.webp",
          "emojis": [
            "😭",
            "💧"
          ]
        },
        {
          "image_file": "6S.webp",
          "emojis": [
            "😍",
            "♥"
          ]
        },
        {
          "image_file": "7S.webp",
          "emojis": [
            "💔",
            "👎"
          ]
        },
        {
          "image_file": "8S.webp",
          "emojis": [
            "😍",
            "💑"
          ]
        },
        {
          "image_file": "9S.webp",
          "emojis": [
            "😘",
            "🍪"
          ]
        },
        {
          "image_file": "10S.webp",
          "emojis": [
            "🤔",
            "😐"
          ]
        },
        {
          "image_file": "11S.webp",
          "emojis": [
            "😱",
            "😵"
          ]
        },
        {
          "image_file": "12S.webp",
          "emojis": [
            "😡",
            "😠"
          ]
        },
        {
          "image_file": "13S.webp",
          "emojis": [
            "❓",
            "🤔"
          ]
        },
        {
          "image_file": "14S.webp",
          "emojis": [
            "🌈",
            "😜"
          ]
        },
        {
          "image_file": "15S.webp",
          "emojis": [
            "💻",
            "😩"
          ]
        }
      ]
    }


  ]
}
