{
  "android_play_store_link": "",
  "ios_app_store_link": "",
  "sticker_packs": [
    {
      "identifier": "1",
      "name": "Ronaldo 1",
      "publisher": "GANESH",
      "tray_image_file": "tray.png",
      "image_data_version": "1",
      "avoid_cache": false,
      "publisher_email":"feedbacktomyapp@gmail.com",
      "publisher_website": "https://sites.google.com/view/programmingwithganesh/home",
      "privacy_policy_website": "https://sites.google.com/view/programmingwithganesh/home",
      "license_agreement_website": "https://sites.google.com/view/programmingwithganesh/home",
      "stickers": [
        {
          "image_file": "1.webp",
          "emojis": [
            "☕",
            "🙂"
          ]
        },
        {
          "image_file": "2.webp",
          "emojis": [
            "😄",
            "😀"
          ]
        },
        {
          "image_file": "3.webp",
          "emojis": [
            "😆",
            "😂"
          ]
        },
        {
          "image_file": "4.webp",
          "emojis": [
            "😩",
            "😰"
          ]
        },
        {
          "image_file": "5.webp",
          "emojis": [
            "😭",
            "💧"
          ]
        },
        {
          "image_file": "6.webp",
          "emojis": [
            "😍",
            "♥"
          ]
        },
        {
          "image_file": "7.webp",
          "emojis": [
            "💔",
            "👎"
          ]
        },
        {
          "image_file": "8.webp",
          "emojis": [
            "😍",
            "💑"
          ]
        },
        {
          "image_file": "9.webp",
          "emojis": [
            "😘",
            "🍪"
          ]
        },
        {
          "image_file": "10.webp",
          "emojis": [
            "🤔",
            "😐"
          ]
        },
        {
          "image_file": "11.webp",
          "emojis": [
            "😱",
            "😵"
          ]
        },
        {
          "image_file": "12.webp",
          "emojis": [
            "😡",
            "😠"
          ]
        },
        {
          "image_file": "15.webp",
          "emojis": [
            "💻",
            "😩"
          ]
        },
        {
          "image_file": "16.webp",
          "emojis": [
            "😱",
            "😵"
          ]
        },
        {
          "image_file": "17.webp",
          "emojis": [
            "😡",
            "😠"
          ]
        },
        {
          "image_file": "18.webp",
          "emojis": [
            "❓",
            "🤔"
          ]
        },
        {
          "image_file": "19.webp",
          "emojis": [
            "🌈",
            "😜"
          ]
        },
        {
          "image_file": "20.webp",
          "emojis": [
            "💻",
            "😩"
          ]
        },
        {
          "image_file": "21.webp",
          "emojis": [
            "😱",
            "😵"
          ]
        },
        {
          "image_file": "22.webp",
          "emojis": [
            "😡",
            "😠"
          ]
        },
        {
          "image_file": "23.webp",
          "emojis": [
            "❓",
            "🤔"
          ]
        },
        {
          "image_file": "24.webp",
          "emojis": [
            "🌈",
            "😜"
          ]
        },
        {
          "image_file": "25.webp",
          "emojis": [
            "💻",
            "😩"
          ]
        },
        {
          "image_file": "26.webp",
          "emojis": [
            "😱",
            "😵"
          ]
        },
        {
          "image_file": "27.webp",
          "emojis": [
            "😡",
            "😠"
          ]
        }
      ]
    },
    {
      "identifier": "2",
      "name": "Ronaldo 2",
      "publisher": "GANESH",
      "tray_image_file": "I1.png",
      "image_data_version": "1",
      "avoid_cache": false,
      "publisher_email":"feedbacktomyapp@gmail.com",
      "publisher_website": "https://sites.google.com/view/programmingwithganesh/home",
      "privacy_policy_website": "https://sites.google.com/view/programmingwithganesh/home",
      "license_agreement_website": "https://sites.google.com/view/programmingwithganesh/home",
      "stickers": [
        {
          "image_file": "1S.webp",
          "emojis": [
            "☕",
            "🙂"
          ]
        },
        {
          "image_file": "2S.webp",
          "emojis": [
            "😄",
            "😀"
          ]
        },
        {
          "image_file": "3S.webp",
          "emojis": [
            "😆",
            "😂"
          ]
        },
        {
          "image_file": "4S.webp",
          "emojis": [
            "😩",
            "😰"
          ]
        },
        {
          "image_file": "5S.webp",
          "emojis": [
            "😭",
            "💧"
          ]
        },
        {
          "image_file": "6S.webp",
          "emojis": [
            "😍",
            "♥"
          ]
        },
        {
          "image_file": "7S.webp",
          "emojis": [
            "💔",
            "👎"
          ]
        },
        {
          "image_file": "8S.webp",
          "emojis": [
            "😍",
            "💑"
          ]
        },
        {
          "image_file": "9S.webp",
          "emojis": [
            "😘",
            "🍪"
          ]
        },
        {
          "image_file": "10S.webp",
          "emojis": [
            "🤔",
            "😐"
          ]
        },
        {
          "image_file": "11S.webp",
          "emojis": [
            "😱",
            "😵"
          ]
        },
        {
          "image_file": "12S.webp",
          "emojis": [
            "😡",
            "😠"
          ]
        },
        {
          "image_file": "13S.webp",
          "emojis": [
            "❓",
            "🤔"
          ]
        },
        {
          "image_file": "14S.webp",
          "emojis": [
            "🌈",
            "😜"
          ]
        },
        {
          "image_file": "15S.webp",
          "emojis": [
            "💻",
            "😩"
          ]
        }
      ]
    },
    {
      "identifier": "3",
      "name": "Ronaldo 3",
      "publisher": "GANESH",
      "tray_image_file": "I1.png",
      "image_data_version": "1",
      "avoid_cache": false,
      "publisher_email":"feedbacktomyapp@gmail.com",
      "publisher_website": "https://sites.google.com/view/programmingwithganesh/home",
      "privacy_policy_website": "https://sites.google.com/view/programmingwithganesh/home",
      "license_agreement_website": "https://sites.google.com/view/programmingwithganesh/home",
      "stickers": [
        {
          "image_file": "1S.webp",
          "emojis": [
            "☕",
            "🙂"
          ]
        },
        {
          "image_file": "2S.webp",
          "emojis": [
            "😄",
            "😀"
          ]
        },
        {
          "image_file": "3S.webp",
          "emojis": [
            "😆",
            "😂"
          ]
        },
        {
          "image_file": "4S.webp",
          "emojis": [
            "😩",
            "😰"
          ]
        },
        {
          "image_file": "5S.webp",
          "emojis": [
            "😭",
            "💧"
          ]
        },
        {
          "image_file": "6S.webp",
          "emojis": [
            "😍",
            "♥"
          ]
        },
        {
          "image_file": "7S.webp",
          "emojis": [
            "💔",
            "👎"
          ]
        },
        {
          "image_file": "8S.webp",
          "emojis": [
            "😍",
            "💑"
          ]
        },
        {
          "image_file": "9S.webp",
          "emojis": [
            "😘",
            "🍪"
          ]
        },
        {
          "image_file": "10S.webp",
          "emojis": [
            "🤔",
            "😐"
          ]
        },
        {
          "image_file": "11S.webp",
          "emojis": [
            "😱",
            "😵"
          ]
        },
        {
          "image_file": "12S.webp",
          "emojis": [
            "😡",
            "😠"
          ]
        },
        {
          "image_file": "13S.webp",
          "emojis": [
            "❓",
            "🤔"
          ]
        },
        {
          "image_file": "14S.webp",
          "emojis": [
            "🌈",
            "😜"
          ]
        },
        {
          "image_file": "15S.webp",
          "emojis": [
            "💻",
            "😩"
          ]
        },
        {
          "image_file": "16S.webp",
          "emojis": [
            "😡",
            "😤"
          ]
        },
        {
          "image_file": "17S.webp",
          "emojis": [
            "😩",
            "😨"
          ]
        },
        {
          "image_file": "18S.webp",
          "emojis": [
            "💻",
            "🌃"
          ]
        },
        {
          "image_file": "19S.webp",
          "emojis": [
            "🎉",
            "✨"
          ]
        },
        {
          "image_file": "20S.webp",
          "emojis": [
            "🤮",
            "👎"
          ]
        }
      ]
    },
    {
      "identifier": "4",
      "name": "Ronaldo 4",
      "publisher": "GANESH",
      "tray_image_file": "I1.png",
      "image_data_version": "1",
      "avoid_cache": false,
      "publisher_email":"feedbacktomyapp@gmail.com",
      "publisher_website": "https://sites.google.com/view/programmingwithganesh/home",
      "privacy_policy_website": "https://sites.google.com/view/programmingwithganesh/home",
      "license_agreement_website": "https://sites.google.com/view/programmingwithganesh/home",
      "stickers": [
        {
          "image_file": "1S.webp",
          "emojis": [
            "☕",
            "🙂"
          ]
        },
        {
          "image_file": "2S.webp",
          "emojis": [
            "😄",
            "😀"
          ]
        },
        {
          "image_file": "3S.webp",
          "emojis": [
            "😆",
            "😂"
          ]
        },
        {
          "image_file": "4S.webp",
          "emojis": [
            "😩",
            "😰"
          ]
        },
        {
          "image_file": "5S.webp",
          "emojis": [
            "😭",
            "💧"
          ]
        },
        {
          "image_file": "6S.webp",
          "emojis": [
            "😍",
            "♥"
          ]
        },
        {
          "image_file": "7S.webp",
          "emojis": [
            "💔",
            "👎"
          ]
        },
        {
          "image_file": "8S.webp",
          "emojis": [
            "😍",
            "💑"
          ]
        },
        {
          "image_file": "9S.webp",
          "emojis": [
            "😘",
            "🍪"
          ]
        },
        {
          "image_file": "10S.webp",
          "emojis": [
            "🤔",
            "😐"
          ]
        },
        {
          "image_file": "11S.webp",
          "emojis": [
            "😱",
            "😵"
          ]
        },
        {
          "image_file": "12S.webp",
          "emojis": [
            "😡",
            "😠"
          ]
        },
        {
          "image_file": "13S.webp",
          "emojis": [
            "❓",
            "🤔"
          ]
        },
        {
          "image_file": "14S.webp",
          "emojis": [
            "🌈",
            "😜"
          ]
        },
        {
          "image_file": "15S.webp",
          "emojis": [
            "💻",
            "😩"
          ]
        },
        {
          "image_file": "16S.webp",
          "emojis": [
            "😡",
            "😤"
          ]
        },
        {
          "image_file": "17S.webp",
          "emojis": [
            "😩",
            "😨"
          ]
        }
      ]
    },
    {
      "identifier": "5",
      "name": "Ronaldo 5",
      "publisher": "GANESH",
      "tray_image_file": "I1.png",
      "image_data_version": "1",
      "avoid_cache": false,
      "publisher_email":"feedbacktomyapp@gmail.com",
      "publisher_website": "https://sites.google.com/view/programmingwithganesh/home",
      "privacy_policy_website": "https://sites.google.com/view/programmingwithganesh/home",
      "license_agreement_website": "https://sites.google.com/view/programmingwithganesh/home",
      "stickers": [
        {
          "image_file": "1S.webp",
          "emojis": [
            "☕",
            "🙂"
          ]
        },
        {
          "image_file": "2S.webp",
          "emojis": [
            "😄",
            "😀"
          ]
        },
        {
          "image_file": "3S.webp",
          "emojis": [
            "😆",
            "😂"
          ]
        },
        {
          "image_file": "4S.webp",
          "emojis": [
            "😩",
            "😰"
          ]
        },
        {
          "image_file": "5S.webp",
          "emojis": [
            "😭",
            "💧"
          ]
        },
        {
          "image_file": "6S.webp",
          "emojis": [
            "😍",
            "♥"
          ]
        },
        {
          "image_file": "7S.webp",
          "emojis": [
            "💔",
            "👎"
          ]
        },
        {
          "image_file": "8S.webp",
          "emojis": [
            "😍",
            "💑"
          ]
        },
        {
          "image_file": "9S.webp",
          "emojis": [
            "😘",
            "🍪"
          ]
        },
        {
          "image_file": "10S.webp",
          "emojis": [
            "🤔",
            "😐"
          ]
        },
        {
          "image_file": "11S.webp",
          "emojis": [
            "😱",
            "😵"
          ]
        },
        {
          "image_file": "12S.webp",
          "emojis": [
            "😡",
            "😠"
          ]
        },
        {
          "image_file": "13S.webp",
          "emojis": [
            "❓",
            "🤔"
          ]
        },
        {
          "image_file": "14S.webp",
          "emojis": [
            "🌈",
            "😜"
          ]
        },
        {
          "image_file": "15S.webp",
          "emojis": [
            "💻",
            "😩"
          ]
        },
        {
          "image_file": "16S.webp",
          "emojis": [
            "😡",
            "😤"
          ]
        },
        {
          "image_file": "17S.webp",
          "emojis": [
            "😩",
            "😨"
          ]
        },
        {
          "image_file": "18S.webp",
          "emojis": [
            "💻",
            "🌃"
          ]
        },
        {
          "image_file": "19S.webp",
          "emojis": [
            "🎉",
            "✨"
          ]
        },
        {
          "image_file": "20S.webp",
          "emojis": [
            "🤮",
            "👎"
          ]
        }
      ]
    }
  ]
}
