{
  "android_play_store_link": "https://play.google.com/store/apps/details?id=peach.goma",
  "ios_app_store_link": "",
  "sticker_packs": [
    {
      "identifier": "27",
      "name": "Peach 1",
      "publisher": "Pack 1 ",
      "username": "SJS Software",
      "date": "01-07-2023",
      "tray_image_file": "icon.png",
      "image_data_version":"1",
      "avoid_cache":false,
      "publisher_email":"",
"animated_sticker_pack": true,
      "publisher_website": "",
      "privacy_policy_website": "",
      "license_agreement_website": "",
      "stickers": [
        {
          "image_file": "1.webp",
          "emojis": ["☕","🙂"]
        },
        {
          "image_file": "2.webp",
          "emojis": ["😄","😀"]
        },
        {
          "image_file": "3.webp",
          "emojis": ["😆","😂"]
        },
        {
          "image_file": "4.webp",
          "emojis": ["😩","😰"]
        },
        {
          "image_file": "5.webp",
          "emojis": ["😭","💧"]
        },
        {
          "image_file": "6.webp",
          "emojis": ["😍","♥"]
        },
        {
          "image_file": "7.webp",
          "emojis": ["💔","👎"]
        },
        {
          "image_file": "8.webp",
          "emojis": ["😍","💑"]
        },
        {
          "image_file": "9.webp",
          "emojis": ["😘","🍪"]
        },
        {
          "image_file": "10.webp",
          "emojis": ["🤔","😐"]
        }
      ]
    },

    {
      "identifier": "1",
      "name": "Goma 1",
       "publisher": "Pack 2",
      "username": "SJS Software",
      "date": "01-07-2023",
      "tray_image_file": "icon.png",
      "image_data_version":"1",
      "avoid_cache":false,
      "publisher_email":"",
"animated_sticker_pack": true,
      "publisher_website": "",
      "privacy_policy_website": "",
      "license_agreement_website": "",
      "stickers": [
        {
          "image_file": "1.webp",
          "emojis": ["☕","🙂"]
        },
        {
          "image_file": "2.webp",
          "emojis": ["😄","😀"]
        },
        {
          "image_file": "3.webp",
          "emojis": ["😆","😂"]
        },
        {
          "image_file": "4.webp",
          "emojis": ["😩","😰"]
        },
        {
          "image_file": "5.webp",
          "emojis": ["😭","💧"]
        },
        {
          "image_file": "6.webp",
          "emojis": ["😍","♥"]
        },
        {
          "image_file": "7.webp",
          "emojis": ["💔","👎"]
        },
        {
          "image_file": "8.webp",
          "emojis": ["😍","💑"]
        },
        {
          "image_file": "9.webp",
          "emojis": ["😘","🍪"]
        },
        {
          "image_file": "10.webp",
          "emojis": ["🤔","😐"]
        }

      ]
    },
    {
      "identifier": "2",
      "name": "Peach 2",
       "publisher": "Pack 3",
   "username": "SJS Software",
      "date": "01-07-2023",
      "tray_image_file": "icon.png",
      "image_data_version":"1",
      "avoid_cache":false,
      "publisher_email":"",
"animated_sticker_pack": true,
      "publisher_website": "",
      "privacy_policy_website": "",
      "license_agreement_website": "",
      "stickers": [
        {
          "image_file": "1.webp",
          "emojis": ["☕","🙂"]
        },
        {
          "image_file": "2.webp",
          "emojis": ["😄","😀"]
        },
        {
          "image_file": "3.webp",
          "emojis": ["😆","😂"]
        },
        {
          "image_file": "4.webp",
          "emojis": ["😩","😰"]
        },
        {
          "image_file": "5.webp",
          "emojis": ["😭","💧"]
        },
        {
          "image_file": "6.webp",
          "emojis": ["😍","♥"]
        },
        {
          "image_file": "7.webp",
          "emojis": ["💔","👎"]
        },
        {
          "image_file": "8.webp",
          "emojis": ["😍","💑"]
        },
        {
          "image_file": "9.webp",
          "emojis": ["😘","🍪"]
        },
        {
          "image_file": "10.webp",
          "emojis": ["🤔","😐"]
        }
      ]
    },

    {
      "identifier": "28",
      "name": "Goma 2",
      "publisher": "Pack 4",
      "username": "SJS Software",
      "date": "01-07-2023",
      "tray_image_file": "icon.png",
      "image_data_version":"1",
      "avoid_cache":false,
      "publisher_email":"",
"animated_sticker_pack": true,
      "publisher_website": "",
      "privacy_policy_website": "",
      "license_agreement_website": "",
      "stickers": [
        {
          "image_file": "1.webp",
          "emojis": ["☕","🙂"]
        },
        {
          "image_file": "2.webp",
          "emojis": ["😄","😀"]
        },
        {
          "image_file": "3.webp",
          "emojis": ["😆","😂"]
        },
        {
          "image_file": "4.webp",
          "emojis": ["😩","😰"]
        },
        {
          "image_file": "5.webp",
          "emojis": ["😭","💧"]
        },
        {
          "image_file": "6.webp",
          "emojis": ["😍","♥"]
        },
        {
          "image_file": "7.webp",
          "emojis": ["💔","👎"]
        },
        {
          "image_file": "8.webp",
          "emojis": ["😍","💑"]
        },
        {
          "image_file": "9.webp",
          "emojis": ["😘","🍪"]
        },
        {
          "image_file": "10.webp",
          "emojis": ["🤔","😐"]
        }
      ]
    },
    {
      "identifier": "29",
      "name": "Peach 3",
      "publisher": "Pack 5",
      "username": "SJS Software",
      "date": "01-07-2023",
      "tray_image_file": "icon.png",
      "image_data_version":"1",
      "avoid_cache":false,
      "publisher_email":"",
"animated_sticker_pack": true,
      "publisher_website": "",
      "privacy_policy_website": "",
      "license_agreement_website": "",
      "stickers": [
        {
          "image_file": "1.webp",
          "emojis": ["☕","🙂"]
        },
        {
          "image_file": "2.webp",
          "emojis": ["😄","😀"]
        },
        {
          "image_file": "3.webp",
          "emojis": ["😆","😂"]
        },
        {
          "image_file": "4.webp",
          "emojis": ["😩","😰"]
        },
        {
          "image_file": "5.webp",
          "emojis": ["😭","💧"]
        },
        {
          "image_file": "6.webp",
          "emojis": ["😍","♥"]
        },
        {
          "image_file": "7.webp",
          "emojis": ["💔","👎"]
        },
        {
          "image_file": "8.webp",
          "emojis": ["😍","💑"]
        },
        {
          "image_file": "9.webp",
          "emojis": ["😘","🍪"]
        },
        {
          "image_file": "10.webp",
          "emojis": ["🤔","😐"]
        }
      ]
    },
    {
      "identifier": "3",
      "name": "Goma 3",
       "publisher": "Pack 6",
      "username": "SJS Software",
      "date": "01-07-2023",
      "tray_image_file": "icon.png",
      "image_data_version":"1",
      "avoid_cache":false,
      "publisher_email":"",
"animated_sticker_pack": true,
      "publisher_website": "",
      "privacy_policy_website": "",
      "license_agreement_website": "",
      "stickers": [
        {
          "image_file": "1.webp",
          "emojis": ["☕","🙂"]
        },
        {
          "image_file": "2.webp",
          "emojis": ["😄","😀"]
        },
        {
          "image_file": "3.webp",
          "emojis": ["😆","😂"]
        },
        {
          "image_file": "4.webp",
          "emojis": ["😩","😰"]
        },
        {
          "image_file": "5.webp",
          "emojis": ["😭","💧"]
        },
        {
          "image_file": "6.webp",
          "emojis": ["😍","♥"]
        },
        {
          "image_file": "7.webp",
          "emojis": ["💔","👎"]
        },
        {
          "image_file": "8.webp",
          "emojis": ["😍","💑"]
        },
        {
          "image_file": "9.webp",
          "emojis": ["😘","🍪"]
        },
        {
          "image_file": "10.webp",
          "emojis": ["🤔","😐"]
        }

      ]
    },
    {
      "identifier": "4",
      "name": "Peach 4",
      "publisher": "Pack 7",
      "username": "SJS Software",
      "date": "01-07-2023",
      "tray_image_file": "icon.png",
      "image_data_version":"1",
      "avoid_cache":false,
      "publisher_email":"",
"animated_sticker_pack": true,
      "publisher_website": "",
      "privacy_policy_website": "",
      "license_agreement_website": "",
      "stickers": [
        {
          "image_file": "1.webp",
          "emojis": ["☕","🙂"]
        },
        {
          "image_file": "2.webp",
          "emojis": ["😄","😀"]
        },
        {
          "image_file": "3.webp",
          "emojis": ["😆","😂"]
        },
        {
          "image_file": "4.webp",
          "emojis": ["😩","😰"]
        },
        {
          "image_file": "5.webp",
          "emojis": ["😭","💧"]
        },
        {
          "image_file": "6.webp",
          "emojis": ["😍","♥"]
        },
        {
          "image_file": "7.webp",
          "emojis": ["💔","👎"]
        },
        {
          "image_file": "8.webp",
          "emojis": ["😍","💑"]
        },
        {
          "image_file": "9.webp",
          "emojis": ["😘","🍪"]
        },
        {
          "image_file": "10.webp",
          "emojis": ["🤔","😐"]
        }

      ]
    },
    {
      "identifier": "30",
      "name": "Goma 4",
      "publisher": "Pack 8",
      "username": "SJS Software",
      "date": "01-07-2023",
      "tray_image_file": "icon.png",
      "image_data_version":"1",
      "avoid_cache":false,
      "publisher_email":"",
"animated_sticker_pack": true,
      "publisher_website": "",
      "privacy_policy_website": "",
      "license_agreement_website": "",
      "stickers": [
        {
          "image_file": "1.webp",
          "emojis": ["☕","🙂"]
        },
        {
          "image_file": "2.webp",
          "emojis": ["😄","😀"]
        },
        {
          "image_file": "3.webp",
          "emojis": ["😆","😂"]
        },
        {
          "image_file": "4.webp",
          "emojis": ["😩","😰"]
        },
        {
          "image_file": "5.webp",
          "emojis": ["😭","💧"]
        },
        {
          "image_file": "6.webp",
          "emojis": ["😍","♥"]
        },
        {
          "image_file": "7.webp",
          "emojis": ["💔","👎"]
        },
        {
          "image_file": "8.webp",
          "emojis": ["😍","💑"]
        },
        {
          "image_file": "9.webp",
          "emojis": ["😘","🍪"]
        },
        {
          "image_file": "10.webp",
          "emojis": ["🤔","😐"]
        }

      ]
    },
    {
      "identifier": "5",
      "name": "Peach and Goma 1",
       "publisher": "Pack 9",
   "username": "Couples",
      "date": "01-07-2023",
      "tray_image_file": "icon.png",
      "image_data_version":"1",
      "avoid_cache":false,
      "publisher_email":"",
"animated_sticker_pack": true,
      "publisher_website": "",
      "privacy_policy_website": "",
      "license_agreement_website": "",
      "stickers": [
        {
          "image_file": "1.webp",
          "emojis": ["☕","🙂"]
        },
        {
          "image_file": "2.webp",
          "emojis": ["😄","😀"]
        },
        {
          "image_file": "3.webp",
          "emojis": ["😆","😂"]
        },
        {
          "image_file": "4.webp",
          "emojis": ["😩","😰"]
        },
        {
          "image_file": "5.webp",
          "emojis": ["😭","💧"]
        },
        {
          "image_file": "6.webp",
          "emojis": ["😍","♥"]
        },
        {
          "image_file": "7.webp",
          "emojis": ["💔","👎"]
        },
        {
          "image_file": "8.webp",
          "emojis": ["😍","💑"]
        },
        {
          "image_file": "9.webp",
          "emojis": ["😘","🍪"]
        },
        {
          "image_file": "10.webp",
          "emojis": ["🤔","😐"]
        }

      ]
    },
    {
      "identifier": "6",
      "name": "Peach and Goma 2",
       "publisher": "Pack 10",
   "username": "Couples",
      "date": "01-07-2023",
      "tray_image_file": "icon.png",
      "image_data_version":"1",
      "avoid_cache":false,
      "publisher_email":"",
"animated_sticker_pack": true,
      "publisher_website": "",
      "privacy_policy_website": "",
      "license_agreement_website": "",
      "stickers": [
        {
          "image_file": "1.webp",
          "emojis": ["☕","🙂"]
        },
        {
          "image_file": "2.webp",
          "emojis": ["😄","😀"]
        },
        {
          "image_file": "3.webp",
          "emojis": ["😆","😂"]
        },
        {
          "image_file": "4.webp",
          "emojis": ["😩","😰"]
        },
        {
          "image_file": "5.webp",
          "emojis": ["😭","💧"]
        },
        {
          "image_file": "6.webp",
          "emojis": ["😍","♥"]
        },
        {
          "image_file": "7.webp",
          "emojis": ["💔","👎"]
        },
        {
          "image_file": "8.webp",
          "emojis": ["😍","💑"]
        },
        {
          "image_file": "9.webp",
          "emojis": ["😘","🍪"]
        },
        {
          "image_file": "10.webp",
          "emojis": ["🤔","😐"]
        }

      ]
    },
    {
      "identifier": "7",
      "name": "Peach and Goma 3",
       "publisher": "Pack 11",
   "username": "Couples",
      "date": "01-07-2023",
      "tray_image_file": "icon.png",
      "image_data_version":"1",
      "avoid_cache":false,
      "publisher_email":"",
"animated_sticker_pack": true,
      "publisher_website": "",
      "privacy_policy_website": "",
      "license_agreement_website": "",
      "stickers": [
        {
          "image_file": "1.webp",
          "emojis": ["☕","🙂"]
        },
        {
          "image_file": "2.webp",
          "emojis": ["😄","😀"]
        },
        {
          "image_file": "3.webp",
          "emojis": ["😆","😂"]
        },
        {
          "image_file": "4.webp",
          "emojis": ["😩","😰"]
        },
        {
          "image_file": "5.webp",
          "emojis": ["😭","💧"]
        },
        {
          "image_file": "6.webp",
          "emojis": ["😍","♥"]
        },
        {
          "image_file": "7.webp",
          "emojis": ["💔","👎"]
        },
        {
          "image_file": "8.webp",
          "emojis": ["😍","💑"]
        },
        {
          "image_file": "9.webp",
          "emojis": ["😘","🍪"]
        },
        {
          "image_file": "10.webp",
          "emojis": ["🤔","😐"]
        }

      ]
    },
    {
      "identifier": "31",
      "name": "Peach and Goma 4",
      "publisher": "Pack 12",
      "username": "Couples",
      "date": "01-07-2023",
      "tray_image_file": "icon.png",
      "image_data_version":"1",
      "avoid_cache":false,
      "publisher_email":"",
"animated_sticker_pack": true,
      "publisher_website": "",
      "privacy_policy_website": "",
      "license_agreement_website": "",
      "stickers": [
        {
          "image_file": "1.webp",
          "emojis": ["☕","🙂"]
        },
        {
          "image_file": "2.webp",
          "emojis": ["😄","😀"]
        },
        {
          "image_file": "3.webp",
          "emojis": ["😆","😂"]
        },
        {
          "image_file": "4.webp",
          "emojis": ["😩","😰"]
        },
        {
          "image_file": "5.webp",
          "emojis": ["😭","💧"]
        },
        {
          "image_file": "6.webp",
          "emojis": ["😍","♥"]
        },
        {
          "image_file": "7.webp",
          "emojis": ["💔","👎"]
        },
        {
          "image_file": "8.webp",
          "emojis": ["😍","💑"]
        },
        {
          "image_file": "9.webp",
          "emojis": ["😘","🍪"]
        },
        {
          "image_file": "10.webp",
          "emojis": ["🤔","😐"]
        }
      ]
    },
    {
      "identifier": "8",
      "name": "Peach and Goma 5",
       "publisher": "Pack 13",
   "username": "Couples",
      "date": "01-07-2023",
      "tray_image_file": "icon.png",
      "image_data_version":"1",
      "avoid_cache":false,
      "publisher_email":"",
"animated_sticker_pack": true,
      "publisher_website": "",
      "privacy_policy_website": "",
      "license_agreement_website": "",
      "stickers": [
        {
          "image_file": "1.webp",
          "emojis": ["☕","🙂"]
        },
        {
          "image_file": "2.webp",
          "emojis": ["😄","😀"]
        },
        {
          "image_file": "3.webp",
          "emojis": ["😆","😂"]
        },
        {
          "image_file": "4.webp",
          "emojis": ["😩","😰"]
        },
        {
          "image_file": "5.webp",
          "emojis": ["😭","💧"]
        },
        {
          "image_file": "6.webp",
          "emojis": ["😍","♥"]
        },
        {
          "image_file": "7.webp",
          "emojis": ["💔","👎"]
        },
        {
          "image_file": "8.webp",
          "emojis": ["😍","💑"]
        },
        {
          "image_file": "9.webp",
          "emojis": ["😘","🍪"]
        },
        {
          "image_file": "10.webp",
          "emojis": ["🤔","😐"]
        }

      ]
    },
    {
      "identifier": "9",
      "name": "Peach and Goma 6",
       "publisher": "Pack 14",
   "username": "Couples",
      "date": "01-07-2023",
      "tray_image_file": "icon.png",
      "image_data_version":"1",
      "avoid_cache":false,
      "publisher_email":"",
"animated_sticker_pack": true,
      "publisher_website": "",
      "privacy_policy_website": "",
      "license_agreement_website": "",
      "stickers": [
        {
          "image_file": "1.webp",
          "emojis": ["☕","🙂"]
        },
        {
          "image_file": "2.webp",
          "emojis": ["😄","😀"]
        },
        {
          "image_file": "3.webp",
          "emojis": ["😆","😂"]
        },
        {
          "image_file": "4.webp",
          "emojis": ["😩","😰"]
        },
        {
          "image_file": "5.webp",
          "emojis": ["😭","💧"]
        },
        {
          "image_file": "6.webp",
          "emojis": ["😍","♥"]
        },
        {
          "image_file": "7.webp",
          "emojis": ["💔","👎"]
        },
        {
          "image_file": "8.webp",
          "emojis": ["😍","💑"]
        },
        {
          "image_file": "9.webp",
          "emojis": ["😘","🍪"]
        },
        {
          "image_file": "10.webp",
          "emojis": ["🤔","😐"]
        }

      ]
    },
    {
      "identifier": "10",
      "name": "Peach 5",
       "publisher": "Pack 15",
   "username": "SJS Software",
      "date": "01-07-2023",
      "tray_image_file": "icon.png",
      "image_data_version":"1",
      "avoid_cache":false,
      "publisher_email":"",
"animated_sticker_pack": true,
      "publisher_website": "",
      "privacy_policy_website": "",
      "license_agreement_website": "",
      "stickers": [
        {
          "image_file": "1.webp",
          "emojis": ["☕","🙂"]
        },
        {
          "image_file": "2.webp",
          "emojis": ["😄","😀"]
        },
        {
          "image_file": "3.webp",
          "emojis": ["😆","😂"]
        },
        {
          "image_file": "4.webp",
          "emojis": ["😩","😰"]
        },
        {
          "image_file": "5.webp",
          "emojis": ["😭","💧"]
        },
        {
          "image_file": "6.webp",
          "emojis": ["😍","♥"]
        },
        {
          "image_file": "7.webp",
          "emojis": ["💔","👎"]
        },
        {
          "image_file": "8.webp",
          "emojis": ["😍","💑"]
        },
        {
          "image_file": "9.webp",
          "emojis": ["😘","🍪"]
        },
        {
          "image_file": "10.webp",
          "emojis": ["🤔","😐"]
        }
      ]
    },
    {
      "identifier": "11",
      "name": "Peach 6",
       "publisher": "Pack 16",
   "username": "SJS Software",
      "date": "01-07-2023",
      "tray_image_file": "icon.png",
      "image_data_version":"1",
      "avoid_cache":false,
      "publisher_email":"",
"animated_sticker_pack": true,
      "publisher_website": "",
      "privacy_policy_website": "",
      "license_agreement_website": "",
      "stickers": [
        {
          "image_file": "1.webp",
          "emojis": ["☕","🙂"]
        },
        {
          "image_file": "2.webp",
          "emojis": ["😄","😀"]
        },
        {
          "image_file": "3.webp",
          "emojis": ["😆","😂"]
        },
        {
          "image_file": "4.webp",
          "emojis": ["😩","😰"]
        },
        {
          "image_file": "5.webp",
          "emojis": ["😭","💧"]
        },
        {
          "image_file": "6.webp",
          "emojis": ["😍","♥"]
        },
        {
          "image_file": "7.webp",
          "emojis": ["💔","👎"]
        },
        {
          "image_file": "8.webp",
          "emojis": ["😍","💑"]
        },
        {
          "image_file": "9.webp",
          "emojis": ["😘","🍪"]
        },
        {
          "image_file": "10.webp",
          "emojis": ["🤔","😐"]
        }

      ]
    },
    {
      "identifier": "12",
      "name": "Peach 7",
       "publisher": "Pack 17",
   "username": "SJS Software",
      "date": "01-07-2023",
      "tray_image_file": "icon.png",
      "image_data_version":"1",
      "avoid_cache":false,
      "publisher_email":"",
"animated_sticker_pack": true,
      "publisher_website": "",
      "privacy_policy_website": "",
      "license_agreement_website": "",
      "stickers": [
        {
          "image_file": "1.webp",
          "emojis": ["☕","🙂"]
        },
        {
          "image_file": "2.webp",
          "emojis": ["😄","😀"]
        },
        {
          "image_file": "3.webp",
          "emojis": ["😆","😂"]
        },
        {
          "image_file": "4.webp",
          "emojis": ["😩","😰"]
        },
        {
          "image_file": "5.webp",
          "emojis": ["😭","💧"]
        },
        {
          "image_file": "6.webp",
          "emojis": ["😍","♥"]
        },
        {
          "image_file": "7.webp",
          "emojis": ["💔","👎"]
        },
        {
          "image_file": "8.webp",
          "emojis": ["😍","💑"]
        },
        {
          "image_file": "9.webp",
          "emojis": ["😘","🍪"]
        },
        {
          "image_file": "10.webp",
          "emojis": ["🤔","😐"]
        }

      ]
    },
    {
      "identifier": "13",
      "name": "Peach 8",
       "publisher": "Pack 18",
   "username": "SJS Software",
      "date": "01-07-2023",
      "tray_image_file": "icon.png",
      "image_data_version":"1",
      "avoid_cache":false,
      "publisher_email":"",
"animated_sticker_pack": true,
      "publisher_website": "",
      "privacy_policy_website": "",
      "license_agreement_website": "",
      "stickers": [
        {
          "image_file": "1.webp",
          "emojis": ["☕","🙂"]
        },
        {
          "image_file": "2.webp",
          "emojis": ["😄","😀"]
        },
        {
          "image_file": "3.webp",
          "emojis": ["😆","😂"]
        },
        {
          "image_file": "4.webp",
          "emojis": ["😩","😰"]
        },
        {
          "image_file": "5.webp",
          "emojis": ["😭","💧"]
        },
        {
          "image_file": "6.webp",
          "emojis": ["😍","♥"]
        },
        {
          "image_file": "7.webp",
          "emojis": ["💔","👎"]
        },
        {
          "image_file": "8.webp",
          "emojis": ["😍","💑"]
        },
        {
          "image_file": "9.webp",
          "emojis": ["😘","🍪"]
        },
        {
          "image_file": "10.webp",
          "emojis": ["🤔","😐"]
        }

      ]
    },
    {
      "identifier": "14",
      "name": "Peach 9",
       "publisher": "Pack 19",
   "username": "SJS Software",
      "date": "01-07-2023",
      "tray_image_file": "icon.png",
      "image_data_version":"1",
      "avoid_cache":false,
      "publisher_email":"",
"animated_sticker_pack": true,
      "publisher_website": "",
      "privacy_policy_website": "",
      "license_agreement_website": "",
      "stickers": [
        {
          "image_file": "1.webp",
          "emojis": ["☕","🙂"]
        },
        {
          "image_file": "2.webp",
          "emojis": ["😄","😀"]
        },
        {
          "image_file": "3.webp",
          "emojis": ["😆","😂"]
        },
        {
          "image_file": "4.webp",
          "emojis": ["😩","😰"]
        },
        {
          "image_file": "5.webp",
          "emojis": ["😭","💧"]
        },
        {
          "image_file": "6.webp",
          "emojis": ["😍","♥"]
        },
        {
          "image_file": "7.webp",
          "emojis": ["💔","👎"]
        },
        {
          "image_file": "8.webp",
          "emojis": ["😍","💑"]
        },
        {
          "image_file": "9.webp",
          "emojis": ["😘","🍪"]
        },
        {
          "image_file": "10.webp",
          "emojis": ["🤔","😐"]
        }


      ]
    },
    {
      "identifier": "15",
      "name": "Peach 10",
       "publisher": "Pack 20",
   "username": "SJS Software",
      "date": "01-07-2023",
      "tray_image_file": "icon.png",
      "image_data_version":"1",
      "avoid_cache":false,
      "publisher_email":"",
"animated_sticker_pack": true,
      "publisher_website": "",
      "privacy_policy_website": "",
      "license_agreement_website": "",
      "stickers": [
        {
          "image_file": "1.webp",
          "emojis": ["☕","🙂"]
        },
        {
          "image_file": "2.webp",
          "emojis": ["😄","😀"]
        },
        {
          "image_file": "3.webp",
          "emojis": ["😆","😂"]
        },
        {
          "image_file": "4.webp",
          "emojis": ["😩","😰"]
        },
        {
          "image_file": "5.webp",
          "emojis": ["😭","💧"]
        },
        {
          "image_file": "6.webp",
          "emojis": ["😍","♥"]
        },
        {
          "image_file": "7.webp",
          "emojis": ["💔","👎"]
        },
        {
          "image_file": "8.webp",
          "emojis": ["😍","💑"]
        },
        {
          "image_file": "9.webp",
          "emojis": ["😘","🍪"]
        },
        {
          "image_file": "10.webp",
          "emojis": ["🤔","😐"]
        }

      ]
    }
  ]
}
