{
  "android_play_store_link": "https://play.google.com/store/apps/details?id=com.development.independence_day_stickers",
  "ios_app_store_link": "",
  "sticker_packs": [
    {
      "identifier": "1",
      "name": "Independence Day Pack 1",
      "publisher": "GANESH",
      "tray_image_file": "1.webp",
      "publisher_email": "",
      "publisher_website": "",
      "privacy_policy_website": "",
      "license_agreement_website": "",
      "image_data_version": "1",
      "stickers": [
        {
          "image_file": "1.webp",
          "emojis": [
            "☕",
            "🙂"
          ]
        },
        {
          "image_file": "2.webp",
          "emojis": [
            "😄",
            "😀"
          ]
        },
        {
          "image_file": "3.webp",
          "emojis": [
            "😆",
            "😂"
          ]
        },
        {
          "image_file": "4.webp",
          "emojis": [
            "😩",
            "😰"
          ]
        },
        {
          "image_file": "5.webp",
          "emojis": [
            "😭",
            "💧"
          ]
        },
        {
          "image_file": "6.webp",
          "emojis": [
            "😍",
            "♥"
          ]
        },
        {
          "image_file": "7.webp",
          "emojis": [
            "💔",
            "👎"
          ]
        },
        {
          "image_file": "8.webp",
          "emojis": [
            "😍",
            "💑"
          ]
        },
        {
          "image_file": "9.webp",
          "emojis": [
            "😘",
            "🍪"
          ]
        }, {
          "image_file": "10.webp",
          "emojis": ["🤔","😐"]
        },
        {
          "image_file": "11.webp",
          "emojis": ["😱","😵"]
        },
        {
          "image_file": "12.webp",
          "emojis": ["😡","😠"]
        }
      ]
    },
    {
      "identifier": "2",
      "name": "Independence Day Pack 2",
      "publisher": "GANESH",
      "tray_image_file": "1.webp",
      "publisher_email": "",
      "publisher_website": "",
      "privacy_policy_website": "",
      "license_agreement_website": "",
      "image_data_version": "1",
      "stickers": [
        {
          "image_file": "1.webp",
          "emojis": [
            "☕",
            "🙂"
          ]
        },
        {
          "image_file": "3.webp",
          "emojis": [
            "😆",
            "😂"
          ]
        },
        {
          "image_file": "4.webp",
          "emojis": ["😩","😰"]
        },
        {
          "image_file": "5.webp",
          "emojis": ["😭","💧"]
        },
        {
          "image_file": "6.webp",
          "emojis": ["😍","♥"]
        },
        {
          "image_file": "7.webp",
          "emojis": ["💔","👎"]
        },
        {
          "image_file": "8.webp",
          "emojis": ["😍","💑"]
        },
        {
          "image_file": "9.webp",
          "emojis": ["😘","🍪"]
        },
        {
          "image_file": "10.webp",
          "emojis": ["🤔","😐"]
        },
        {
          "image_file": "11.webp",
          "emojis": ["😱","😵"]
        }
      ]
    },
    {
      "identifier": "3",
      "name": "Independence Day Pack 3",
      "publisher": "GANESH",
      "tray_image_file": "1.webp",
      "publisher_email": "",
      "publisher_website": "",
      "privacy_policy_website": "",
      "license_agreement_website": "",
      "image_data_version": "1",
      "stickers": [
        {
          "image_file": "1.webp",
          "emojis": [
            "☕",
            "🙂"
          ]
        },
        {
          "image_file": "2.webp",
          "emojis": [
            "😄",
            "😀"
          ]
        },
        {
          "image_file": "3.webp",
          "emojis": [
            "😆",
            "😂"
          ]
        },
        {
          "image_file": "4.webp",
          "emojis": [
            "😩",
            "😰"
          ]
        },
        {
          "image_file": "5.webp",
          "emojis": [
            "😭",
            "💧"
          ]
        },
        {
          "image_file": "6.webp",
          "emojis": [
            "😍",
            "♥"
          ]
        },
        {
          "image_file": "7.webp",
          "emojis": [
            "💔",
            "👎"
          ]
        },
        {
          "image_file": "8.webp",
          "emojis": [
            "😍",
            "💑"
          ]
        },
        {
          "image_file": "9.webp",
          "emojis": [
            "😘",
            "🍪"
          ]
        },
        {
          "image_file": "10.webp",
          "emojis": [
            "🤔",
            "😐"
          ]
        }, {
          "image_file": "11.webp",
          "emojis": ["😱","😵"]
        }
      ]
    },
    {
      "identifier": "4",
      "name": "Independence Day Pack 4",
      "publisher": "GANESH",
      "tray_image_file": "1.webp",
      "publisher_email": "",
      "publisher_website": "",
      "privacy_policy_website": "",
      "license_agreement_website": "",
      "image_data_version": "1",
      "stickers": [
        {
          "image_file": "1.webp",
          "emojis": [
            "☕",
            "🙂"
          ]
        },
        {
          "image_file": "2.webp",
          "emojis": [
            "😄",
            "😀"
          ]
        },
        {
          "image_file": "3.webp",
          "emojis": [
            "😆",
            "😂"
          ]
        },
        {
          "image_file": "4.webp",
          "emojis": [
            "😩",
            "😰"
          ]
        },
        {
          "image_file": "5.webp",
          "emojis": [
            "😭",
            "💧"
          ]
        },
        {
          "image_file": "6.webp",
          "emojis": [
            "😍",
            "♥"
          ]
        },
        {
          "image_file": "7.webp",
          "emojis": ["💔","👎"]
        },
        {
          "image_file": "8.webp",
          "emojis": ["😍","💑"]
        },
        {
          "image_file": "9.webp",
          "emojis": ["😘","🍪"]
        },
        {
          "image_file": "10.webp",
          "emojis": ["🤔","😐"]
        },
        {
          "image_file": "11.webp",
          "emojis": ["😱","😵"]
        }
      ]
    },
    {
      "identifier": "5",
      "name": "Independence Day Pack 5",
      "publisher": "GANESH",
      "tray_image_file": "1.webp",
      "publisher_email": "",
      "publisher_website": "",
      "privacy_policy_website": "",
      "license_agreement_website": "",
      "image_data_version": "1",
      "stickers": [
        {
          "image_file": "1.webp",
          "emojis": ["☕","🙂"]
        },
        {
          "image_file": "2.webp",
          "emojis": ["😄","😀"]
        },
        {
          "image_file": "3.webp",
          "emojis": ["😆","😂"]
        },
        {
          "image_file": "4.webp",
          "emojis": ["😩","😰"]
        },
        {
          "image_file": "5.webp",
          "emojis": ["😭","💧"]
        },
        {
          "image_file": "6.webp",
          "emojis": ["😍","♥"]
        },
        {
          "image_file": "7.webp",
          "emojis": ["💔","👎"]
        },
        {
          "image_file": "8.webp",
          "emojis": ["😍","💑"]
        },
        {
          "image_file": "9.webp",
          "emojis": ["😘","🍪"]
        },
        {
          "image_file": "10.webp",
          "emojis": ["🤔","😐"]
        },
        {
          "image_file": "11.webp",
          "emojis": ["😱","😵"]
        }
      ]
    }
  ]
}
