{
  "ios_app_store_link": "",
  "sticker_packs": [
    {
      "identifier": "1",
      "name": "Tom & Jerry 1",
      "publisher": "GANESH",
      "tray_image_file": "0_VR_TOM_JERRY_Pack3.webp",
      "image_data_version": "1",
      "publisher_email": "",
      "publisher_website": "",
      "privacy_policy_website": "",
      "license_agreement_website": "",
      "stickers": [
        {
          "image_file": "0_VR_TOM_JERRY_Pack3.webp",
          "emojis": [
            "😱",
            "😵"
          ]
        },
        {
          "image_file": "1_VR_TOM_JERRY_Pack3.webp",
          "emojis": [
            "😱",
            "😵"
          ]
        },
        {
          "image_file": "2_VR_TOM_JERRY_Pack3.webp",
          "emojis": [
            "😱",
            "😵"
          ]
        },
        {
          "image_file": "3_VR_TOM_JERRY_Pack3.webp",
          "emojis": [
            "😱",
            "😵"
          ]
        },
        {
          "image_file": "4_VR_TOM_JERRY_Pack3.webp",
          "emojis": [
            "😱",
            "😵"
          ]
        },
        {
          "image_file": "5_VR_TOM_JERRY_Pack3.webp",
          "emojis": [
            "😱",
            "😵"
          ]
        },
        {
          "image_file": "6_VR_TOM_JERRY_Pack3.webp",
          "emojis": [
            "😱",
            "😵"
          ]
        },
        {
          "image_file": "7_VR_TOM_JERRY_Pack3.webp",
          "emojis": [
            "😱",
            "😵"
          ]
        },
        {
          "image_file": "8_VR_TOM_JERRY_Pack3.webp",
          "emojis": [
            "😱",
            "😵"
          ]
        },
        {
          "image_file": "9_VR_TOM_JERRY_Pack3.webp",
          "emojis": [
            "😱",
            "😵"
          ]
        },
        {
          "image_file": "10_VR_TOM_JERRY_Pack3.webp",
          "emojis": [
            "😱",
            "😵"
          ]
        },
        {
          "image_file": "11_VR_TOM_JERRY_Pack3.webp",
          "emojis": [
            "😱",
            "😵"
          ]
        },
        {
          "image_file": "12_VR_TOM_JERRY_Pack3.webp",
          "emojis": [
            "😱",
            "😵"
          ]
        },
        {
          "image_file": "13_VR_TOM_JERRY_Pack3.webp",
          "emojis": [
            "😱",
            "😵"
          ]
        },
        {
          "image_file": "14_VR_TOM_JERRY_Pack3.webp",
          "emojis": [
            "😱",
            "😵"
          ]
        },
        {
          "image_file": "15_VR_TOM_JERRY_Pack3.webp",
          "emojis": [
            "😱",
            "😵"
          ]
        },
        {
          "image_file": "16_VR_TOM_JERRY_Pack3.webp",
          "emojis": [
            "😱",
            "😵"
          ]
        },
        {
          "image_file": "17_VR_TOM_JERRY_Pack3.webp",
          "emojis": [
            "😱",
            "😵"
          ]
        },
        {
          "image_file": "18_VR_TOM_JERRY_Pack3.webp",
          "emojis": [
            "😱",
            "😵"
          ]
        }
      ]
    },
    {
      "identifier": "2",
      "name": "Tom & Jerry 2",
      "publisher": "GANESH",
      "tray_image_file": "0_VR_TOM_JERRY_Pack1.webp",
      "image_data_version": "1",
      "publisher_email": "",
      "publisher_website": "",
      "privacy_policy_website": "",
      "license_agreement_website": "",
      "stickers": [
        {
          "image_file": "0_VR_TOM_JERRY_Pack1.webp",
          "emojis": [
            "😱",
            "😵"
          ]
        },
        {
          "image_file": "1_VR_TOM_JERRY_Pack1.webp",
          "emojis": [
            "😱",
            "😵"
          ]
        },
        {
          "image_file": "2_VR_TOM_JERRY_Pack1.webp",
          "emojis": [
            "😱",
            "😵"
          ]
        },
        {
          "image_file": "3_VR_TOM_JERRY_Pack1.webp",
          "emojis": [
            "😱",
            "😵"
          ]
        },
        {
          "image_file": "4_VR_TOM_JERRY_Pack1.webp",
          "emojis": [
            "😱",
            "😵"
          ]
        },
        {
          "image_file": "5_VR_TOM_JERRY_Pack1.webp",
          "emojis": [
            "😱",
            "😵"
          ]
        },
        {
          "image_file": "6_VR_TOM_JERRY_Pack1.webp",
          "emojis": [
            "😱",
            "😵"
          ]
        },
        {
          "image_file": "7_VR_TOM_JERRY_Pack1.webp",
          "emojis": [
            "😱",
            "😵"
          ]
        },
        {
          "image_file": "8_VR_TOM_JERRY_Pack1.webp",
          "emojis": [
            "😱",
            "😵"
          ]
        },
        {
          "image_file": "9_VR_TOM_JERRY_Pack1.webp",
          "emojis": [
            "😱",
            "😵"
          ]
        },
        {
          "image_file": "10_VR_TOM_JERRY_Pack1.webp",
          "emojis": [
            "😱",
            "😵"
          ]
        },
        {
          "image_file": "11_VR_TOM_JERRY_Pack1.webp",
          "emojis": [
            "😱",
            "😵"
          ]
        },
        {
          "image_file": "12_VR_TOM_JERRY_Pack1.webp",
          "emojis": [
            "😱",
            "😵"
          ]
        },
        {
          "image_file": "13_VR_TOM_JERRY_Pack1.webp",
          "emojis": [
            "😱",
            "😵"
          ]
        },
        {
          "image_file": "14_VR_TOM_JERRY_Pack1.webp",
          "emojis": [
            "😱",
            "😵"
          ]
        },
        {
          "image_file": "15_VR_TOM_JERRY_Pack1.webp",
          "emojis": [
            "😱",
            "😵"
          ]
        },
        {
          "image_file": "16_VR_TOM_JERRY_Pack1.webp",
          "emojis": [
            "😱",
            "😵"
          ]
        },
        {
          "image_file": "17_VR_TOM_JERRY_Pack1.webp",
          "emojis": [
            "😱",
            "😵"
          ]
        },
        {
          "image_file": "18_VR_TOM_JERRY_Pack1.webp",
          "emojis": [
            "😱",
            "😵"
          ]
        },
        {
          "image_file": "19_VR_TOM_JERRY_Pack1.webp",
          "emojis": [
            "😱",
            "😵"
          ]
        }
      ]
    },
    {
      "identifier": "3",
      "name": "Tom & Jerry 3",
      "publisher": "GANESH",
      "tray_image_file": "0_VR_TOM_JERRY_Pack6.webp",
      "image_data_version": "1",
      "publisher_email": "",
      "publisher_website": "",
      "privacy_policy_website": "",
      "license_agreement_website": "",
      "stickers": [
        {
          "image_file": "0_VR_TOM_JERRY_Pack6.webp",
          "emojis": [
            "😱",
            "😵"
          ]
        },
        {
          "image_file": "1_VR_TOM_JERRY_Pack6.webp",
          "emojis": [
            "😱",
            "😵"
          ]
        },
        {
          "image_file": "2_VR_TOM_JERRY_Pack6.webp",
          "emojis": [
            "😱",
            "😵"
          ]
        },
        {
          "image_file": "3_VR_TOM_JERRY_Pack6.webp",
          "emojis": [
            "😱",
            "😵"
          ]
        },
        {
          "image_file": "4_VR_TOM_JERRY_Pack6.webp",
          "emojis": [
            "😱",
            "😵"
          ]
        },
        {
          "image_file": "5_VR_TOM_JERRY_Pack6.webp",
          "emojis": [
            "😱",
            "😵"
          ]
        },
        {
          "image_file": "6_VR_TOM_JERRY_Pack6.webp",
          "emojis": [
            "😱",
            "😵"
          ]
        },
        {
          "image_file": "7_VR_TOM_JERRY_Pack6.webp",
          "emojis": [
            "😱",
            "😵"
          ]
        },
        {
          "image_file": "8_VR_TOM_JERRY_Pack6.webp",
          "emojis": [
            "😱",
            "😵"
          ]
        },
        {
          "image_file": "9_VR_TOM_JERRY_Pack6.webp",
          "emojis": [
            "😱",
            "😵"
          ]
        },
        {
          "image_file": "10_VR_TOM_JERRY_Pack6.webp",
          "emojis": [
            "😱",
            "😵"
          ]
        },
        {
          "image_file": "11_VR_TOM_JERRY_Pack6.webp",
          "emojis": [
            "😱",
            "😵"
          ]
        },
        {
          "image_file": "12_VR_TOM_JERRY_Pack6.webp",
          "emojis": [
            "😱",
            "😵"
          ]
        },
        {
          "image_file": "13_VR_TOM_JERRY_Pack6.webp",
          "emojis": [
            "😱",
            "😵"
          ]
        },
        {
          "image_file": "14_VR_TOM_JERRY_Pack6.webp",
          "emojis": [
            "😱",
            "😵"
          ]
        },
        {
          "image_file": "15_VR_TOM_JERRY_Pack6.webp",
          "emojis": [
            "😱",
            "😵"
          ]
        },
        {
          "image_file": "16_VR_TOM_JERRY_Pack6.webp",
          "emojis": [
            "😱",
            "😵"
          ]
        },
        {
          "image_file": "17_VR_TOM_JERRY_Pack6.webp",
          "emojis": [
            "😱",
            "😵"
          ]
        }
      ]
    },
    {
      "identifier": "4",
      "name": "Tom & Jerry 4",
      "publisher": "GANESH",
      "tray_image_file": "0_VR_TOM_JERRY_Pack4.webp",
      "image_data_version": "1",
      "publisher_email": "",
      "publisher_website": "",
      "privacy_policy_website": "",
      "license_agreement_website": "",
      "stickers": [
        {
          "image_file": "0_VR_TOM_JERRY_Pack4.webp",
          "emojis": [
            "😱",
            "😵"
          ]
        },
        {
          "image_file": "1_VR_TOM_JERRY_Pack4.webp",
          "emojis": [
            "😱",
            "😵"
          ]
        },
        {
          "image_file": "2_VR_TOM_JERRY_Pack4.webp",
          "emojis": [
            "😱",
            "😵"
          ]
        },
        {
          "image_file": "3_VR_TOM_JERRY_Pack4.webp",
          "emojis": [
            "😱",
            "😵"
          ]
        },
        {
          "image_file": "4_VR_TOM_JERRY_Pack4.webp",
          "emojis": [
            "😱",
            "😵"
          ]
        },
        {
          "image_file": "5_VR_TOM_JERRY_Pack4.webp",
          "emojis": [
            "😱",
            "😵"
          ]
        },
        {
          "image_file": "6_VR_TOM_JERRY_Pack4.webp",
          "emojis": [
            "😱",
            "😵"
          ]
        },
        {
          "image_file": "7_VR_TOM_JERRY_Pack4.webp",
          "emojis": [
            "😱",
            "😵"
          ]
        },
        {
          "image_file": "8_VR_TOM_JERRY_Pack4.webp",
          "emojis": [
            "😱",
            "😵"
          ]
        },
        {
          "image_file": "9_VR_TOM_JERRY_Pack4.webp",
          "emojis": [
            "😱",
            "😵"
          ]
        },
        {
          "image_file": "10_VR_TOM_JERRY_Pack4.webp",
          "emojis": [
            "😱",
            "😵"
          ]
        },
        {
          "image_file": "11_VR_TOM_JERRY_Pack4.webp",
          "emojis": [
            "😱",
            "😵"
          ]
        },
        {
          "image_file": "12_VR_TOM_JERRY_Pack4.webp",
          "emojis": [
            "😱",
            "😵"
          ]
        },
        {
          "image_file": "13_VR_TOM_JERRY_Pack4.webp",
          "emojis": [
            "😱",
            "😵"
          ]
        },
        {
          "image_file": "14_VR_TOM_JERRY_Pack4.webp",
          "emojis": [
            "😱",
            "😵"
          ]
        },
        {
          "image_file": "15_VR_TOM_JERRY_Pack4.webp",
          "emojis": [
            "😱",
            "😵"
          ]
        },
        {
          "image_file": "16_VR_TOM_JERRY_Pack4.webp",
          "emojis": [
            "😱",
            "😵"
          ]
        },
        {
          "image_file": "17_VR_TOM_JERRY_Pack4.webp",
          "emojis": [
            "😱",
            "😵"
          ]
        },
        {
          "image_file": "18_VR_TOM_JERRY_Pack4.webp",
          "emojis": [
            "😱",
            "😵"
          ]
        }
      ]
    }
  ]
}
