﻿{
  "android_play_store_link": "https://play.google.com/store/apps/details?id=com.happy.birthday.stickers.birthdaystickers.forwhatsapp.wastickerapps",
  "ios_app_store_link": "",

    "sticker_packs": [
    {
      "identifier": "Happy Birthday Ballons 1",
      "name": "Happy Birthday Ballons 1",
      "publisher": "GANESH",
      "tray_image_file": "8.webp",
      "image_data_version":"1",
      "avoid_cache":false,	  
      "publisher_email":"feedbacktomyapp@gmail.com",
      "publisher_website": "https://sites.google.com/view/programmingwithganesh/home",
      "privacy_policy_website": "https://sites.google.com/view/programmingwithganesh/home",
      "license_agreement_website": "https://sites.google.com/view/programmingwithganesh/home",
      "stickers": [
        {
          "image_file": "1.webp",
          "emojis": ["в•","рџ™‚"]
        },
        {
          "image_file": "2.webp",
          "emojis": ["рџ„","рџЂ"]
        },
        {
          "image_file": "3.webp",
          "emojis": ["рџ†","рџ‚"]
        },
        {
          "image_file": "4.webp",
          "emojis": ["рџ©","рџ°"]
        },
        {
          "image_file": "5.webp",
          "emojis": ["рџ­","рџ’§"]
        },
        {
          "image_file": "6.webp",
          "emojis": ["рџЌ","в™Ґ"]
        },
        {
          "image_file": "7.webp",
          "emojis": ["рџ’”","рџ‘Ћ"]
        },
        {
          "image_file": "8.webp",
          "emojis": ["рџЌ","рџ’‘"]
        },
        {
          "image_file": "9.webp",
          "emojis": ["рџ","рџЌЄ"]
        },
        {
          "image_file": "10.webp",
          "emojis": ["рџ¤”","рџђ"]
        },
        {
          "image_file": "11.webp",
          "emojis": ["рџ±","рџµ"]
        },
        {
          "image_file": "12.webp",
          "emojis": ["рџЎ","рџ "]
        },
        {
          "image_file": "13.webp",
          "emojis": ["вќ“","рџ¤”"]
        },
        {
          "image_file": "14.webp",
          "emojis": ["рџЊ€","рџњ"]
        },
        {
          "image_file": "15.webp",
          "emojis": ["рџ’»","рџ©"]
        },
        {
          "image_file": "16.webp",
          "emojis": ["рџЎ","рџ¤"]
        },
        {
          "image_file": "17.webp",
          "emojis": ["рџ©","рџЁ"]
        },
        {
          "image_file": "18.webp",
          "emojis": ["рџ’»","рџЊѓ"]
        },
        {
          "image_file": "19.webp",
          "emojis": ["рџЋ‰","вњЁ"]
        },
        {
          "image_file": "20.webp",
          "emojis": ["рџ¤®","рџ‘Ћ"]
        },
        {
          "image_file": "21.webp",
          "emojis": ["рџ±","рџµ"]
        },
        {
          "image_file": "22.webp",
          "emojis": ["рџЎ","рџ "]
        },
        {
          "image_file": "23.webp",
          "emojis": ["вќ“","рџ¤”"]
        },
        {
          "image_file": "24.webp",
          "emojis": ["рџЊ€","рџњ"]
        }
      ]
    },
    {
      "identifier": "Happy Birthday Ballons 2",
      "name": "Happy Birthday Ballons 2",
      "publisher": "GANESH",
      "tray_image_file": "8.webp",
      "image_data_version":"1",
      "avoid_cache":false,	  
      "publisher_email":"feedbacktomyapp@gmail.com",
      "publisher_website": "https://sites.google.com/view/programmingwithganesh/home",
      "privacy_policy_website": "https://sites.google.com/view/programmingwithganesh/home",
      "license_agreement_website": "https://sites.google.com/view/programmingwithganesh/home",
      "stickers": [
        {
          "image_file": "1.webp",
          "emojis": ["в•","рџ™‚"]
        },
        {
          "image_file": "2.webp",
          "emojis": ["рџ„","рџЂ"]
        },
        {
          "image_file": "3.webp",
          "emojis": ["рџ†","рџ‚"]
        },
        {
          "image_file": "4.webp",
          "emojis": ["рџ©","рџ°"]
        },
        {
          "image_file": "5.webp",
          "emojis": ["рџ­","рџ’§"]
        },
        {
          "image_file": "6.webp",
          "emojis": ["рџЌ","в™Ґ"]
        },
        {
          "image_file": "7.webp",
          "emojis": ["рџ’”","рџ‘Ћ"]
        },
        {
          "image_file": "8.webp",
          "emojis": ["рџЌ","рџ’‘"]
        },
        {
          "image_file": "9.webp",
          "emojis": ["рџ","рџЌЄ"]
        },
        {
          "image_file": "10.webp",
          "emojis": ["рџ¤”","рџђ"]
        },
        {
          "image_file": "11.webp",
          "emojis": ["рџ±","рџµ"]
        },
        {
          "image_file": "12.webp",
          "emojis": ["рџЎ","рџ "]
        },
        {
          "image_file": "13.webp",
          "emojis": ["вќ“","рџ¤”"]
        },
        {
          "image_file": "14.webp",
          "emojis": ["рџЊ€","рџњ"]
        },
        {
          "image_file": "15.webp",
          "emojis": ["рџ’»","рџ©"]
        },
        {
          "image_file": "16.webp",
          "emojis": ["рџЎ","рџ¤"]
        },
        {
          "image_file": "17.webp",
          "emojis": ["рџ©","рџЁ"]
        },
        {
          "image_file": "18.webp",
          "emojis": ["рџ’»","рџЊѓ"]
        },
        {
          "image_file": "19.webp",
          "emojis": ["рџЋ‰","вњЁ"]
        },
        {
          "image_file": "20.webp",
          "emojis": ["рџ¤®","рџ‘Ћ"]
        },
        {
          "image_file": "21.webp",
          "emojis": ["рџ±","рџµ"]
        },
        {
          "image_file": "22.webp",
          "emojis": ["рџЎ","рџ "]
        },
        {
          "image_file": "23.webp",
          "emojis": ["вќ“","рџ¤”"]
        },
        {
          "image_file": "24.webp",
          "emojis": ["рџЊ€","рџњ"]
        }
      ]
    },	
    {
      "identifier": "Happy Birthday Ballons 3",
      "name": "Happy Birthday Ballons 3",
      "publisher": "GANESH",
      "tray_image_file": "8.webp",
      "image_data_version":"1",
      "avoid_cache":false,	  
      "publisher_email":"feedbacktomyapp@gmail.com",
      "publisher_website": "https://sites.google.com/view/programmingwithganesh/home",
      "privacy_policy_website": "https://sites.google.com/view/programmingwithganesh/home",
      "license_agreement_website": "https://sites.google.com/view/programmingwithganesh/home",
      "stickers": [
        {
          "image_file": "1.webp",
          "emojis": ["в•","рџ™‚"]
        },
        {
          "image_file": "2.webp",
          "emojis": ["рџ„","рџЂ"]
        },
        {
          "image_file": "3.webp",
          "emojis": ["рџ†","рџ‚"]
        },
        {
          "image_file": "4.webp",
          "emojis": ["рџ©","рџ°"]
        },
        {
          "image_file": "5.webp",
          "emojis": ["рџ­","рџ’§"]
        },
        {
          "image_file": "6.webp",
          "emojis": ["рџЌ","в™Ґ"]
        },
        {
          "image_file": "7.webp",
          "emojis": ["рџ’”","рџ‘Ћ"]
        },
        {
          "image_file": "8.webp",
          "emojis": ["рџЌ","рџ’‘"]
        },
        {
          "image_file": "9.webp",
          "emojis": ["рџ","рџЌЄ"]
        },
        {
          "image_file": "10.webp",
          "emojis": ["рџ¤”","рџђ"]
        },
        {
          "image_file": "11.webp",
          "emojis": ["рџ±","рџµ"]
        },
        {
          "image_file": "12.webp",
          "emojis": ["рџЎ","рџ "]
        },
        {
          "image_file": "13.webp",
          "emojis": ["вќ“","рџ¤”"]
        },
        {
          "image_file": "14.webp",
          "emojis": ["рџЊ€","рџњ"]
        },
        {
          "image_file": "15.webp",
          "emojis": ["рџ’»","рџ©"]
        },
        {
          "image_file": "16.webp",
          "emojis": ["рџЎ","рџ¤"]
        },
        {
          "image_file": "17.webp",
          "emojis": ["рџ©","рџЁ"]
        },
        {
          "image_file": "18.webp",
          "emojis": ["рџ’»","рџЊѓ"]
        },
        {
          "image_file": "19.webp",
          "emojis": ["рџЋ‰","вњЁ"]
        },
        {
          "image_file": "20.webp",
          "emojis": ["рџ¤®","рџ‘Ћ"]
        },
        {
          "image_file": "21.webp",
          "emojis": ["рџ±","рџµ"]
        },
        {
          "image_file": "22.webp",
          "emojis": ["рџЎ","рџ "]
        },
        {
          "image_file": "23.webp",
          "emojis": ["вќ“","рџ¤”"]
        },
        {
          "image_file": "24.webp",
          "emojis": ["рџЊ€","рџњ"]
        }
      ]
    },	
    {
      "identifier": "Happy Birthday Ballons 4",
      "name": "Happy Birthday Ballons 4",
      "publisher": "GANESH",
      "tray_image_file": "8.webp",
      "image_data_version":"1",
      "avoid_cache":false,	  
      "publisher_email":"feedbacktomyapp@gmail.com",
      "publisher_website": "https://sites.google.com/view/programmingwithganesh/home",
      "privacy_policy_website": "https://sites.google.com/view/programmingwithganesh/home",
      "license_agreement_website": "https://sites.google.com/view/programmingwithganesh/home",
      "stickers": [
        {
          "image_file": "1.webp",
          "emojis": ["в•","рџ™‚"]
        },
        {
          "image_file": "2.webp",
          "emojis": ["рџ„","рџЂ"]
        },
        {
          "image_file": "3.webp",
          "emojis": ["рџ†","рџ‚"]
        },
        {
          "image_file": "4.webp",
          "emojis": ["рџ©","рџ°"]
        },
        {
          "image_file": "5.webp",
          "emojis": ["рџ­","рџ’§"]
        },
        {
          "image_file": "6.webp",
          "emojis": ["рџЌ","в™Ґ"]
        },
        {
          "image_file": "7.webp",
          "emojis": ["рџ’”","рџ‘Ћ"]
        },
        {
          "image_file": "8.webp",
          "emojis": ["рџЌ","рџ’‘"]
        },
        {
          "image_file": "9.webp",
          "emojis": ["рџ","рџЌЄ"]
        },
        {
          "image_file": "10.webp",
          "emojis": ["рџ¤”","рџђ"]
        },
        {
          "image_file": "11.webp",
          "emojis": ["рџ±","рџµ"]
        },
        {
          "image_file": "12.webp",
          "emojis": ["рџЎ","рџ "]
        },
        {
          "image_file": "13.webp",
          "emojis": ["вќ“","рџ¤”"]
        },
        {
          "image_file": "14.webp",
          "emojis": ["рџЊ€","рџњ"]
        },
        {
          "image_file": "15.webp",
          "emojis": ["рџ’»","рџ©"]
        },
        {
          "image_file": "16.webp",
          "emojis": ["рџЎ","рџ¤"]
        },
        {
          "image_file": "17.webp",
          "emojis": ["рџ©","рџЁ"]
        },
        {
          "image_file": "18.webp",
          "emojis": ["рџ’»","рџЊѓ"]
        },
        {
          "image_file": "19.webp",
          "emojis": ["рџЋ‰","вњЁ"]
        },
        {
          "image_file": "20.webp",
          "emojis": ["рџ¤®","рџ‘Ћ"]
        },
        {
          "image_file": "21.webp",
          "emojis": ["рџ±","рџµ"]
        },
        {
          "image_file": "22.webp",
          "emojis": ["рџЎ","рџ "]
        },
        {
          "image_file": "23.webp",
          "emojis": ["вќ“","рџ¤”"]
        },
        {
          "image_file": "24.webp",
          "emojis": ["рџЊ€","рџњ"]
        },
        {
          "image_file": "25.webp",
          "emojis": ["рџ’»","рџ©"]
        },
        {
          "image_file": "26.webp",
          "emojis": ["рџЎ","рџ¤"]
        }
      ]
    },
    {
      "identifier": "Happy Birthday Ballons 5",
      "name": "Happy Birthday Ballons 5",
      "publisher": "GANESH",
      "tray_image_file": "8.webp",
      "image_data_version":"1",
      "avoid_cache":false,	  
      "publisher_email":"feedbacktomyapp@gmail.com",
      "publisher_website": "https://sites.google.com/view/programmingwithganesh/home",
      "privacy_policy_website": "https://sites.google.com/view/programmingwithganesh/home",
      "license_agreement_website": "https://sites.google.com/view/programmingwithganesh/home",
      "stickers": [
        {
          "image_file": "1.webp",
          "emojis": ["в•","рџ™‚"]
        },
        {
          "image_file": "2.webp",
          "emojis": ["рџ„","рџЂ"]
        },
        {
          "image_file": "3.webp",
          "emojis": ["рџ†","рџ‚"]
        },
        {
          "image_file": "4.webp",
          "emojis": ["рџ©","рџ°"]
        },
        {
          "image_file": "5.webp",
          "emojis": ["рџ­","рџ’§"]
        },
        {
          "image_file": "6.webp",
          "emojis": ["рџЌ","в™Ґ"]
        },
        {
          "image_file": "7.webp",
          "emojis": ["рџ’”","рџ‘Ћ"]
        },
        {
          "image_file": "8.webp",
          "emojis": ["рџЌ","рџ’‘"]
        },
        {
          "image_file": "9.webp",
          "emojis": ["рџ","рџЌЄ"]
        },
        {
          "image_file": "10.webp",
          "emojis": ["рџ¤”","рџђ"]
        },
        {
          "image_file": "11.webp",
          "emojis": ["рџ±","рџµ"]
        },
        {
          "image_file": "12.webp",
          "emojis": ["рџЎ","рџ "]
        },
        {
          "image_file": "13.webp",
          "emojis": ["вќ“","рџ¤”"]
        },
        {
          "image_file": "14.webp",
          "emojis": ["рџЊ€","рџњ"]
        },
        {
          "image_file": "15.webp",
          "emojis": ["рџ’»","рџ©"]
        },
        {
          "image_file": "16.webp",
          "emojis": ["рџЎ","рџ¤"]
        },
        {
          "image_file": "17.webp",
          "emojis": ["рџ©","рџЁ"]
        },
        {
          "image_file": "18.webp",
          "emojis": ["рџ’»","рџЊѓ"]
        },
        {
          "image_file": "19.webp",
          "emojis": ["рџЋ‰","вњЁ"]
        },
        {
          "image_file": "20.webp",
          "emojis": ["рџ¤®","рџ‘Ћ"]
        },
        {
          "image_file": "21.webp",
          "emojis": ["рџ±","рџµ"]
        },
        {
          "image_file": "22.webp",
          "emojis": ["рџЎ","рџ "]
        }
      ]
    },
    {
      "identifier": "Happy Birthday Ballons 6",
      "name": "Happy Birthday Ballons 6",
      "publisher": "GANESH",
      "tray_image_file": "8.webp",
      "image_data_version":"1",
      "avoid_cache":false,	  
      "publisher_email":"feedbacktomyapp@gmail.com",
      "publisher_website": "https://sites.google.com/view/programmingwithganesh/home",
      "privacy_policy_website": "https://sites.google.com/view/programmingwithganesh/home",
      "license_agreement_website": "https://sites.google.com/view/programmingwithganesh/home",
      "stickers": [
        {
          "image_file": "1.webp",
          "emojis": ["в•","рџ™‚"]
        },
        {
          "image_file": "2.webp",
          "emojis": ["рџ„","рџЂ"]
        },
        {
          "image_file": "3.webp",
          "emojis": ["рџ†","рџ‚"]
        },
        {
          "image_file": "4.webp",
          "emojis": ["рџ©","рџ°"]
        },
        {
          "image_file": "5.webp",
          "emojis": ["рџ­","рџ’§"]
        },
        {
          "image_file": "6.webp",
          "emojis": ["рџЌ","в™Ґ"]
        },
        {
          "image_file": "7.webp",
          "emojis": ["рџ’”","рџ‘Ћ"]
        },
        {
          "image_file": "8.webp",
          "emojis": ["рџЌ","рџ’‘"]
        },
        {
          "image_file": "9.webp",
          "emojis": ["рџ","рџЌЄ"]
        },
        {
          "image_file": "10.webp",
          "emojis": ["рџ¤”","рџђ"]
        },
        {
          "image_file": "11.webp",
          "emojis": ["рџ±","рџµ"]
        },
        {
          "image_file": "12.webp",
          "emojis": ["рџЎ","рџ "]
        },
        {
          "image_file": "13.webp",
          "emojis": ["вќ“","рџ¤”"]
        },
        {
          "image_file": "14.webp",
          "emojis": ["рџЊ€","рџњ"]
        },
        {
          "image_file": "15.webp",
          "emojis": ["рџ’»","рџ©"]
        },
        {
          "image_file": "16.webp",
          "emojis": ["рџЎ","рџ¤"]
        },
        {
          "image_file": "17.webp",
          "emojis": ["рџ©","рџЁ"]
        },
        {
          "image_file": "18.webp",
          "emojis": ["рџ’»","рџЊѓ"]
        },
        {
          "image_file": "19.webp",
          "emojis": ["рџЋ‰","вњЁ"]
        },
        {
          "image_file": "20.webp",
          "emojis": ["рџ¤®","рџ‘Ћ"]
        },
        {
          "image_file": "21.webp",
          "emojis": ["рџ±","рџµ"]
        },
        {
          "image_file": "22.webp",
          "emojis": ["рџЎ","рџ "]
        }
      ]
    },
    {
      "identifier": "Happy Birthday Cakes 1",
      "name": "Happy Birthday Cakes 1",
      "publisher": "GANESH",
      "tray_image_file": "8.webp",
      "image_data_version":"1",
      "avoid_cache":false,	  
      "publisher_email":"feedbacktomyapp@gmail.com",
      "publisher_website": "https://sites.google.com/view/programmingwithganesh/home",
      "privacy_policy_website": "https://sites.google.com/view/programmingwithganesh/home",
      "license_agreement_website": "https://sites.google.com/view/programmingwithganesh/home",
      "stickers": [
        {
          "image_file": "1.webp",
          "emojis": ["в•","рџ™‚"]
        },
        {
          "image_file": "2.webp",
          "emojis": ["рџ„","рџЂ"]
        },
        {
          "image_file": "3.webp",
          "emojis": ["рџ†","рџ‚"]
        },
        {
          "image_file": "4.webp",
          "emojis": ["рџ©","рџ°"]
        },
        {
          "image_file": "5.webp",
          "emojis": ["рџ­","рџ’§"]
        },
        {
          "image_file": "6.webp",
          "emojis": ["рџЌ","в™Ґ"]
        },
        {
          "image_file": "7.webp",
          "emojis": ["рџ’”","рџ‘Ћ"]
        },
        {
          "image_file": "8.webp",
          "emojis": ["рџЌ","рџ’‘"]
        },
        {
          "image_file": "9.webp",
          "emojis": ["рџ","рџЌЄ"]
        },
        {
          "image_file": "10.webp",
          "emojis": ["рџ¤”","рџђ"]
        },
        {
          "image_file": "11.webp",
          "emojis": ["рџ±","рџµ"]
        },
        {
          "image_file": "12.webp",
          "emojis": ["рџЎ","рџ "]
        },
        {
          "image_file": "13.webp",
          "emojis": ["вќ“","рџ¤”"]
        },
        {
          "image_file": "14.webp",
          "emojis": ["рџЊ€","рџњ"]
        },
        {
          "image_file": "15.webp",
          "emojis": ["рџ’»","рџ©"]
        },
        {
          "image_file": "16.webp",
          "emojis": ["рџЎ","рџ¤"]
        },
        {
          "image_file": "17.webp",
          "emojis": ["рџ©","рџЁ"]
        },
        {
          "image_file": "18.webp",
          "emojis": ["рџ’»","рџЊѓ"]
        },
        {
          "image_file": "19.webp",
          "emojis": ["рџЋ‰","вњЁ"]
        },
        {
          "image_file": "20.webp",
          "emojis": ["рџ¤®","рџ‘Ћ"]
        },
        {
          "image_file": "21.webp",
          "emojis": ["рџ±","рџµ"]
        },
        {
          "image_file": "22.webp",
          "emojis": ["рџЎ","рџ "]
        },
        {
          "image_file": "23.webp",
          "emojis": ["вќ“","рџ¤”"]
        },
        {
          "image_file": "24.webp",
          "emojis": ["рџЊ€","рџњ"]
        },
        {
          "image_file": "25.webp",
          "emojis": ["рџ’»","рџ©"]
        },
        {
          "image_file": "26.webp",
          "emojis": ["рџЎ","рџ¤"]
        }
      ]
    },
    {
      "identifier": "Happy Birthday Cakes 2",
      "name": "Happy Birthday Cakes 2",
      "publisher": "GANESH",
      "tray_image_file": "8.webp",
      "image_data_version":"1",
      "avoid_cache":false,	  
      "publisher_email":"feedbacktomyapp@gmail.com",
      "publisher_website": "https://sites.google.com/view/programmingwithganesh/home",
      "privacy_policy_website": "https://sites.google.com/view/programmingwithganesh/home",
      "license_agreement_website": "https://sites.google.com/view/programmingwithganesh/home",
      "stickers": [
        {
          "image_file": "1.webp",
          "emojis": ["в•","рџ™‚"]
        },
        {
          "image_file": "2.webp",
          "emojis": ["рџ„","рџЂ"]
        },
        {
          "image_file": "3.webp",
          "emojis": ["рџ†","рџ‚"]
        },
        {
          "image_file": "4.webp",
          "emojis": ["рџ©","рџ°"]
        },
        {
          "image_file": "5.webp",
          "emojis": ["рџ­","рџ’§"]
        },
        {
          "image_file": "6.webp",
          "emojis": ["рџЌ","в™Ґ"]
        },
        {
          "image_file": "7.webp",
          "emojis": ["рџ’”","рџ‘Ћ"]
        },
        {
          "image_file": "8.webp",
          "emojis": ["рџЌ","рџ’‘"]
        },
        {
          "image_file": "9.webp",
          "emojis": ["рџ","рџЌЄ"]
        },
        {
          "image_file": "10.webp",
          "emojis": ["рџ¤”","рџђ"]
        },
        {
          "image_file": "11.webp",
          "emojis": ["рџ±","рџµ"]
        },
        {
          "image_file": "12.webp",
          "emojis": ["рџЎ","рџ "]
        },
        {
          "image_file": "13.webp",
          "emojis": ["вќ“","рџ¤”"]
        },
        {
          "image_file": "14.webp",
          "emojis": ["рџЊ€","рџњ"]
        },
        {
          "image_file": "15.webp",
          "emojis": ["рџ’»","рџ©"]
        },
        {
          "image_file": "16.webp",
          "emojis": ["рџЎ","рџ¤"]
        },
        {
          "image_file": "17.webp",
          "emojis": ["рџ©","рџЁ"]
        },
        {
          "image_file": "18.webp",
          "emojis": ["рџ’»","рџЊѓ"]
        },
        {
          "image_file": "19.webp",
          "emojis": ["рџЋ‰","вњЁ"]
        },
        {
          "image_file": "20.webp",
          "emojis": ["рџ¤®","рџ‘Ћ"]
        },
        {
          "image_file": "21.webp",
          "emojis": ["рџ±","рџµ"]
        },
        {
          "image_file": "22.webp",
          "emojis": ["рџЎ","рџ "]
        },
        {
          "image_file": "23.webp",
          "emojis": ["вќ“","рџ¤”"]
        }
      ]
    },
    {
      "identifier": "Happy Birthday Cakes 3",
      "name": "Happy Birthday Cakes 3",
      "publisher": "GANESH",
      "tray_image_file": "8.webp",
      "image_data_version":"1",
      "avoid_cache":false,	  
      "publisher_email":"feedbacktomyapp@gmail.com",
      "publisher_website": "https://sites.google.com/view/programmingwithganesh/home",
      "privacy_policy_website": "https://sites.google.com/view/programmingwithganesh/home",
      "license_agreement_website": "https://sites.google.com/view/programmingwithganesh/home",
      "stickers": [
        {
          "image_file": "1.webp",
          "emojis": ["в•","рџ™‚"]
        },
        {
          "image_file": "2.webp",
          "emojis": ["рџ„","рџЂ"]
        },
        {
          "image_file": "3.webp",
          "emojis": ["рџ†","рџ‚"]
        },
        {
          "image_file": "4.webp",
          "emojis": ["рџ©","рџ°"]
        },
        {
          "image_file": "5.webp",
          "emojis": ["рџ­","рџ’§"]
        },
        {
          "image_file": "6.webp",
          "emojis": ["рџЌ","в™Ґ"]
        },
        {
          "image_file": "7.webp",
          "emojis": ["рџ’”","рџ‘Ћ"]
        },
        {
          "image_file": "8.webp",
          "emojis": ["рџЌ","рџ’‘"]
        },
        {
          "image_file": "9.webp",
          "emojis": ["рџ","рџЌЄ"]
        },
        {
          "image_file": "10.webp",
          "emojis": ["рџ¤”","рџђ"]
        },
        {
          "image_file": "11.webp",
          "emojis": ["рџ±","рџµ"]
        },
        {
          "image_file": "12.webp",
          "emojis": ["рџЎ","рџ "]
        },
        {
          "image_file": "13.webp",
          "emojis": ["вќ“","рџ¤”"]
        },
        {
          "image_file": "14.webp",
          "emojis": ["рџЊ€","рџњ"]
        },
        {
          "image_file": "15.webp",
          "emojis": ["рџ’»","рџ©"]
        },
        {
          "image_file": "16.webp",
          "emojis": ["рџЎ","рџ¤"]
        },
        {
          "image_file": "17.webp",
          "emojis": ["рџ©","рџЁ"]
        },
        {
          "image_file": "18.webp",
          "emojis": ["рџ’»","рџЊѓ"]
        },
        {
          "image_file": "19.webp",
          "emojis": ["рџЋ‰","вњЁ"]
        },
        {
          "image_file": "20.webp",
          "emojis": ["рџ¤®","рџ‘Ћ"]
        },
        {
          "image_file": "21.webp",
          "emojis": ["рџ±","рџµ"]
        },
        {
          "image_file": "22.webp",
          "emojis": ["рџЎ","рџ "]
        },
        {
          "image_file": "23.webp",
          "emojis": ["вќ“","рџ¤”"]
        },
        {
          "image_file": "24.webp",
          "emojis": ["рџЊ€","рџњ"]
        }
      ]
    },
    {
      "identifier": "Happy Birthday Cakes 4",
      "name": "Happy Birthday Cakes 4",
      "publisher": "GANESH",
      "tray_image_file": "8.webp",
      "image_data_version":"1",
      "avoid_cache":false,	  
      "publisher_email":"feedbacktomyapp@gmail.com",
      "publisher_website": "https://sites.google.com/view/programmingwithganesh/home",
      "privacy_policy_website": "https://sites.google.com/view/programmingwithganesh/home",
      "license_agreement_website": "https://sites.google.com/view/programmingwithganesh/home",
      "stickers": [
        {
          "image_file": "1.webp",
          "emojis": ["в•","рџ™‚"]
        },
        {
          "image_file": "2.webp",
          "emojis": ["рџ„","рџЂ"]
        },
        {
          "image_file": "3.webp",
          "emojis": ["рџ†","рџ‚"]
        },
        {
          "image_file": "4.webp",
          "emojis": ["рџ©","рџ°"]
        },
        {
          "image_file": "5.webp",
          "emojis": ["рџ­","рџ’§"]
        },
        {
          "image_file": "6.webp",
          "emojis": ["рџЌ","в™Ґ"]
        },
        {
          "image_file": "7.webp",
          "emojis": ["рџ’”","рџ‘Ћ"]
        },
        {
          "image_file": "8.webp",
          "emojis": ["рџЌ","рџ’‘"]
        },
        {
          "image_file": "9.webp",
          "emojis": ["рџ","рџЌЄ"]
        },
        {
          "image_file": "10.webp",
          "emojis": ["рџ¤”","рџђ"]
        },
        {
          "image_file": "11.webp",
          "emojis": ["рџ±","рџµ"]
        },
        {
          "image_file": "12.webp",
          "emojis": ["рџЎ","рџ "]
        },
        {
          "image_file": "13.webp",
          "emojis": ["вќ“","рџ¤”"]
        },
        {
          "image_file": "14.webp",
          "emojis": ["рџЊ€","рџњ"]
        },
        {
          "image_file": "15.webp",
          "emojis": ["рџ’»","рџ©"]
        },
        {
          "image_file": "16.webp",
          "emojis": ["рџЎ","рџ¤"]
        },
        {
          "image_file": "17.webp",
          "emojis": ["рџ©","рџЁ"]
        },
        {
          "image_file": "18.webp",
          "emojis": ["рџ’»","рџЊѓ"]
        },
        {
          "image_file": "19.webp",
          "emojis": ["рџЋ‰","вњЁ"]
        },
        {
          "image_file": "20.webp",
          "emojis": ["рџ¤®","рџ‘Ћ"]
        },
        {
          "image_file": "21.webp",
          "emojis": ["рџ±","рџµ"]
        },
        {
          "image_file": "22.webp",
          "emojis": ["рџЎ","рџ "]
        },
        {
          "image_file": "23.webp",
          "emojis": ["вќ“","рџ¤”"]
        }
      ]
    },
    {
      "identifier": "Happy Birthday Cakes 5",
      "name": "Happy Birthday Cakes 5",
      "publisher": "GANESH",
      "tray_image_file": "8.webp",
      "image_data_version":"1",
      "avoid_cache":false,	  
      "publisher_email":"feedbacktomyapp@gmail.com",
      "publisher_website": "https://sites.google.com/view/programmingwithganesh/home",
      "privacy_policy_website": "https://sites.google.com/view/programmingwithganesh/home",
      "license_agreement_website": "https://sites.google.com/view/programmingwithganesh/home",
      "stickers": [
        {
          "image_file": "1.webp",
          "emojis": ["в•","рџ™‚"]
        },
        {
          "image_file": "2.webp",
          "emojis": ["рџ„","рџЂ"]
        },
        {
          "image_file": "3.webp",
          "emojis": ["рџ†","рџ‚"]
        },
        {
          "image_file": "4.webp",
          "emojis": ["рџ©","рџ°"]
        },
        {
          "image_file": "5.webp",
          "emojis": ["рџ­","рџ’§"]
        },
        {
          "image_file": "6.webp",
          "emojis": ["рџЌ","в™Ґ"]
        },
        {
          "image_file": "7.webp",
          "emojis": ["рџ’”","рџ‘Ћ"]
        },
        {
          "image_file": "8.webp",
          "emojis": ["рџЌ","рџ’‘"]
        },
        {
          "image_file": "9.webp",
          "emojis": ["рџ","рџЌЄ"]
        },
        {
          "image_file": "10.webp",
          "emojis": ["рџ¤”","рџђ"]
        },
        {
          "image_file": "11.webp",
          "emojis": ["рџ±","рџµ"]
        },
        {
          "image_file": "12.webp",
          "emojis": ["рџЎ","рџ "]
        },
        {
          "image_file": "13.webp",
          "emojis": ["вќ“","рџ¤”"]
        },
        {
          "image_file": "14.webp",
          "emojis": ["рџЊ€","рџњ"]
        },
        {
          "image_file": "15.webp",
          "emojis": ["рџ’»","рџ©"]
        },
        {
          "image_file": "16.webp",
          "emojis": ["рџЎ","рџ¤"]
        },
        {
          "image_file": "17.webp",
          "emojis": ["рџ©","рџЁ"]
        },
        {
          "image_file": "18.webp",
          "emojis": ["рџ’»","рџЊѓ"]
        },
        {
          "image_file": "19.webp",
          "emojis": ["рџЋ‰","вњЁ"]
        },
        {
          "image_file": "20.webp",
          "emojis": ["рџ¤®","рџ‘Ћ"]
        },
        {
          "image_file": "21.webp",
          "emojis": ["рџ±","рџµ"]
        },
        {
          "image_file": "22.webp",
          "emojis": ["рџЎ","рџ "]
        },
        {
          "image_file": "23.webp",
          "emojis": ["вќ“","рџ¤”"]
        },
        {
          "image_file": "24.webp",
          "emojis": ["рџЊ€","рџњ"]
        },
        {
          "image_file": "25.webp",
          "emojis": ["рџ’»","рџ©"]
        },
        {
          "image_file": "26.webp",
          "emojis": ["рџЎ","рџ¤"]
        }
      ]
    },
    {
      "identifier": "Happy Birthday Gifts 1",
      "name": "Happy Birthday Gifts 1",
      "publisher": "GANESH",
      "tray_image_file": "8.webp",
      "image_data_version":"1",
      "avoid_cache":false,	  
      "publisher_email":"feedbacktomyapp@gmail.com",
      "publisher_website": "https://sites.google.com/view/programmingwithganesh/home",
      "privacy_policy_website": "https://sites.google.com/view/programmingwithganesh/home",
      "license_agreement_website": "https://sites.google.com/view/programmingwithganesh/home",
      "stickers": [
        {
          "image_file": "1.webp",
          "emojis": ["в•","рџ™‚"]
        },
        {
          "image_file": "2.webp",
          "emojis": ["рџ„","рџЂ"]
        },
        {
          "image_file": "3.webp",
          "emojis": ["рџ†","рџ‚"]
        },
        {
          "image_file": "4.webp",
          "emojis": ["рџ©","рџ°"]
        },
        {
          "image_file": "5.webp",
          "emojis": ["рџ­","рџ’§"]
        },
        {
          "image_file": "6.webp",
          "emojis": ["рџЌ","в™Ґ"]
        },
        {
          "image_file": "7.webp",
          "emojis": ["рџ’”","рџ‘Ћ"]
        },
        {
          "image_file": "8.webp",
          "emojis": ["рџЌ","рџ’‘"]
        },
        {
          "image_file": "9.webp",
          "emojis": ["рџ","рџЌЄ"]
        },
        {
          "image_file": "10.webp",
          "emojis": ["рџ¤”","рџђ"]
        },
        {
          "image_file": "11.webp",
          "emojis": ["рџ±","рџµ"]
        },
        {
          "image_file": "12.webp",
          "emojis": ["рџЎ","рџ "]
        },
        {
          "image_file": "13.webp",
          "emojis": ["вќ“","рџ¤”"]
        },
        {
          "image_file": "14.webp",
          "emojis": ["рџЊ€","рџњ"]
        },
        {
          "image_file": "15.webp",
          "emojis": ["рџ’»","рџ©"]
        },
        {
          "image_file": "16.webp",
          "emojis": ["рџЎ","рџ¤"]
        },
        {
          "image_file": "17.webp",
          "emojis": ["рџ©","рџЁ"]
        },
        {
          "image_file": "18.webp",
          "emojis": ["рџ’»","рџЊѓ"]
        },
        {
          "image_file": "19.webp",
          "emojis": ["рџЋ‰","вњЁ"]
        },
        {
          "image_file": "20.webp",
          "emojis": ["рџ¤®","рџ‘Ћ"]
        },
        {
          "image_file": "21.webp",
          "emojis": ["рџ±","рџµ"]
        },
        {
          "image_file": "22.webp",
          "emojis": ["рџЎ","рџ "]
        },
        {
          "image_file": "23.webp",
          "emojis": ["вќ“","рџ¤”"]
        },
        {
          "image_file": "24.webp",
          "emojis": ["рџЊ€","рџњ"]
        },
        {
          "image_file": "25.webp",
          "emojis": ["рџ’»","рџ©"]
        },
        {
          "image_file": "26.webp",
          "emojis": ["рџЎ","рџ¤"]
        },
        {
          "image_file": "27.webp",
          "emojis": ["рџ©","рџЁ"]
        },
        {
          "image_file": "28.webp",
          "emojis": ["рџ’»","рџЊѓ"]
        },
        {
          "image_file": "29.webp",
          "emojis": ["рџЋ‰","вњЁ"]
        },
        {
          "image_file": "30.webp",
          "emojis": ["рџ¤®","рџ‘Ћ"]
        }
      ]
    },
    {
      "identifier": "Happy Birthday Gifts 2",
      "name": "Happy Birthday Gifts 2",
      "publisher": "GANESH",
      "tray_image_file": "8.webp",
      "image_data_version":"1",
      "avoid_cache":false,	  
      "publisher_email":"feedbacktomyapp@gmail.com",
      "publisher_website": "https://sites.google.com/view/programmingwithganesh/home",
      "privacy_policy_website": "https://sites.google.com/view/programmingwithganesh/home",
      "license_agreement_website": "https://sites.google.com/view/programmingwithganesh/home",
      "stickers": [
        {
          "image_file": "1.webp",
          "emojis": ["в•","рџ™‚"]
        },
        {
          "image_file": "2.webp",
          "emojis": ["рџ„","рџЂ"]
        },
        {
          "image_file": "3.webp",
          "emojis": ["рџ†","рџ‚"]
        },
        {
          "image_file": "4.webp",
          "emojis": ["рџ©","рџ°"]
        },
        {
          "image_file": "5.webp",
          "emojis": ["рџ­","рџ’§"]
        },
        {
          "image_file": "6.webp",
          "emojis": ["рџЌ","в™Ґ"]
        },
        {
          "image_file": "7.webp",
          "emojis": ["рџ’”","рџ‘Ћ"]
        },
        {
          "image_file": "8.webp",
          "emojis": ["рџЌ","рџ’‘"]
        },
        {
          "image_file": "9.webp",
          "emojis": ["рџ","рџЌЄ"]
        },
        {
          "image_file": "10.webp",
          "emojis": ["рџ¤”","рџђ"]
        },
        {
          "image_file": "11.webp",
          "emojis": ["рџ±","рџµ"]
        },
        {
          "image_file": "12.webp",
          "emojis": ["рџЎ","рџ "]
        },
        {
          "image_file": "13.webp",
          "emojis": ["вќ“","рџ¤”"]
        },
        {
          "image_file": "14.webp",
          "emojis": ["рџЊ€","рџњ"]
        },
        {
          "image_file": "15.webp",
          "emojis": ["рџ’»","рџ©"]
        },
        {
          "image_file": "16.webp",
          "emojis": ["рџЎ","рџ¤"]
        },
        {
          "image_file": "17.webp",
          "emojis": ["рџ©","рџЁ"]
        },
        {
          "image_file": "18.webp",
          "emojis": ["рџ’»","рџЊѓ"]
        },
        {
          "image_file": "19.webp",
          "emojis": ["рџЋ‰","вњЁ"]
        },
        {
          "image_file": "20.webp",
          "emojis": ["рџ¤®","рџ‘Ћ"]
        },
        {
          "image_file": "21.webp",
          "emojis": ["рџ±","рџµ"]
        },
        {
          "image_file": "22.webp",
          "emojis": ["рџЎ","рџ "]
        },
        {
          "image_file": "23.webp",
          "emojis": ["вќ“","рџ¤”"]
        },
        {
          "image_file": "24.webp",
          "emojis": ["рџЊ€","рџњ"]
        },
        {
          "image_file": "25.webp",
          "emojis": ["рџ’»","рџ©"]
        },
        {
          "image_file": "26.webp",
          "emojis": ["рџЎ","рџ¤"]
        },
        {
          "image_file": "27.webp",
          "emojis": ["рџ©","рџЁ"]
        }
      ]
    },
    {
      "identifier": "Happy Birthday Gifts 3",
      "name": "Happy Birthday Gifts 3",
      "publisher": "GANESH",
      "tray_image_file": "8.webp",
      "image_data_version":"1",
      "avoid_cache":false,	  
      "publisher_email":"feedbacktomyapp@gmail.com",
      "publisher_website": "https://sites.google.com/view/programmingwithganesh/home",
      "privacy_policy_website": "https://sites.google.com/view/programmingwithganesh/home",
      "license_agreement_website": "https://sites.google.com/view/programmingwithganesh/home",
      "stickers": [
        {
          "image_file": "1.webp",
          "emojis": ["в•","рџ™‚"]
        },
        {
          "image_file": "2.webp",
          "emojis": ["рџ„","рџЂ"]
        },
        {
          "image_file": "3.webp",
          "emojis": ["рџ†","рџ‚"]
        },
        {
          "image_file": "4.webp",
          "emojis": ["рџ©","рџ°"]
        },
        {
          "image_file": "5.webp",
          "emojis": ["рџ­","рџ’§"]
        },
        {
          "image_file": "6.webp",
          "emojis": ["рџЌ","в™Ґ"]
        },
        {
          "image_file": "7.webp",
          "emojis": ["рџ’”","рџ‘Ћ"]
        },
        {
          "image_file": "8.webp",
          "emojis": ["рџЌ","рџ’‘"]
        },
        {
          "image_file": "9.webp",
          "emojis": ["рџ","рџЌЄ"]
        },
        {
          "image_file": "10.webp",
          "emojis": ["рџ¤”","рџђ"]
        },
        {
          "image_file": "11.webp",
          "emojis": ["рџ±","рџµ"]
        },
        {
          "image_file": "12.webp",
          "emojis": ["рџЎ","рџ "]
        },
        {
          "image_file": "13.webp",
          "emojis": ["вќ“","рџ¤”"]
        },
        {
          "image_file": "14.webp",
          "emojis": ["рџЊ€","рџњ"]
        },
        {
          "image_file": "15.webp",
          "emojis": ["рџ’»","рџ©"]
        },
        {
          "image_file": "16.webp",
          "emojis": ["рџЎ","рџ¤"]
        },
        {
          "image_file": "17.webp",
          "emojis": ["рџ©","рџЁ"]
        },
        {
          "image_file": "18.webp",
          "emojis": ["рџ’»","рџЊѓ"]
        },
        {
          "image_file": "19.webp",
          "emojis": ["рџЋ‰","вњЁ"]
        },
        {
          "image_file": "20.webp",
          "emojis": ["рџ¤®","рџ‘Ћ"]
        },
        {
          "image_file": "21.webp",
          "emojis": ["рџ±","рџµ"]
        },
        {
          "image_file": "22.webp",
          "emojis": ["рџЎ","рџ "]
        },
        {
          "image_file": "23.webp",
          "emojis": ["вќ“","рџ¤”"]
        }
      ]
    },
    {
      "identifier": "Happy Birthday Stickers",
      "name": "Happy Birthday Stickers",
      "publisher": "GANESH",
      "tray_image_file": "8.webp",
      "image_data_version":"1",
      "avoid_cache":false,
      "publisher_email":"feedbacktomyapp@gmail.com",
      "publisher_website": "https://sites.google.com/view/programmingwithganesh/home",
      "privacy_policy_website": "https://sites.google.com/view/programmingwithganesh/home",
      "license_agreement_website": "https://sites.google.com/view/programmingwithganesh/home",
      "stickers": [
        {
          "image_file": "1.webp",
          "emojis": ["в•","рџ™‚"]
        },
        {
          "image_file": "2.webp",
          "emojis": ["рџ„","рџЂ"]
        },
        {
          "image_file": "3.webp",
          "emojis": ["рџ†","рџ‚"]
        },
        {
          "image_file": "4.webp",
          "emojis": ["рџ©","рџ°"]
        },
        {
          "image_file": "5.webp",
          "emojis": ["рџ­","рџ’§"]
        },
        {
          "image_file": "6.webp",
          "emojis": ["рџЌ","в™Ґ"]
        },
        {
          "image_file": "7.webp",
          "emojis": ["рџ’”","рџ‘Ћ"]
        },
        {
          "image_file": "8.webp",
          "emojis": ["рџЌ","рџ’‘"]
        },
        {
          "image_file": "9.webp",
          "emojis": ["рџ","рџЌЄ"]
        },
        {
          "image_file": "10.webp",
          "emojis": ["рџ¤”","рџђ"]
        },
        {
          "image_file": "11.webp",
          "emojis": ["рџ±","рџµ"]
        },
        {
          "image_file": "12.webp",
          "emojis": ["рџЎ","рџ "]
        },
        {
          "image_file": "13.webp",
          "emojis": ["вќ“","рџ¤”"]
        },
        {
          "image_file": "14.webp",
          "emojis": ["рџЊ€","рџњ"]
        },
        {
          "image_file": "15.webp",
          "emojis": ["рџ’»","рџ©"]
        },
        {
          "image_file": "16.webp",
          "emojis": ["рџЎ","рџ¤"]
        },
        {
          "image_file": "17.webp",
          "emojis": ["рџ©","рџЁ"]
        },
        {
          "image_file": "18.webp",
          "emojis": ["рџ’»","рџЊѓ"]
        },
        {
          "image_file": "19.webp",
          "emojis": ["рџЋ‰","вњЁ"]
        }
      ]
    },
    {
      "identifier": "Happy Birthday Letters",
      "name": "Happy Birthday Letters",
      "publisher": "GANESH",
      "tray_image_file": "8.webp",
      "image_data_version":"1",
      "avoid_cache":false,	  
      "publisher_email":"feedbacktomyapp@gmail.com",
      "publisher_website": "https://sites.google.com/view/programmingwithganesh/home",
      "privacy_policy_website": "https://sites.google.com/view/programmingwithganesh/home",
      "license_agreement_website": "https://sites.google.com/view/programmingwithganesh/home",
      "stickers": [
        {
          "image_file": "1.webp",
          "emojis": ["в•","рџ™‚"]
        },
        {
          "image_file": "2.webp",
          "emojis": ["рџ„","рџЂ"]
        },
        {
          "image_file": "3.webp",
          "emojis": ["рџ†","рџ‚"]
        },
        {
          "image_file": "4.webp",
          "emojis": ["рџ©","рџ°"]
        },
        {
          "image_file": "5.webp",
          "emojis": ["рџ­","рџ’§"]
        },
        {
          "image_file": "6.webp",
          "emojis": ["рџЌ","в™Ґ"]
        },
        {
          "image_file": "7.webp",
          "emojis": ["рџ’”","рџ‘Ћ"]
        },
        {
          "image_file": "8.webp",
          "emojis": ["рџЌ","рџ’‘"]
        },
        {
          "image_file": "9.webp",
          "emojis": ["рџ","рџЌЄ"]
        },
        {
          "image_file": "10.webp",
          "emojis": ["рџ¤”","рџђ"]
        },
        {
          "image_file": "11.webp",
          "emojis": ["рџ±","рџµ"]
        },
        {
          "image_file": "12.webp",
          "emojis": ["рџЎ","рџ "]
        },
        {
          "image_file": "13.webp",
          "emojis": ["вќ“","рџ¤”"]
        },
        {
          "image_file": "14.webp",
          "emojis": ["рџЊ€","рџњ"]
        },
        {
          "image_file": "15.webp",
          "emojis": ["рџ’»","рџ©"]
        },
        {
          "image_file": "16.webp",
          "emojis": ["рџЎ","рџ¤"]
        },
        {
          "image_file": "17.webp",
          "emojis": ["рџ©","рџЁ"]
        },
        {
          "image_file": "18.webp",
          "emojis": ["рџ’»","рџЊѓ"]
        },
        {
          "image_file": "19.webp",
          "emojis": ["рџЋ‰","вњЁ"]
        },
        {
          "image_file": "20.webp",
          "emojis": ["рџ¤®","рџ‘Ћ"]
        },
        {
          "image_file": "21.webp",
          "emojis": ["рџ±","рџµ"]
        },
        {
          "image_file": "22.webp",
          "emojis": ["рџЎ","рџ "]
        },
        {
          "image_file": "23.webp",
          "emojis": ["вќ“","рџ¤”"]
        },
        {
          "image_file": "24.webp",
          "emojis": ["рџЊ€","рџњ"]
        },
        {
          "image_file": "25.webp",
          "emojis": ["рџ’»","рџ©"]
        },
        {
          "image_file": "26.webp",
          "emojis": ["рџЎ","рџ¤"]
        }
      ]
    },
    {
      "identifier": "Happy Birthday Symbols 1",
      "name": "Happy Birthday Symbols 1",
      "publisher": "GANESH",
      "tray_image_file": "8.webp",
      "image_data_version":"1",
      "avoid_cache":false,	  
      "publisher_email":"feedbacktomyapp@gmail.com",
      "publisher_website": "https://sites.google.com/view/programmingwithganesh/home",
      "privacy_policy_website": "https://sites.google.com/view/programmingwithganesh/home",
      "license_agreement_website": "https://sites.google.com/view/programmingwithganesh/home",
      "stickers": [
        {
          "image_file": "1.webp",
          "emojis": ["в•","рџ™‚"]
        },
        {
          "image_file": "2.webp",
          "emojis": ["рџ„","рџЂ"]
        },
        {
          "image_file": "3.webp",
          "emojis": ["рџ†","рџ‚"]
        },
        {
          "image_file": "4.webp",
          "emojis": ["рџ©","рџ°"]
        },
        {
          "image_file": "5.webp",
          "emojis": ["рџ­","рџ’§"]
        },
        {
          "image_file": "6.webp",
          "emojis": ["рџЌ","в™Ґ"]
        },
        {
          "image_file": "7.webp",
          "emojis": ["рџ’”","рџ‘Ћ"]
        },
        {
          "image_file": "8.webp",
          "emojis": ["рџЌ","рџ’‘"]
        },
        {
          "image_file": "9.webp",
          "emojis": ["рџ","рџЌЄ"]
        },
        {
          "image_file": "10.webp",
          "emojis": ["рџ¤”","рџђ"]
        },
        {
          "image_file": "11.webp",
          "emojis": ["рџ±","рџµ"]
        },
        {
          "image_file": "12.webp",
          "emojis": ["рџЎ","рџ "]
        },
        {
          "image_file": "13.webp",
          "emojis": ["вќ“","рџ¤”"]
        },
        {
          "image_file": "14.webp",
          "emojis": ["рџЊ€","рџњ"]
        },
        {
          "image_file": "15.webp",
          "emojis": ["рџ’»","рџ©"]
        },
        {
          "image_file": "16.webp",
          "emojis": ["рџЎ","рџ¤"]
        },
        {
          "image_file": "17.webp",
          "emojis": ["рџ©","рџЁ"]
        },
        {
          "image_file": "18.webp",
          "emojis": ["рџ’»","рџЊѓ"]
        },
        {
          "image_file": "19.webp",
          "emojis": ["рџЋ‰","вњЁ"]
        },
        {
          "image_file": "20.webp",
          "emojis": ["рџ¤®","рџ‘Ћ"]
        },
        {
          "image_file": "21.webp",
          "emojis": ["рџ±","рџµ"]
        },
        {
          "image_file": "22.webp",
          "emojis": ["рџЎ","рџ "]
        },
        {
          "image_file": "23.webp",
          "emojis": ["вќ“","рџ¤”"]
        },
        {
          "image_file": "24.webp",
          "emojis": ["рџЊ€","рџњ"]
        }
      ]
    },
    {
      "identifier": "Happy Birthday Symbols 2",
      "name": "Happy Birthday Symbols 2",
      "publisher": "GANESH",
      "tray_image_file": "8.webp",
      "image_data_version":"1",
      "avoid_cache":false,	  
      "publisher_email":"feedbacktomyapp@gmail.com",
      "publisher_website": "https://sites.google.com/view/programmingwithganesh/home",
      "privacy_policy_website": "https://sites.google.com/view/programmingwithganesh/home",
      "license_agreement_website": "https://sites.google.com/view/programmingwithganesh/home",
      "stickers": [
        {
          "image_file": "1.webp",
          "emojis": ["в•","рџ™‚"]
        },
        {
          "image_file": "2.webp",
          "emojis": ["рџ„","рџЂ"]
        },
        {
          "image_file": "3.webp",
          "emojis": ["рџ†","рџ‚"]
        },
        {
          "image_file": "4.webp",
          "emojis": ["рџ©","рџ°"]
        },
        {
          "image_file": "5.webp",
          "emojis": ["рџ­","рџ’§"]
        },
        {
          "image_file": "6.webp",
          "emojis": ["рџЌ","в™Ґ"]
        },
        {
          "image_file": "7.webp",
          "emojis": ["рџ’”","рџ‘Ћ"]
        },
        {
          "image_file": "8.webp",
          "emojis": ["рџЌ","рџ’‘"]
        },
        {
          "image_file": "9.webp",
          "emojis": ["рџ","рџЌЄ"]
        },
        {
          "image_file": "10.webp",
          "emojis": ["рџ¤”","рџђ"]
        },
        {
          "image_file": "11.webp",
          "emojis": ["рџ±","рџµ"]
        },
        {
          "image_file": "12.webp",
          "emojis": ["рџЎ","рџ "]
        },
        {
          "image_file": "13.webp",
          "emojis": ["вќ“","рџ¤”"]
        },
        {
          "image_file": "14.webp",
          "emojis": ["рџЊ€","рџњ"]
        },
        {
          "image_file": "15.webp",
          "emojis": ["рџ’»","рџ©"]
        },
        {
          "image_file": "16.webp",
          "emojis": ["рџЎ","рџ¤"]
        },
        {
          "image_file": "17.webp",
          "emojis": ["рџ©","рџЁ"]
        },
        {
          "image_file": "18.webp",
          "emojis": ["рџ’»","рџЊѓ"]
        },
        {
          "image_file": "19.webp",
          "emojis": ["рџЋ‰","вњЁ"]
        },
        {
          "image_file": "20.webp",
          "emojis": ["рџ¤®","рџ‘Ћ"]
        },
        {
          "image_file": "21.webp",
          "emojis": ["рџ±","рџµ"]
        },
        {
          "image_file": "22.webp",
          "emojis": ["рџЎ","рџ "]
        },
        {
          "image_file": "23.webp",
          "emojis": ["вќ“","рџ¤”"]
        },
        {
          "image_file": "24.webp",
          "emojis": ["рџЊ€","рџњ"]
        },
        {
          "image_file": "25.webp",
          "emojis": ["рџ’»","рџ©"]
        },
        {
          "image_file": "26.webp",
          "emojis": ["рџЎ","рџ¤"]
        }
      ]
    },
    {
      "identifier": "Happy Birthday Symbols 3",
      "name": "Happy Birthday Symbols 3",
      "publisher": "GANESH",
      "tray_image_file": "8.webp",
      "image_data_version":"1",
      "avoid_cache":false,	  
      "publisher_email":"feedbacktomyapp@gmail.com",
      "publisher_website": "https://sites.google.com/view/programmingwithganesh/home",
      "privacy_policy_website": "https://sites.google.com/view/programmingwithganesh/home",
      "license_agreement_website": "https://sites.google.com/view/programmingwithganesh/home",
      "stickers": [
        {
          "image_file": "1.webp",
          "emojis": ["в•","рџ™‚"]
        },
        {
          "image_file": "2.webp",
          "emojis": ["рџ„","рџЂ"]
        },
        {
          "image_file": "3.webp",
          "emojis": ["рџ†","рџ‚"]
        },
        {
          "image_file": "4.webp",
          "emojis": ["рџ©","рџ°"]
        },
        {
          "image_file": "5.webp",
          "emojis": ["рџ­","рџ’§"]
        },
        {
          "image_file": "6.webp",
          "emojis": ["рџЌ","в™Ґ"]
        },
        {
          "image_file": "7.webp",
          "emojis": ["рџ’”","рџ‘Ћ"]
        },
        {
          "image_file": "8.webp",
          "emojis": ["рџЌ","рџ’‘"]
        },
        {
          "image_file": "9.webp",
          "emojis": ["рџ","рџЌЄ"]
        },
        {
          "image_file": "10.webp",
          "emojis": ["рџ¤”","рџђ"]
        },
        {
          "image_file": "11.webp",
          "emojis": ["рџ±","рџµ"]
        },
        {
          "image_file": "12.webp",
          "emojis": ["рџЎ","рџ "]
        },
        {
          "image_file": "13.webp",
          "emojis": ["вќ“","рџ¤”"]
        },
        {
          "image_file": "14.webp",
          "emojis": ["рџЊ€","рџњ"]
        },
        {
          "image_file": "15.webp",
          "emojis": ["рџ’»","рџ©"]
        },
        {
          "image_file": "16.webp",
          "emojis": ["рџЎ","рџ¤"]
        },
        {
          "image_file": "17.webp",
          "emojis": ["рџ©","рџЁ"]
        },
        {
          "image_file": "18.webp",
          "emojis": ["рџ’»","рџЊѓ"]
        },
        {
          "image_file": "19.webp",
          "emojis": ["рџЋ‰","вњЁ"]
        },
        {
          "image_file": "20.webp",
          "emojis": ["рџ¤®","рџ‘Ћ"]
        },
        {
          "image_file": "21.webp",
          "emojis": ["рџ±","рџµ"]
        },
        {
          "image_file": "22.webp",
          "emojis": ["рџЎ","рџ "]
        },
        {
          "image_file": "23.webp",
          "emojis": ["вќ“","рџ¤”"]
        },
        {
          "image_file": "24.webp",
          "emojis": ["рџЊ€","рџњ"]
        },
        {
          "image_file": "25.webp",
          "emojis": ["рџ’»","рџ©"]
        }
      ]
    },
    {
      "identifier": "Happy Birthday Texts 1",
      "name": "Happy Birthday Texts 1",
      "publisher": "GANESH",
      "tray_image_file": "8.webp",
      "image_data_version":"1",
      "avoid_cache":false,	  
      "publisher_email":"feedbacktomyapp@gmail.com",
      "publisher_website": "https://sites.google.com/view/programmingwithganesh/home",
      "privacy_policy_website": "https://sites.google.com/view/programmingwithganesh/home",
      "license_agreement_website": "https://sites.google.com/view/programmingwithganesh/home",
      "stickers": [
        {
          "image_file": "1.webp",
          "emojis": ["в•","рџ™‚"]
        },
        {
          "image_file": "2.webp",
          "emojis": ["рџ„","рџЂ"]
        },
        {
          "image_file": "3.webp",
          "emojis": ["рџ†","рџ‚"]
        },
        {
          "image_file": "4.webp",
          "emojis": ["рџ©","рџ°"]
        },
        {
          "image_file": "5.webp",
          "emojis": ["рџ­","рџ’§"]
        },
        {
          "image_file": "6.webp",
          "emojis": ["рџЌ","в™Ґ"]
        },
        {
          "image_file": "7.webp",
          "emojis": ["рџ’”","рџ‘Ћ"]
        },
        {
          "image_file": "8.webp",
          "emojis": ["рџЌ","рџ’‘"]
        },
        {
          "image_file": "9.webp",
          "emojis": ["рџ","рџЌЄ"]
        },
        {
          "image_file": "10.webp",
          "emojis": ["рџ¤”","рџђ"]
        },
        {
          "image_file": "11.webp",
          "emojis": ["рџ±","рџµ"]
        },
        {
          "image_file": "12.webp",
          "emojis": ["рџЎ","рџ "]
        },
        {
          "image_file": "13.webp",
          "emojis": ["вќ“","рџ¤”"]
        },
        {
          "image_file": "14.webp",
          "emojis": ["рџЊ€","рџњ"]
        },
        {
          "image_file": "15.webp",
          "emojis": ["рџ’»","рџ©"]
        },
        {
          "image_file": "16.webp",
          "emojis": ["рџЎ","рџ¤"]
        },
        {
          "image_file": "17.webp",
          "emojis": ["рџ©","рџЁ"]
        },
        {
          "image_file": "18.webp",
          "emojis": ["рџ’»","рџЊѓ"]
        },
        {
          "image_file": "19.webp",
          "emojis": ["рџЋ‰","вњЁ"]
        },
        {
          "image_file": "20.webp",
          "emojis": ["рџ¤®","рџ‘Ћ"]
        },
        {
          "image_file": "21.webp",
          "emojis": ["рџ±","рџµ"]
        },
        {
          "image_file": "22.webp",
          "emojis": ["рџЎ","рџ "]
        },
        {
          "image_file": "23.webp",
          "emojis": ["вќ“","рџ¤”"]
        },
        {
          "image_file": "24.webp",
          "emojis": ["рџЊ€","рџњ"]
        },
        {
          "image_file": "25.webp",
          "emojis": ["рџ’»","рџ©"]
        }
      ]
    },
    {
      "identifier": "Happy Birthday Texts 2",
      "name": "Happy Birthday Texts 2",
      "publisher": "GANESH",
      "tray_image_file": "8.webp",
      "image_data_version":"1",
      "avoid_cache":false,	  
      "publisher_email":"feedbacktomyapp@gmail.com",
      "publisher_website": "https://sites.google.com/view/programmingwithganesh/home",
      "privacy_policy_website": "https://sites.google.com/view/programmingwithganesh/home",
      "license_agreement_website": "https://sites.google.com/view/programmingwithganesh/home",
      "stickers": [
        {
          "image_file": "1.webp",
          "emojis": ["в•","рџ™‚"]
        },
        {
          "image_file": "2.webp",
          "emojis": ["рџ„","рџЂ"]
        },
        {
          "image_file": "3.webp",
          "emojis": ["рџ†","рџ‚"]
        },
        {
          "image_file": "4.webp",
          "emojis": ["рџ©","рџ°"]
        },
        {
          "image_file": "5.webp",
          "emojis": ["рџ­","рџ’§"]
        },
        {
          "image_file": "6.webp",
          "emojis": ["рџЌ","в™Ґ"]
        },
        {
          "image_file": "7.webp",
          "emojis": ["рџ’”","рџ‘Ћ"]
        },
        {
          "image_file": "8.webp",
          "emojis": ["рџЌ","рџ’‘"]
        },
        {
          "image_file": "9.webp",
          "emojis": ["рџ","рџЌЄ"]
        },
        {
          "image_file": "10.webp",
          "emojis": ["рџ¤”","рџђ"]
        },
        {
          "image_file": "11.webp",
          "emojis": ["рџ±","рџµ"]
        },
        {
          "image_file": "12.webp",
          "emojis": ["рџЎ","рџ "]
        },
        {
          "image_file": "13.webp",
          "emojis": ["вќ“","рџ¤”"]
        },
        {
          "image_file": "14.webp",
          "emojis": ["рџЊ€","рџњ"]
        },
        {
          "image_file": "15.webp",
          "emojis": ["рџ’»","рџ©"]
        },
        {
          "image_file": "16.webp",
          "emojis": ["рџЎ","рџ¤"]
        },
        {
          "image_file": "17.webp",
          "emojis": ["рџ©","рџЁ"]
        },
        {
          "image_file": "18.webp",
          "emojis": ["рџ’»","рџЊѓ"]
        },
        {
          "image_file": "19.webp",
          "emojis": ["рџЋ‰","вњЁ"]
        },
        {
          "image_file": "20.webp",
          "emojis": ["рџ¤®","рџ‘Ћ"]
        },
        {
          "image_file": "21.webp",
          "emojis": ["рџ±","рџµ"]
        },
        {
          "image_file": "22.webp",
          "emojis": ["рџЎ","рџ "]
        },
        {
          "image_file": "23.webp",
          "emojis": ["вќ“","рџ¤”"]
        },
        {
          "image_file": "24.webp",
          "emojis": ["рџЊ€","рџњ"]
        },
        {
          "image_file": "25.webp",
          "emojis": ["рџ’»","рџ©"]
        },
        {
          "image_file": "26.webp",
          "emojis": ["рџЎ","рџ¤"]
        },
        {
          "image_file": "27.webp",
          "emojis": ["рџ©","рџЁ"]
        },
        {
          "image_file": "28.webp",
          "emojis": ["рџ’»","рџЊѓ"]
        },
        {
          "image_file": "29.webp",
          "emojis": ["рџЋ‰","вњЁ"]
        },
        {
          "image_file": "30.webp",
          "emojis": ["рџ¤®","рџ‘Ћ"]
        }
      ]
    },
    {
      "identifier": "Happy Birthday Texts 3",
      "name": "Happy Birthday Texts 3",
      "publisher": "GANESH",
      "tray_image_file": "8.webp",
      "image_data_version":"1",
      "avoid_cache":false,	  
      "publisher_email":"feedbacktomyapp@gmail.com",
      "publisher_website": "https://sites.google.com/view/programmingwithganesh/home",
      "privacy_policy_website": "https://sites.google.com/view/programmingwithganesh/home",
      "license_agreement_website": "https://sites.google.com/view/programmingwithganesh/home",
      "stickers": [
        {
          "image_file": "1.webp",
          "emojis": ["в•","рџ™‚"]
        },
        {
          "image_file": "2.webp",
          "emojis": ["рџ„","рџЂ"]
        },
        {
          "image_file": "3.webp",
          "emojis": ["рџ†","рџ‚"]
        },
        {
          "image_file": "4.webp",
          "emojis": ["рџ©","рџ°"]
        },
        {
          "image_file": "5.webp",
          "emojis": ["рџ­","рџ’§"]
        },
        {
          "image_file": "6.webp",
          "emojis": ["рџЌ","в™Ґ"]
        },
        {
          "image_file": "7.webp",
          "emojis": ["рџ’”","рџ‘Ћ"]
        },
        {
          "image_file": "8.webp",
          "emojis": ["рџЌ","рџ’‘"]
        },
        {
          "image_file": "9.webp",
          "emojis": ["рџ","рџЌЄ"]
        },
        {
          "image_file": "10.webp",
          "emojis": ["рџ¤”","рџђ"]
        },
        {
          "image_file": "11.webp",
          "emojis": ["рџ±","рџµ"]
        },
        {
          "image_file": "12.webp",
          "emojis": ["рџЎ","рџ "]
        },
        {
          "image_file": "13.webp",
          "emojis": ["вќ“","рџ¤”"]
        },
        {
          "image_file": "14.webp",
          "emojis": ["рџЊ€","рџњ"]
        },
        {
          "image_file": "15.webp",
          "emojis": ["рџ’»","рџ©"]
        },
        {
          "image_file": "16.webp",
          "emojis": ["рџЎ","рџ¤"]
        },
        {
          "image_file": "17.webp",
          "emojis": ["рџ©","рџЁ"]
        },
        {
          "image_file": "18.webp",
          "emojis": ["рџ’»","рџЊѓ"]
        },
        {
          "image_file": "19.webp",
          "emojis": ["рџЋ‰","вњЁ"]
        },
        {
          "image_file": "20.webp",
          "emojis": ["рџ¤®","рџ‘Ћ"]
        },
        {
          "image_file": "21.webp",
          "emojis": ["рџ±","рџµ"]
        },
        {
          "image_file": "22.webp",
          "emojis": ["рџЎ","рџ "]
        },
        {
          "image_file": "23.webp",
          "emojis": ["вќ“","рџ¤”"]
        },
        {
          "image_file": "24.webp",
          "emojis": ["рџЊ€","рџњ"]
        },
        {
          "image_file": "25.webp",
          "emojis": ["рџ’»","рџ©"]
        },
        {
          "image_file": "26.webp",
          "emojis": ["рџЎ","рџ¤"]
        },
        {
          "image_file": "27.webp",
          "emojis": ["рџ©","рџЁ"]
        }
      ]
    },
    {
      "identifier": "Happy Birthday Texts 4",
      "name": "Happy Birthday Texts 4",
      "publisher": "GANESH",
      "tray_image_file": "8.webp",
      "image_data_version":"1",
      "avoid_cache":false,	  
      "publisher_email":"feedbacktomyapp@gmail.com",
      "publisher_website": "https://sites.google.com/view/programmingwithganesh/home",
      "privacy_policy_website": "https://sites.google.com/view/programmingwithganesh/home",
      "license_agreement_website": "https://sites.google.com/view/programmingwithganesh/home",
      "stickers": [
        {
          "image_file": "1.webp",
          "emojis": ["в•","рџ™‚"]
        },
        {
          "image_file": "2.webp",
          "emojis": ["рџ„","рџЂ"]
        },
        {
          "image_file": "3.webp",
          "emojis": ["рџ†","рџ‚"]
        },
        {
          "image_file": "4.webp",
          "emojis": ["рџ©","рџ°"]
        },
        {
          "image_file": "5.webp",
          "emojis": ["рџ­","рџ’§"]
        },
        {
          "image_file": "6.webp",
          "emojis": ["рџЌ","в™Ґ"]
        },
        {
          "image_file": "7.webp",
          "emojis": ["рџ’”","рџ‘Ћ"]
        },
        {
          "image_file": "8.webp",
          "emojis": ["рџЌ","рџ’‘"]
        },
        {
          "image_file": "9.webp",
          "emojis": ["рџ","рџЌЄ"]
        },
        {
          "image_file": "10.webp",
          "emojis": ["рџ¤”","рџђ"]
        },
        {
          "image_file": "11.webp",
          "emojis": ["рџ±","рџµ"]
        },
        {
          "image_file": "12.webp",
          "emojis": ["рџЎ","рџ "]
        },
        {
          "image_file": "13.webp",
          "emojis": ["вќ“","рџ¤”"]
        },
        {
          "image_file": "14.webp",
          "emojis": ["рџЊ€","рџњ"]
        },
        {
          "image_file": "15.webp",
          "emojis": ["рџ’»","рџ©"]
        },
        {
          "image_file": "16.webp",
          "emojis": ["рџЎ","рџ¤"]
        },
        {
          "image_file": "17.webp",
          "emojis": ["рџ©","рџЁ"]
        },
        {
          "image_file": "18.webp",
          "emojis": ["рџ’»","рџЊѓ"]
        },
        {
          "image_file": "19.webp",
          "emojis": ["рџЋ‰","вњЁ"]
        },
        {
          "image_file": "20.webp",
          "emojis": ["рџ¤®","рџ‘Ћ"]
        },
        {
          "image_file": "21.webp",
          "emojis": ["рџ±","рџµ"]
        },
        {
          "image_file": "22.webp",
          "emojis": ["рџЎ","рџ "]
        },
        {
          "image_file": "23.webp",
          "emojis": ["вќ“","рџ¤”"]
        },
        {
          "image_file": "24.webp",
          "emojis": ["рџЊ€","рџњ"]
        },
        {
          "image_file": "25.webp",
          "emojis": ["рџ’»","рџ©"]
        },
        {
          "image_file": "26.webp",
          "emojis": ["рџЎ","рџ¤"]
        },
        {
          "image_file": "27.webp",
          "emojis": ["рџ©","рџЁ"]
        },
        {
          "image_file": "28.webp",
          "emojis": ["рџ’»","рџЊѓ"]
        },
        {
          "image_file": "29.webp",
          "emojis": ["рџЋ‰","вњЁ"]
        }
      ]
    },
    {
      "identifier": "Happy Birthday Texts 5",
      "name": "Happy Birthday Texts 5",
      "publisher": "GANESH",
      "tray_image_file": "7.webp",
      "image_data_version":"1",
      "avoid_cache":false,	  
      "publisher_email":"feedbacktomyapp@gmail.com",
      "publisher_website": "https://sites.google.com/view/programmingwithganesh/home",
      "privacy_policy_website": "https://sites.google.com/view/programmingwithganesh/home",
      "license_agreement_website": "https://sites.google.com/view/programmingwithganesh/home",
      "stickers": [
        {
          "image_file": "1.webp",
          "emojis": ["в•","рџ™‚"]
        },
        {
          "image_file": "2.webp",
          "emojis": ["рџ„","рџЂ"]
        },
        {
          "image_file": "3.webp",
          "emojis": ["рџ†","рџ‚"]
        },
        {
          "image_file": "4.webp",
          "emojis": ["рџ©","рџ°"]
        },
        {
          "image_file": "5.webp",
          "emojis": ["рџ­","рџ’§"]
        },
        {
          "image_file": "6.webp",
          "emojis": ["рџЌ","в™Ґ"]
        },
        {
          "image_file": "7.webp",
          "emojis": ["рџ’”","рџ‘Ћ"]
        },
        {
          "image_file": "8.webp",
          "emojis": ["рџЌ","рџ’‘"]
        },
        {
          "image_file": "9.webp",
          "emojis": ["рџ","рџЌЄ"]
        },
        {
          "image_file": "10.webp",
          "emojis": ["рџ¤”","рџђ"]
        },
        {
          "image_file": "11.webp",
          "emojis": ["рџ±","рџµ"]
        },
        {
          "image_file": "12.webp",
          "emojis": ["рџЎ","рџ "]
        },
        {
          "image_file": "13.webp",
          "emojis": ["вќ“","рџ¤”"]
        },
        {
          "image_file": "14.webp",
          "emojis": ["рџЊ€","рџњ"]
        },
        {
          "image_file": "15.webp",
          "emojis": ["рџ’»","рџ©"]
        },
        {
          "image_file": "16.webp",
          "emojis": ["рџЎ","рџ¤"]
        },
        {
          "image_file": "17.webp",
          "emojis": ["рџ©","рџЁ"]
        },
        {
          "image_file": "18.webp",
          "emojis": ["рџ’»","рџЊѓ"]
        },
        {
          "image_file": "19.webp",
          "emojis": ["рџЋ‰","вњЁ"]
        },
        {
          "image_file": "20.webp",
          "emojis": ["рџ¤®","рџ‘Ћ"]
        },
        {
          "image_file": "21.webp",
          "emojis": ["рџ±","рџµ"]
        },
        {
          "image_file": "22.webp",
          "emojis": ["рџЎ","рџ "]
        },
        {
          "image_file": "23.webp",
          "emojis": ["вќ“","рџ¤”"]
        },
        {
          "image_file": "24.webp",
          "emojis": ["рџЊ€","рџњ"]
        },
        {
          "image_file": "25.webp",
          "emojis": ["рџ’»","рџ©"]
        },
        {
          "image_file": "26.webp",
          "emojis": ["рџЎ","рџ¤"]
        },
        {
          "image_file": "27.webp",
          "emojis": ["рџ©","рџЁ"]
        }
      ]
    },
    {
      "identifier": "Happy Birthday Texts 6",
      "name": "Happy Birthday Texts 6",
      "publisher": "GANESH",
      "tray_image_file": "8.webp",
      "image_data_version":"1",
      "avoid_cache":false,	  
      "publisher_email":"feedbacktomyapp@gmail.com",
      "publisher_website": "https://sites.google.com/view/programmingwithganesh/home",
      "privacy_policy_website": "https://sites.google.com/view/programmingwithganesh/home",
      "license_agreement_website": "https://sites.google.com/view/programmingwithganesh/home",
      "stickers": [
        {
          "image_file": "1.webp",
          "emojis": ["в•","рџ™‚"]
        },
        {
          "image_file": "2.webp",
          "emojis": ["рџ„","рџЂ"]
        },
        {
          "image_file": "3.webp",
          "emojis": ["рџ†","рџ‚"]
        },
        {
          "image_file": "4.webp",
          "emojis": ["рџ©","рџ°"]
        },
        {
          "image_file": "5.webp",
          "emojis": ["рџ­","рџ’§"]
        },
        {
          "image_file": "6.webp",
          "emojis": ["рџЌ","в™Ґ"]
        },
        {
          "image_file": "7.webp",
          "emojis": ["рџ’”","рџ‘Ћ"]
        },
        {
          "image_file": "8.webp",
          "emojis": ["рџЌ","рџ’‘"]
        },
        {
          "image_file": "9.webp",
          "emojis": ["рџ","рџЌЄ"]
        },
        {
          "image_file": "10.webp",
          "emojis": ["рџ¤”","рџђ"]
        },
        {
          "image_file": "11.webp",
          "emojis": ["рџ±","рџµ"]
        },
        {
          "image_file": "12.webp",
          "emojis": ["рџЎ","рџ "]
        },
        {
          "image_file": "13.webp",
          "emojis": ["вќ“","рџ¤”"]
        },
        {
          "image_file": "14.webp",
          "emojis": ["рџЊ€","рџњ"]
        },
        {
          "image_file": "15.webp",
          "emojis": ["рџ’»","рџ©"]
        },
        {
          "image_file": "16.webp",
          "emojis": ["рџЎ","рџ¤"]
        },
        {
          "image_file": "17.webp",
          "emojis": ["рџ©","рџЁ"]
        },
        {
          "image_file": "18.webp",
          "emojis": ["рџ’»","рџЊѓ"]
        },
        {
          "image_file": "19.webp",
          "emojis": ["рџЋ‰","вњЁ"]
        },
        {
          "image_file": "20.webp",
          "emojis": ["рџ¤®","рџ‘Ћ"]
        },
        {
          "image_file": "21.webp",
          "emojis": ["рџ±","рџµ"]
        },
        {
          "image_file": "22.webp",
          "emojis": ["рџЎ","рџ "]
        },
        {
          "image_file": "23.webp",
          "emojis": ["вќ“","рџ¤”"]
        },
        {
          "image_file": "24.webp",
          "emojis": ["рџЊ€","рџњ"]
        },
        {
          "image_file": "25.webp",
          "emojis": ["рџ’»","рџ©"]
        },
        {
          "image_file": "26.webp",
          "emojis": ["рџЎ","рџ¤"]
        },
        {
          "image_file": "27.webp",
          "emojis": ["рџ©","рџЁ"]
        },
        {
          "image_file": "28.webp",
          "emojis": ["рџ’»","рџЊѓ"]
        },
        {
          "image_file": "29.webp",
          "emojis": ["рџЋ‰","вњЁ"]
        },
        {
          "image_file": "30.webp",
          "emojis": ["рџ¤®","рџ‘Ћ"]
        }
      ]
    },
    {
      "identifier": "Happy Birthday Texts 7",
      "name": "Happy Birthday Texts 7",
      "publisher": "GANESH",
      "tray_image_file": "8.webp",
      "image_data_version":"1",
      "avoid_cache":false,	  
      "publisher_email":"feedbacktomyapp@gmail.com",
      "publisher_website": "https://sites.google.com/view/programmingwithganesh/home",
      "privacy_policy_website": "https://sites.google.com/view/programmingwithganesh/home",
      "license_agreement_website": "https://sites.google.com/view/programmingwithganesh/home",
      "stickers": [
        {
          "image_file": "1.webp",
          "emojis": ["в•","рџ™‚"]
        },
        {
          "image_file": "2.webp",
          "emojis": ["рџ„","рџЂ"]
        },
        {
          "image_file": "3.webp",
          "emojis": ["рџ†","рџ‚"]
        },
        {
          "image_file": "4.webp",
          "emojis": ["рџ©","рџ°"]
        },
        {
          "image_file": "5.webp",
          "emojis": ["рџ­","рџ’§"]
        },
        {
          "image_file": "6.webp",
          "emojis": ["рџЌ","в™Ґ"]
        },
        {
          "image_file": "7.webp",
          "emojis": ["рџ’”","рџ‘Ћ"]
        },
        {
          "image_file": "8.webp",
          "emojis": ["рџЌ","рџ’‘"]
        },
        {
          "image_file": "9.webp",
          "emojis": ["рџ","рџЌЄ"]
        },
        {
          "image_file": "10.webp",
          "emojis": ["рџ¤”","рџђ"]
        },
        {
          "image_file": "11.webp",
          "emojis": ["рџ±","рџµ"]
        },
        {
          "image_file": "12.webp",
          "emojis": ["рџЎ","рџ "]
        },
        {
          "image_file": "13.webp",
          "emojis": ["вќ“","рџ¤”"]
        },
        {
          "image_file": "14.webp",
          "emojis": ["рџЊ€","рџњ"]
        },
        {
          "image_file": "15.webp",
          "emojis": ["рџ’»","рџ©"]
        },
        {
          "image_file": "16.webp",
          "emojis": ["рџЎ","рџ¤"]
        },
        {
          "image_file": "17.webp",
          "emojis": ["рџ©","рџЁ"]
        },
        {
          "image_file": "18.webp",
          "emojis": ["рџ’»","рџЊѓ"]
        },
        {
          "image_file": "19.webp",
          "emojis": ["рџЋ‰","вњЁ"]
        },
        {
          "image_file": "20.webp",
          "emojis": ["рџ¤®","рџ‘Ћ"]
        },
        {
          "image_file": "21.webp",
          "emojis": ["рџ±","рџµ"]
        }
      ]
    },
    {
      "identifier": "Happy Birthday Texts 8",
      "name": "Happy Birthday Texts 8",
      "publisher": "GANESH",
      "tray_image_file": "8.webp",
      "image_data_version":"1",
      "avoid_cache":false,	  
      "publisher_email":"feedbacktomyapp@gmail.com",
      "publisher_website": "https://sites.google.com/view/programmingwithganesh/home",
      "privacy_policy_website": "https://sites.google.com/view/programmingwithganesh/home",
      "license_agreement_website": "https://sites.google.com/view/programmingwithganesh/home",
      "stickers": [
        {
          "image_file": "1.webp",
          "emojis": ["в•","рџ™‚"]
        },
        {
          "image_file": "2.webp",
          "emojis": ["рџ„","рџЂ"]
        },
        {
          "image_file": "3.webp",
          "emojis": ["рџ†","рџ‚"]
        },
        {
          "image_file": "4.webp",
          "emojis": ["рџ©","рџ°"]
        },
        {
          "image_file": "5.webp",
          "emojis": ["рџ­","рџ’§"]
        },
        {
          "image_file": "6.webp",
          "emojis": ["рџЌ","в™Ґ"]
        },
        {
          "image_file": "7.webp",
          "emojis": ["рџ’”","рџ‘Ћ"]
        },
        {
          "image_file": "8.webp",
          "emojis": ["рџЌ","рџ’‘"]
        },
        {
          "image_file": "9.webp",
          "emojis": ["рџ","рџЌЄ"]
        },
        {
          "image_file": "10.webp",
          "emojis": ["рџ¤”","рџђ"]
        },
        {
          "image_file": "11.webp",
          "emojis": ["рџ±","рџµ"]
        },
        {
          "image_file": "12.webp",
          "emojis": ["рџЎ","рџ "]
        },
        {
          "image_file": "13.webp",
          "emojis": ["вќ“","рџ¤”"]
        },
        {
          "image_file": "14.webp",
          "emojis": ["рџЊ€","рџњ"]
        },
        {
          "image_file": "15.webp",
          "emojis": ["рџ’»","рџ©"]
        },
        {
          "image_file": "16.webp",
          "emojis": ["рџЎ","рџ¤"]
        },
        {
          "image_file": "17.webp",
          "emojis": ["рџ©","рџЁ"]
        },
        {
          "image_file": "18.webp",
          "emojis": ["рџ’»","рџЊѓ"]
        },
        {
          "image_file": "19.webp",
          "emojis": ["рџЋ‰","вњЁ"]
        },
        {
          "image_file": "20.webp",
          "emojis": ["рџ¤®","рџ‘Ћ"]
        },
        {
          "image_file": "21.webp",
          "emojis": ["рџ±","рџµ"]
        },
        {
          "image_file": "22.webp",
          "emojis": ["рџЎ","рџ "]
        },
        {
          "image_file": "23.webp",
          "emojis": ["вќ“","рџ¤”"]
        },
        {
          "image_file": "24.webp",
          "emojis": ["рџЊ€","рџњ"]
        },
        {
          "image_file": "25.webp",
          "emojis": ["рџ’»","рџ©"]
        },
        {
          "image_file": "26.webp",
          "emojis": ["рџЎ","рџ¤"]
        },
        {
          "image_file": "27.webp",
          "emojis": ["рџ©","рџЁ"]
        },
        {
          "image_file": "28.webp",
          "emojis": ["рџ’»","рџЊѓ"]
        }
      ]
    },
    {
      "identifier": "Happy Birthday Texts 9",
      "name": "Happy Birthday Texts 9",
      "publisher": "GANESH",
      "tray_image_file": "8.webp",
      "image_data_version":"1",
      "avoid_cache":false,	  
      "publisher_email":"feedbacktomyapp@gmail.com",
      "publisher_website": "https://sites.google.com/view/programmingwithganesh/home",
      "privacy_policy_website": "https://sites.google.com/view/programmingwithganesh/home",
      "license_agreement_website": "https://sites.google.com/view/programmingwithganesh/home",
      "stickers": [
        {
          "image_file": "1.webp",
          "emojis": ["в•","рџ™‚"]
        },
        {
          "image_file": "2.webp",
          "emojis": ["рџ„","рџЂ"]
        },
        {
          "image_file": "3.webp",
          "emojis": ["рџ†","рџ‚"]
        },
        {
          "image_file": "4.webp",
          "emojis": ["рџ©","рџ°"]
        },
        {
          "image_file": "5.webp",
          "emojis": ["рџ­","рџ’§"]
        },
        {
          "image_file": "6.webp",
          "emojis": ["рџЌ","в™Ґ"]
        },
        {
          "image_file": "7.webp",
          "emojis": ["рџ’”","рџ‘Ћ"]
        },
        {
          "image_file": "8.webp",
          "emojis": ["рџЌ","рџ’‘"]
        },
        {
          "image_file": "9.webp",
          "emojis": ["рџ","рџЌЄ"]
        },
        {
          "image_file": "10.webp",
          "emojis": ["рџ¤”","рџђ"]
        },
        {
          "image_file": "11.webp",
          "emojis": ["рџ±","рџµ"]
        },
        {
          "image_file": "12.webp",
          "emojis": ["рџЎ","рџ "]
        }
      ]
    }


   ]  
  }  
