{
  "android_play_store_link": "",
  "ios_app_store_link": "",
  "sticker_packs": [
    {
      "identifier": "1",
      "name": "Bts Packs 1",
      "publisher": "GANESH",
      "tray_image_file": "01.png",
      "image_data_version": "1",
      "avoid_cache": false,
      "publisher_email":"feedbacktomyapp@gmail.com",
      "publisher_website": "https://programmingwithganeshblogs.blogspot.com/",
      "privacy_policy_website": "https://sites.google.com/view/programmingwithganesh/home",
      "license_agreement_website": "https://sites.google.com/view/programmingwithganesh/home",
      "animated_sticker_pack": true,
      "stickers": [
        {
          "image_file": "01.webp",
          "emojis": [
            "🥰",
            "😘",
            "❤️"
          ]
        },
        {
          "image_file": "02.webp",
          "emojis": [
            "✊",
            "💪",
            "🙏"
          ]
        },
        {
          "image_file": "03.webp",
          "emojis": [
            "❤️",
            "🥰",
            "💕"
          ]
        },
        {
          "image_file": "04.webp",
          "emojis": [
            "🖐",
            "🙌",
            "✋"
          ]
        },
        {
          "image_file": "05.webp",
          "emojis": [
            "📱",
            "👯",
            "👋"
          ]
        },
        {
          "image_file": "06.webp",
          "emojis": [
            "📱",
            "🙋‍♀",
            "🙋‍♂"
          ]
        },
        {
          "image_file": "07.webp",
          "emojis": [
            "👍",
            "👌",
            "🙂"
          ]
        },
        {
          "image_file": "08.webp",
          "emojis": [
            "👋",
            "❓",
            "📱"
          ]
        },
        {
          "image_file": "09.webp",
          "emojis": [
            "☕",
            "🍵",
            "🏠"
          ]
        },
        {
          "image_file": "10.webp",
          "emojis": [
            "👩‍💻",
            "👨‍💻",
            "🛏"
          ]
        },
        {
          "image_file": "11.webp",
          "emojis": [
            "🧘♀",
            "🧘♂",
            "🤙"
          ]
        },
        {
          "image_file": "12.webp",
          "emojis": [
            "🤸",
            "🐩",
            "💪"
          ]
        },
        {
          "image_file": "13.webp",
          "emojis": [
            "📰",
            "🔎",
            "🔍"
          ]
        },
        {
          "image_file": "14.webp",
          "emojis": [
            "🐈",
            "🐱",
            "💻"
          ]
        },
        {
          "image_file": "15.webp",
          "emojis": [
            "👩‍💻",
            "🏠",
            "💻"
          ]
        }
      ]
    },
    {
      "identifier": "2",
      "name": "Bts Packs 2",
      "publisher": "GANESH",
      "tray_image_file": "tray.jpg",
      "image_data_version": "1",
      "avoid_cache": false,
      "publisher_email":"feedbacktomyapp@gmail.com",
      "publisher_website": "https://programmingwithganeshblogs.blogspot.com/",
      "privacy_policy_website": "https://sites.google.com/view/programmingwithganesh/home",
      "license_agreement_website": "https://sites.google.com/view/programmingwithganesh/home",
      "animated_sticker_pack": true,
      "stickers": [
        {
          "image_file": "01.webp",
          "emojis": [
            "🥰",
            "😘",
            "❤️"
          ]
        },
        {
          "image_file": "02.webp",
          "emojis": [
            "✊",
            "💪",
            "🙏"
          ]
        },
        {
          "image_file": "03.webp",
          "emojis": [
            "❤️",
            "🥰",
            "💕"
          ]
        },
        {
          "image_file": "04.webp",
          "emojis": [
            "🖐",
            "🙌",
            "✋"
          ]
        },
        {
          "image_file": "05.webp",
          "emojis": [
            "📱",
            "👯",
            "👋"
          ]
        },
        {
          "image_file": "06.webp",
          "emojis": [
            "📱",
            "🙋‍♀",
            "🙋‍♂"
          ]
        },
        {
          "image_file": "07.webp",
          "emojis": [
            "👍",
            "👌",
            "🙂"
          ]
        },
        {
          "image_file": "08.webp",
          "emojis": [
            "👋",
            "❓",
            "📱"
          ]
        },
        {
          "image_file": "09.webp",
          "emojis": [
            "☕",
            "🍵",
            "🏠"
          ]
        },
        {
          "image_file": "10.webp",
          "emojis": [
            "👩‍💻",
            "👨‍💻",
            "🛏"
          ]
        },
        {
          "image_file": "11.webp",
          "emojis": [
            "🧘♀",
            "🧘♂",
            "🤙"
          ]
        },
        {
          "image_file": "12.webp",
          "emojis": [
            "🤸",
            "🐩",
            "💪"
          ]
        },
        {
          "image_file": "13.webp",
          "emojis": [
            "📰",
            "🔎",
            "🔍"
          ]
        },
        {
          "image_file": "14.webp",
          "emojis": [
            "🐈",
            "🐱",
            "💻"
          ]
        },
        {
          "image_file": "15.webp",
          "emojis": [
            "👩‍💻",
            "🏠",
            "💻"
          ]
        }
      ]
    },
    {
      "identifier": "3",
      "name": "Bts Packs 3",
      "publisher": "GANESH",
      "tray_image_file": "tray.jpg",
      "image_data_version": "1",
      "avoid_cache": false,
      "publisher_email":"feedbacktomyapp@gmail.com",
      "publisher_website": "https://programmingwithganeshblogs.blogspot.com/",
      "privacy_policy_website": "https://sites.google.com/view/programmingwithganesh/home",
      "license_agreement_website": "https://sites.google.com/view/programmingwithganesh/home",
      "animated_sticker_pack": true,
      "stickers": [
        {
          "image_file": "01.webp",
          "emojis": [
            "🥰",
            "😘",
            "❤️"
          ]
        },
        {
          "image_file": "02.webp",
          "emojis": [
            "✊",
            "💪",
            "🙏"
          ]
        },
        {
          "image_file": "03.webp",
          "emojis": [
            "❤️",
            "🥰",
            "💕"
          ]
        },
        {
          "image_file": "04.webp",
          "emojis": [
            "🖐",
            "🙌",
            "✋"
          ]
        },
        {
          "image_file": "05.webp",
          "emojis": [
            "📱",
            "👯",
            "👋"
          ]
        },
        {
          "image_file": "06.webp",
          "emojis": [
            "📱",
            "🙋‍♀",
            "🙋‍♂"
          ]
        },
        {
          "image_file": "07.webp",
          "emojis": [
            "👍",
            "👌",
            "🙂"
          ]
        },
        {
          "image_file": "08.webp",
          "emojis": [
            "👋",
            "❓",
            "📱"
          ]
        },
        {
          "image_file": "09.webp",
          "emojis": [
            "☕",
            "🍵",
            "🏠"
          ]
        },
        {
          "image_file": "10.webp",
          "emojis": [
            "👩‍💻",
            "👨‍💻",
            "🛏"
          ]
        },
        {
          "image_file": "11.webp",
          "emojis": [
            "🧘♀",
            "🧘♂",
            "🤙"
          ]
        },
        {
          "image_file": "12.webp",
          "emojis": [
            "🤸",
            "🐩",
            "💪"
          ]
        },
        {
          "image_file": "13.webp",
          "emojis": [
            "📰",
            "🔎",
            "🔍"
          ]
        },
        {
          "image_file": "14.webp",
          "emojis": [
            "🐈",
            "🐱",
            "💻"
          ]
        },
        {
          "image_file": "15.webp",
          "emojis": [
            "👩‍💻",
            "🏠",
            "💻"
          ]
        }
      ]
    },
    {
      "identifier": "4",
      "name": "Bts Packs 4",
      "publisher": "GANESH",
      "tray_image_file": "tray.jpg",
      "image_data_version": "1",
      "avoid_cache": false,
      "publisher_email":"feedbacktomyapp@gmail.com",
      "publisher_website": "https://programmingwithganeshblogs.blogspot.com/",
      "privacy_policy_website": "https://sites.google.com/view/programmingwithganesh/home",
      "license_agreement_website": "https://sites.google.com/view/programmingwithganesh/home",
      "animated_sticker_pack": true,
      "stickers": [
        {
          "image_file": "01.webp",
          "emojis": [
            "🥰",
            "😘",
            "❤️"
          ]
        },
        {
          "image_file": "02.webp",
          "emojis": [
            "✊",
            "💪",
            "🙏"
          ]
        },
        {
          "image_file": "03.webp",
          "emojis": [
            "❤️",
            "🥰",
            "💕"
          ]
        },
        {
          "image_file": "04.webp",
          "emojis": [
            "🖐",
            "🙌",
            "✋"
          ]
        },
        {
          "image_file": "05.webp",
          "emojis": [
            "📱",
            "👯",
            "👋"
          ]
        },
        {
          "image_file": "06.webp",
          "emojis": [
            "📱",
            "🙋‍♀",
            "🙋‍♂"
          ]
        },
        {
          "image_file": "07.webp",
          "emojis": [
            "👍",
            "👌",
            "🙂"
          ]
        },
        {
          "image_file": "08.webp",
          "emojis": [
            "👋",
            "❓",
            "📱"
          ]
        },
        {
          "image_file": "09.webp",
          "emojis": [
            "☕",
            "🍵",
            "🏠"
          ]
        },
        {
          "image_file": "10.webp",
          "emojis": [
            "👩‍💻",
            "👨‍💻",
            "🛏"
          ]
        },
        {
          "image_file": "11.webp",
          "emojis": [
            "🧘♀",
            "🧘♂",
            "🤙"
          ]
        },
        {
          "image_file": "12.webp",
          "emojis": [
            "🤸",
            "🐩",
            "💪"
          ]
        },
        {
          "image_file": "13.webp",
          "emojis": [
            "📰",
            "🔎",
            "🔍"
          ]
        },
        {
          "image_file": "14.webp",
          "emojis": [
            "🐈",
            "🐱",
            "💻"
          ]
        },
        {
          "image_file": "15.webp",
          "emojis": [
            "👩‍💻",
            "🏠",
            "💻"
          ]
        }
      ]
    },
    {
      "identifier": "5",
      "name": "Bts Packs 5",
      "publisher": "GANESH",
      "tray_image_file": "tray.jpg",
      "image_data_version": "1",
      "avoid_cache": false,
      "publisher_email":"feedbacktomyapp@gmail.com",
      "publisher_website": "https://programmingwithganeshblogs.blogspot.com/",
      "privacy_policy_website": "https://sites.google.com/view/programmingwithganesh/home",
      "license_agreement_website": "https://sites.google.com/view/programmingwithganesh/home",
      "animated_sticker_pack": true,
      "stickers": [
        {
          "image_file": "01.webp",
          "emojis": [
            "🥰",
            "😘",
            "❤️"
          ]
        },
        {
          "image_file": "02.webp",
          "emojis": [
            "✊",
            "💪",
            "🙏"
          ]
        },
        {
          "image_file": "03.webp",
          "emojis": [
            "❤️",
            "🥰",
            "💕"
          ]
        },
        {
          "image_file": "04.webp",
          "emojis": [
            "🖐",
            "🙌",
            "✋"
          ]
        },
        {
          "image_file": "05.webp",
          "emojis": [
            "📱",
            "👯",
            "👋"
          ]
        },
        {
          "image_file": "06.webp",
          "emojis": [
            "📱",
            "🙋‍♀",
            "🙋‍♂"
          ]
        },
        {
          "image_file": "07.webp",
          "emojis": [
            "👍",
            "👌",
            "🙂"
          ]
        },
        {
          "image_file": "08.webp",
          "emojis": [
            "👋",
            "❓",
            "📱"
          ]
        },
        {
          "image_file": "09.webp",
          "emojis": [
            "☕",
            "🍵",
            "🏠"
          ]
        },
        {
          "image_file": "10.webp",
          "emojis": [
            "👩‍💻",
            "👨‍💻",
            "🛏"
          ]
        },
        {
          "image_file": "11.webp",
          "emojis": [
            "🧘♀",
            "🧘♂",
            "🤙"
          ]
        },
        {
          "image_file": "12.webp",
          "emojis": [
            "🤸",
            "🐩",
            "💪"
          ]
        },
        {
          "image_file": "13.webp",
          "emojis": [
            "📰",
            "🔎",
            "🔍"
          ]
        },
        {
          "image_file": "14.webp",
          "emojis": [
            "🐈",
            "🐱",
            "💻"
          ]
        },
        {
          "image_file": "15.webp",
          "emojis": [
            "👩‍💻",
            "🏠",
            "💻"
          ]
        }
      ]
    }
  ]
}
