{
  "android_play_store_link": "https://play.google.com/store/apps/developer?id=YOUR_PACKAGE_NAME",
  "sticker_packs": [
    {
      "identifier": "New Year 1",
      "name": "New Year stickers 1",
      "publisher": "Malekdev",
      "tray_image_file": "1.png",
      "image_data_version": "1",
      "avoid_cache": false,
      "animated_sticker_pack": false,
      "stickers": [
        {
          "image_file": "1.webp",
          "emojis": [
            "☕"
          ]
        },
        {
          "image_file": "2.webp",
          "emojis": [
            "😄"
          ]
        },
        {
          "image_file": "3.webp",
          "emojis": [
            "😆"
          ]
        },
        {
          "image_file": "4.webp",
          "emojis": [
            "😩"
          ]
        },
        {
          "image_file": "5.webp",
          "emojis": [
            "😭"
          ]
        },
        {
          "image_file": "6.webp",
          "emojis": [
            "😍"
          ]
        },
        {
          "image_file": "7.webp",
          "emojis": [
            "💔"
          ]
        },
        {
          "image_file": "8.webp",
          "emojis": [
            "😍"
          ]
        },
        {
          "image_file": "9.webp",
          "emojis": [
            "😘"
          ]
        },
        {
          "image_file": "10.webp",
          "emojis": [
            "🤔"
          ]
        },
        {
          "image_file": "11.webp",
          "emojis": [
            "😱"
          ]
        },
        {
          "image_file": "12.webp",
          "emojis": [
            "😡"
          ]
        },
        {
          "image_file": "13.webp",
          "emojis": [
            "❓"
          ]
        },
        {
          "image_file": "14.webp",
          "emojis": [
            "🌈"
          ]
        },
        {
          "image_file": "15.webp",
          "emojis": [
            "💻"
          ]
        },

        {
          "image_file": "16.webp",
          "emojis": [
            "🔋"
          ]
        }
      ]
    },
    {
      "identifier": "New Year 2",
      "name": "New Year stickers 2",
      "publisher": "Malekdev",
      "tray_image_file": "17.webp",
      "image_data_version": "1",
      "avoid_cache": false,
      "animated_sticker_pack": false,
      "stickers": [
        {
          "image_file": "17.webp",
          "emojis": [
            "🥰",
            "😘",
            "❤️"
          ]
        },
        {
          "image_file": "18.webp",
          "emojis": [
            "✊",
            "💪",
            "🙏"
          ]
        },
        {
          "image_file": "19.webp",
          "emojis": [
            "❤️",
            "🥰",
            "💕"
          ]
        },
        {
          "image_file": "20.webp",
          "emojis": [
            "🖐",
            "🙌",
            "✋"
          ]
        },
        {
          "image_file": "21.webp",
          "emojis": [
            "📱",
            "👯",
            "👋"
          ]
        },
        {
          "image_file": "22.webp",
          "emojis": [
            "📱",
            "🙋‍♀",
            "🙋‍♂"
          ]
        },

        {
          "image_file": "24.webp",
          "emojis": [
            "👋",
            "❓",
            "📱"
          ]
        },
        {
          "image_file": "25.webp",
          "emojis": [
            "☕",
            "🍵",
            "🏠"
          ]
        },
        {
          "image_file": "26.webp",
          "emojis": [
            "👩‍💻",
            "👨‍💻",
            "🛏"
          ]
        },
        {
          "image_file": "27.webp",
          "emojis": [
            "🧘♀",
            "🧘♂",
            "🤙"
          ]
        },
        {
          "image_file": "28.webp",
          "emojis": [
            "🤸",
            "🐩",
            "💪"
          ]
        },
        {
          "image_file": "29.webp",
          "emojis": [
            "📰",
            "🔎",
            "🔍"
          ]
        },
        {
          "image_file": "30.webp",
          "emojis": [
            "🐈",
            "🐱",
            "💻"
          ]
        },
        {
          "image_file": "31.webp",
          "emojis": [
            "👩‍💻",
            "🏠",
            "💻"
          ]
        },
        {
          "image_file": "32.webp",
          "emojis": [
            "👨‍💻",
            "🏠",
            "💻"
          ]
        }

      ]
    },
    {
      "identifier": "New Year 3",
      "name": "New Year stickers 3",
      "publisher": "Malekdev",
      "tray_image_file": "3.png",
      "image_data_version":"1",
      "avoid_cache":false,
      "animated_sticker_pack": false,
      "stickers": [
        {
          "image_file": "newyear3-1.webp",
          "emojis": [
            "🥰",
            "😘",
            "❤️"
          ]
        },
        {
          "image_file": "newyear3-2.webp",
           "emojis": [
            "🥰",
            "😘",
            "❤️"
          ]
        },
        {
          "image_file": "newyear3-3.webp",
          "emojis": [
            "🥰",
            "😘",
            "❤️"
          ]
        },
        {
          "image_file": "newyear3-4.webp",
          "emojis": [
            "🥰",
            "😘",
            "❤️"
          ]
        },
        {
          "image_file": "newyear3-5.webp",
          "emojis": [
            "🥰",
            "😘",
            "❤️"
          ]
        },
        {
          "image_file": "newyear3-6.webp",
          "emojis": [
            "🥰",
            "😘",
            "❤️"
          ]
        },
        {
          "image_file": "newyear3-7.webp",
          "emojis": [
            "🥰",
            "😘",
            "❤️"
          ]
        },
        {
          "image_file": "newyear3-8.webp",
          "emojis": [
            "🥰",
            "😘",
            "❤️"
          ]
        },
        {
          "image_file": "newyear3-9.webp",
          "emojis": [
            "🥰",
            "😘",
            "❤️"
          ]
        },
        {
          "image_file": "newyear3-10.webp",
          "emojis": [
            "🥰",
            "😘",
            "❤️"
          ]
        },
        {
          "image_file": "newyear3-11.webp",
          "emojis": [
            "🥰",
            "😘",
            "❤️"
          ]
        },
        {
          "image_file": "newyear3-12.webp",
          "emojis": [
            "🥰",
            "😘",
            "❤️"
          ]
        },
        {
          "image_file": "newyear3-13.webp",
          "emojis": [
            "🥰",
            "😘",
            "❤️"
          ]
        },
        {
          "image_file": "newyear3-14.webp",
          "emojis": [
            "🥰",
            "😘",
            "❤️"
          ]
        },
        {
          "image_file": "newyear3-15.webp",
          "emojis": [
            "🥰",
            "😘",
            "❤️"
          ]
        }


      ]
    },
    {
      "identifier": "New Year 4",
      "name": "New Year stickers 4",
      "publisher": "Malekdev",
      "tray_image_file": "4.png",
      "image_data_version":"1",
      "avoid_cache":false,
      "animated_sticker_pack": false,
      "stickers": [
        {
          "image_file": "newyear4-1.webp",
          "emojis": ["в•","рџ™‚"]
        },
        {
          "image_file": "newyear4-2.webp",
          "emojis": ["рџ„","рџЂ"]
        },
        {
          "image_file": "newyear4-3.webp",
          "emojis": ["рџ†","рџ‚"]
        },
        {
          "image_file": "newyear4-4.webp",
          "emojis": ["рџ©","рџ°"]
        },
        {
          "image_file": "newyear4-5.webp",
          "emojis": ["рџ­","рџ’§"]
        },
        {
          "image_file": "newyear4-6.webp",
          "emojis": ["рџЌ","в™Ґ"]
        },
        {
          "image_file": "newyear4-7.webp",
          "emojis": ["рџ’”","рџ‘Ћ"]
        },
        {
          "image_file": "newyear4-8.webp",
          "emojis": ["рџЌ","рџ’‘"]
        },
        {
          "image_file": "newyear4-9.webp",
          "emojis": ["рџ","рџЌЄ"]
        },
        {
          "image_file": "newyear4-10.webp",
          "emojis": ["рџ¤”","рџђ"]
        },
        {
          "image_file": "newyear4-11.webp",
          "emojis": ["рџ±","рџµ"]
        },
        {
          "image_file": "newyear4-12.webp",
          "emojis": ["рџЎ","рџ "]
        },
        {
          "image_file": "newyear4-13.webp",
          "emojis": ["вќ“","рџ¤”"]
        },
        {
          "image_file": "newyear4-14.webp",
          "emojis": ["рџЊ€","рџњ"]
        }


      ]
    },

    {
      "identifier": "New Year 5",
      "name": "New Year stickers 5",
      "publisher": "Malekdev",
      "tray_image_file": "newyear5-2.webp",
      "image_data_version":"1",
      "avoid_cache":false,
      "animated_sticker_pack": false,
      "stickers": [
        {
          "image_file": "newyear5-1.webp",
          "emojis": [
            "😄",
            "😀"
          ]
        },
        {
          "image_file": "newyear5-2.webp",
          "emojis": [
            "😄",
            "😀"
          ]
        },
        {
          "image_file": "newyear5-3.webp",
          "emojis": [
            "😄",
            "😀"
          ]
        },
        {
          "image_file": "newyear5-4.webp",
          "emojis": [
            "😄",
            "😀"
          ]
        },
        {
          "image_file": "newyear5-5.webp",
          "emojis": [
            "😄",
            "😀"
          ]
        },
        {
          "image_file": "newyear5-6.webp",
          "emojis": [
            "😄",
            "😀"
          ]
        },
        {
          "image_file": "newyear5-7.webp",
          "emojis": [
            "😄",
            "😀"
          ]
        },
        {
          "image_file": "newyear5-8.webp",
          "emojis": [
            "😄",
            "😀"
          ]
        },
        {
          "image_file": "newyear5-9.webp",
          "emojis": [
            "😄",
            "😀"
          ]
        },
        {
          "image_file": "newyear5-10.webp",
          "emojis": [
            "😄",
            "😀"
          ]
        },
        {
          "image_file": "newyear5-11.webp",
          "emojis": [
            "😄",
            "😀"
          ]
        },
        {
          "image_file": "newyear5-12.webp",
          "emojis": [
            "😄",
            "😀"
          ]
        },
        {
          "image_file": "newyear5-13.webp",
          "emojis": [
            "😄",
            "😀"
          ]
        },
        {
          "image_file": "newyear5-14.webp",
          "emojis": [
            "😄",
            "😀"
          ]
        },
        {
          "image_file": "newyear5-15.webp",
          "emojis": [
            "😄",
            "😀"
          ]
        }


      ]
    }

  ]
}
