﻿{
  "android_play_store_link": "",
  "ios_app_store_link": "",
  "sticker_packs": [
    {
      "identifier": "1",
      "name": "Cats Cute 1",
      "publisher": "GANESH",
      "tray_image_file": "8.webp",
      "image_data_version":"1",
      "avoid_cache":false,
      "publisher_email":"",
      "publisher_website": "",
      "privacy_policy_website": "",
      "license_agreement_website": "",
      "stickers": [
        {
          "image_file": "1.webp",
          "emojis": ["РІВвЂў","СЂСџв„ўвЂљ"]
        },
        {
          "image_file": "2.webp",
          "emojis": ["СЂСџВвЂћ","СЂСџВР‚"]
        },
        {
          "image_file": "3.webp",
          "emojis": ["СЂСџВвЂ ","СЂСџВвЂљ"]
        },
        {
          "image_file": "4.webp",
          "emojis": ["СЂСџВВ©","СЂСџВВ°"]
        },
        {
          "image_file": "5.webp",
          "emojis": ["СЂСџВВ­","СЂСџвЂ™В§"]
        },
        {
          "image_file": "6.webp",
          "emojis": ["СЂСџВРЊ","РІв„ўТђ"]
        },
        {
          "image_file": "7.webp",
          "emojis": ["СЂСџвЂ™вЂќ","СЂСџвЂР‹"]
        },
        {
          "image_file": "8.webp",
          "emojis": ["СЂСџВРЊ","СЂСџвЂ™вЂ"]
        },
        {
          "image_file": "9.webp",
          "emojis": ["СЂСџВВ","СЂСџРЊР„"]
        },
        {
          "image_file": "10.webp",
          "emojis": ["СЂСџВ¤вЂќ","СЂСџВС’"]
        },
        {
          "image_file": "11.webp",
          "emojis": ["СЂСџВВ±","СЂСџВВµ"]
        },
        {
          "image_file": "12.webp",
          "emojis": ["СЂСџВРЋ","СЂСџВВ "]
        },
        {
          "image_file": "13.webp",
          "emojis": ["РІСњвЂњ","СЂСџВ¤вЂќ"]
        },
        {
          "image_file": "14.webp",
          "emojis": ["СЂСџРЉв‚¬","СЂСџВСљ"]
        },
        {
          "image_file": "15.webp",
          "emojis": ["СЂСџвЂ™В»","СЂСџВВ©"]
        },
        {
          "image_file": "16.webp",
          "emojis": ["СЂСџВРЋ","СЂСџВВ¤"]
        },
        {
          "image_file": "17.webp",
          "emojis": ["СЂСџВВ©","СЂСџВРЃ"]
        },
        {
          "image_file": "18.webp",
          "emojis": ["СЂСџвЂ™В»","СЂСџРЉС“"]
        },
        {
          "image_file": "19.webp",
          "emojis": ["СЂСџР‹вЂ°","РІСљРЃ"]
        },
        {
          "image_file": "20.webp",
          "emojis": ["СЂСџВ¤В®","СЂСџвЂР‹"]
        },
        {
          "image_file": "21.webp",
          "emojis": ["СЂСџВВ±","СЂСџВВµ"]
        },
        {
          "image_file": "22.webp",
          "emojis": ["СЂСџВРЋ","СЂСџВВ "]
        },
        {
          "image_file": "23.webp",
          "emojis": ["РІСњвЂњ","СЂСџВ¤вЂќ"]
        },
        {
          "image_file": "24.webp",
          "emojis": ["СЂСџРЉв‚¬","СЂСџВСљ"]
        },
        {
          "image_file": "25.webp",
          "emojis": ["СЂСџвЂ™В»","СЂСџВВ©"]
        },
        {
          "image_file": "26.webp",
          "emojis": ["СЂСџВРЋ","СЂСџВВ¤"]
        }
      ]
    },
    {
      "identifier": "2",
      "name": "Cats Cute 2",
      "publisher": "GANESH",
      "tray_image_file": "8.webp",
      "image_data_version":"1",
      "avoid_cache":false,
      "publisher_email":"",
      "publisher_website": "",
      "privacy_policy_website": "",
      "license_agreement_website": "",
      "stickers": [
        {
          "image_file": "1.webp",
          "emojis": ["РІВвЂў","СЂСџв„ўвЂљ"]
        },
        {
          "image_file": "2.webp",
          "emojis": ["СЂСџВвЂћ","СЂСџВР‚"]
        },
        {
          "image_file": "3.webp",
          "emojis": ["СЂСџВвЂ ","СЂСџВвЂљ"]
        },
        {
          "image_file": "4.webp",
          "emojis": ["СЂСџВВ©","СЂСџВВ°"]
        },
        {
          "image_file": "5.webp",
          "emojis": ["СЂСџВВ­","СЂСџвЂ™В§"]
        },
        {
          "image_file": "6.webp",
          "emojis": ["СЂСџВРЊ","РІв„ўТђ"]
        },
        {
          "image_file": "7.webp",
          "emojis": ["СЂСџвЂ™вЂќ","СЂСџвЂР‹"]
        },
        {
          "image_file": "8.webp",
          "emojis": ["СЂСџВРЊ","СЂСџвЂ™вЂ"]
        },
        {
          "image_file": "9.webp",
          "emojis": ["СЂСџВВ","СЂСџРЊР„"]
        },
        {
          "image_file": "10.webp",
          "emojis": ["СЂСџВ¤вЂќ","СЂСџВС’"]
        },
        {
          "image_file": "11.webp",
          "emojis": ["СЂСџВВ±","СЂСџВВµ"]
        },
        {
          "image_file": "12.webp",
          "emojis": ["СЂСџВРЋ","СЂСџВВ "]
        },
        {
          "image_file": "13.webp",
          "emojis": ["РІСњвЂњ","СЂСџВ¤вЂќ"]
        },
        {
          "image_file": "14.webp",
          "emojis": ["СЂСџРЉв‚¬","СЂСџВСљ"]
        },
        {
          "image_file": "15.webp",
          "emojis": ["СЂСџвЂ™В»","СЂСџВВ©"]
        },
        {
          "image_file": "16.webp",
          "emojis": ["СЂСџВРЋ","СЂСџВВ¤"]
        },
        {
          "image_file": "17.webp",
          "emojis": ["СЂСџВВ©","СЂСџВРЃ"]
        },
        {
          "image_file": "18.webp",
          "emojis": ["СЂСџвЂ™В»","СЂСџРЉС“"]
        },
        {
          "image_file": "19.webp",
          "emojis": ["СЂСџР‹вЂ°","РІСљРЃ"]
        },
        {
          "image_file": "20.webp",
          "emojis": ["СЂСџВ¤В®","СЂСџвЂР‹"]
        },
        {
          "image_file": "21.webp",
          "emojis": ["СЂСџВВ±","СЂСџВВµ"]
        },
        {
          "image_file": "22.webp",
          "emojis": ["СЂСџВРЋ","СЂСџВВ "]
        },
        {
          "image_file": "23.webp",
          "emojis": ["РІСњвЂњ","СЂСџВ¤вЂќ"]
        },
        {
          "image_file": "24.webp",
          "emojis": ["СЂСџРЉв‚¬","СЂСџВСљ"]
        },
        {
          "image_file": "25.webp",
          "emojis": ["СЂСџвЂ™В»","СЂСџВВ©"]
        },
        {
          "image_file": "26.webp",
          "emojis": ["СЂСџВРЋ","СЂСџВВ¤"]
        },
        {
          "image_file": "27.webp",
          "emojis": ["СЂСџВВ©","СЂСџВРЃ"]
        },
        {
          "image_file": "28.webp",
          "emojis": ["СЂСџвЂ™В»","СЂСџРЉС“"]
        },
        {
          "image_file": "29.webp",
          "emojis": ["СЂСџР‹вЂ°","РІСљРЃ"]
        },
        {
          "image_file": "30.webp",
          "emojis": ["СЂСџВ¤В®","СЂСџвЂР‹"]
        }
      ]
    },
    {
      "identifier": "3",
      "name": "Cats Cute 3",
      "publisher": "GANESH",
      "tray_image_file": "8.webp",
      "image_data_version":"1",
      "avoid_cache":false,
      "publisher_email":"",
      "publisher_website": "",
      "privacy_policy_website": "",
      "license_agreement_website": "",
      "stickers": [
        {
          "image_file": "1.webp",
          "emojis": ["РІВвЂў","СЂСџв„ўвЂљ"]
        },
        {
          "image_file": "2.webp",
          "emojis": ["СЂСџВвЂћ","СЂСџВР‚"]
        },
        {
          "image_file": "3.webp",
          "emojis": ["СЂСџВвЂ ","СЂСџВвЂљ"]
        },
        {
          "image_file": "4.webp",
          "emojis": ["СЂСџВВ©","СЂСџВВ°"]
        },
        {
          "image_file": "5.webp",
          "emojis": ["СЂСџВВ­","СЂСџвЂ™В§"]
        },
        {
          "image_file": "6.webp",
          "emojis": ["СЂСџВРЊ","РІв„ўТђ"]
        },
        {
          "image_file": "7.webp",
          "emojis": ["СЂСџвЂ™вЂќ","СЂСџвЂР‹"]
        },
        {
          "image_file": "8.webp",
          "emojis": ["СЂСџВРЊ","СЂСџвЂ™вЂ"]
        },
        {
          "image_file": "9.webp",
          "emojis": ["СЂСџВВ","СЂСџРЊР„"]
        },
        {
          "image_file": "10.webp",
          "emojis": ["СЂСџВ¤вЂќ","СЂСџВС’"]
        },
        {
          "image_file": "11.webp",
          "emojis": ["СЂСџВВ±","СЂСџВВµ"]
        },
        {
          "image_file": "12.webp",
          "emojis": ["СЂСџВРЋ","СЂСџВВ "]
        },
        {
          "image_file": "13.webp",
          "emojis": ["РІСњвЂњ","СЂСџВ¤вЂќ"]
        },
        {
          "image_file": "14.webp",
          "emojis": ["СЂСџРЉв‚¬","СЂСџВСљ"]
        },
        {
          "image_file": "15.webp",
          "emojis": ["СЂСџвЂ™В»","СЂСџВВ©"]
        },
        {
          "image_file": "16.webp",
          "emojis": ["СЂСџВРЋ","СЂСџВВ¤"]
        },
        {
          "image_file": "17.webp",
          "emojis": ["СЂСџВВ©","СЂСџВРЃ"]
        },
        {
          "image_file": "18.webp",
          "emojis": ["СЂСџвЂ™В»","СЂСџРЉС“"]
        }
      ]
    },
    {
      "identifier": "4",
      "name": "Cats Cute 4",
      "publisher": "GANESH",
      "tray_image_file": "8.webp",
      "image_data_version":"1",
      "avoid_cache":false,
      "publisher_email":"",
      "publisher_website": "",
      "privacy_policy_website": "",
      "license_agreement_website": "",
      "stickers": [
        {
          "image_file": "1.webp",
          "emojis": ["РІВвЂў","СЂСџв„ўвЂљ"]
        },
        {
          "image_file": "2.webp",
          "emojis": ["СЂСџВвЂћ","СЂСџВР‚"]
        },
        {
          "image_file": "3.webp",
          "emojis": ["СЂСџВвЂ ","СЂСџВвЂљ"]
        },
        {
          "image_file": "4.webp",
          "emojis": ["СЂСџВВ©","СЂСџВВ°"]
        },
        {
          "image_file": "5.webp",
          "emojis": ["СЂСџВВ­","СЂСџвЂ™В§"]
        },
        {
          "image_file": "6.webp",
          "emojis": ["СЂСџВРЊ","РІв„ўТђ"]
        },
        {
          "image_file": "7.webp",
          "emojis": ["СЂСџвЂ™вЂќ","СЂСџвЂР‹"]
        },
        {
          "image_file": "8.webp",
          "emojis": ["СЂСџВРЊ","СЂСџвЂ™вЂ"]
        },
        {
          "image_file": "9.webp",
          "emojis": ["СЂСџВВ","СЂСџРЊР„"]
        },
        {
          "image_file": "10.webp",
          "emojis": ["СЂСџВ¤вЂќ","СЂСџВС’"]
        },
        {
          "image_file": "11.webp",
          "emojis": ["СЂСџВВ±","СЂСџВВµ"]
        },
        {
          "image_file": "12.webp",
          "emojis": ["СЂСџВРЋ","СЂСџВВ "]
        },
        {
          "image_file": "13.webp",
          "emojis": ["РІСњвЂњ","СЂСџВ¤вЂќ"]
        },
        {
          "image_file": "14.webp",
          "emojis": ["СЂСџРЉв‚¬","СЂСџВСљ"]
        },
        {
          "image_file": "15.webp",
          "emojis": ["СЂСџвЂ™В»","СЂСџВВ©"]
        },
        {
          "image_file": "16.webp",
          "emojis": ["СЂСџВРЋ","СЂСџВВ¤"]
        },
        {
          "image_file": "17.webp",
          "emojis": ["СЂСџВВ©","СЂСџВРЃ"]
        },
        {
          "image_file": "18.webp",
          "emojis": ["СЂСџвЂ™В»","СЂСџРЉС“"]
        },
        {
          "image_file": "19.webp",
          "emojis": ["СЂСџР‹вЂ°","РІСљРЃ"]
        },
        {
          "image_file": "20.webp",
          "emojis": ["СЂСџВ¤В®","СЂСџвЂР‹"]
        }
      ]
    },
    {
      "identifier": "5",
      "name": "Cats Cute 5",
      "publisher": "GANESH",
      "tray_image_file": "8.webp",
      "image_data_version":"1",
      "avoid_cache":false,
      "publisher_email":"",
      "publisher_website": "",
      "privacy_policy_website": "",
      "license_agreement_website": "",
      "stickers": [
        {
          "image_file": "1.webp",
          "emojis": ["РІВвЂў","СЂСџв„ўвЂљ"]
        },
        {
          "image_file": "2.webp",
          "emojis": ["СЂСџВвЂћ","СЂСџВР‚"]
        },
        {
          "image_file": "3.webp",
          "emojis": ["СЂСџВвЂ ","СЂСџВвЂљ"]
        },
        {
          "image_file": "4.webp",
          "emojis": ["СЂСџВВ©","СЂСџВВ°"]
        },
        {
          "image_file": "5.webp",
          "emojis": ["СЂСџВВ­","СЂСџвЂ™В§"]
        },
        {
          "image_file": "6.webp",
          "emojis": ["СЂСџВРЊ","РІв„ўТђ"]
        },
        {
          "image_file": "7.webp",
          "emojis": ["СЂСџвЂ™вЂќ","СЂСџвЂР‹"]
        },
        {
          "image_file": "8.webp",
          "emojis": ["СЂСџВРЊ","СЂСџвЂ™вЂ"]
        },
        {
          "image_file": "9.webp",
          "emojis": ["СЂСџВВ","СЂСџРЊР„"]
        },
        {
          "image_file": "10.webp",
          "emojis": ["СЂСџВ¤вЂќ","СЂСџВС’"]
        },
        {
          "image_file": "11.webp",
          "emojis": ["СЂСџВВ±","СЂСџВВµ"]
        },
        {
          "image_file": "12.webp",
          "emojis": ["СЂСџВРЋ","СЂСџВВ "]
        },
        {
          "image_file": "13.webp",
          "emojis": ["РІСњвЂњ","СЂСџВ¤вЂќ"]
        },
        {
          "image_file": "14.webp",
          "emojis": ["СЂСџРЉв‚¬","СЂСџВСљ"]
        },
        {
          "image_file": "15.webp",
          "emojis": ["СЂСџвЂ™В»","СЂСџВВ©"]
        },
        {
          "image_file": "16.webp",
          "emojis": ["СЂСџВРЋ","СЂСџВВ¤"]
        },
        {
          "image_file": "17.webp",
          "emojis": ["СЂСџВВ©","СЂСџВРЃ"]
        },
        {
          "image_file": "18.webp",
          "emojis": ["СЂСџвЂ™В»","СЂСџРЉС“"]
        },
        {
          "image_file": "19.webp",
          "emojis": ["СЂСџР‹вЂ°","РІСљРЃ"]
        },
        {
          "image_file": "20.webp",
          "emojis": ["СЂСџВ¤В®","СЂСџвЂР‹"]
        },
        {
          "image_file": "21.webp",
          "emojis": ["СЂСџВВ±","СЂСџВВµ"]
        },
        {
          "image_file": "22.webp",
          "emojis": ["СЂСџВРЋ","СЂСџВВ "]
        },
        {
          "image_file": "23.webp",
          "emojis": ["РІСњвЂњ","СЂСџВ¤вЂќ"]
        },
        {
          "image_file": "24.webp",
          "emojis": ["СЂСџРЉв‚¬","СЂСџВСљ"]
        },
        {
          "image_file": "25.webp",
          "emojis": ["СЂСџвЂ™В»","СЂСџВВ©"]
        },
        {
          "image_file": "26.webp",
          "emojis": ["СЂСџВРЋ","СЂСџВВ¤"]
        },
        {
          "image_file": "27.webp",
          "emojis": ["СЂСџВВ©","СЂСџВРЃ"]
        },
        {
          "image_file": "28.webp",
          "emojis": ["СЂСџвЂ™В»","СЂСџРЉС“"]
        },
        {
          "image_file": "29.webp",
          "emojis": ["СЂСџР‹вЂ°","РІСљРЃ"]
        },
        {
          "image_file": "30.webp",
          "emojis": ["СЂСџВ¤В®","СЂСџвЂР‹"]
        }
      ]
    },
    {
      "identifier": "6",
      "name": "Cats Cute 6",
      "publisher": "GANESH",
      "tray_image_file": "8.webp",
      "image_data_version":"1",
      "avoid_cache":false,
      "publisher_email":"",
      "publisher_website": "",
      "privacy_policy_website": "",
      "license_agreement_website": "",
      "stickers": [
        {
          "image_file": "1.webp",
          "emojis": ["РІВвЂў","СЂСџв„ўвЂљ"]
        },
        {
          "image_file": "2.webp",
          "emojis": ["СЂСџВвЂћ","СЂСџВР‚"]
        },
        {
          "image_file": "3.webp",
          "emojis": ["СЂСџВвЂ ","СЂСџВвЂљ"]
        },
        {
          "image_file": "4.webp",
          "emojis": ["СЂСџВВ©","СЂСџВВ°"]
        },
        {
          "image_file": "5.webp",
          "emojis": ["СЂСџВВ­","СЂСџвЂ™В§"]
        },
        {
          "image_file": "6.webp",
          "emojis": ["СЂСџВРЊ","РІв„ўТђ"]
        },
        {
          "image_file": "7.webp",
          "emojis": ["СЂСџвЂ™вЂќ","СЂСџвЂР‹"]
        },
        {
          "image_file": "8.webp",
          "emojis": ["СЂСџВРЊ","СЂСџвЂ™вЂ"]
        },
        {
          "image_file": "9.webp",
          "emojis": ["СЂСџВВ","СЂСџРЊР„"]
        },
        {
          "image_file": "10.webp",
          "emojis": ["СЂСџВ¤вЂќ","СЂСџВС’"]
        },
        {
          "image_file": "11.webp",
          "emojis": ["СЂСџВВ±","СЂСџВВµ"]
        },
        {
          "image_file": "12.webp",
          "emojis": ["СЂСџВРЋ","СЂСџВВ "]
        },
        {
          "image_file": "13.webp",
          "emojis": ["РІСњвЂњ","СЂСџВ¤вЂќ"]
        },
        {
          "image_file": "14.webp",
          "emojis": ["СЂСџРЉв‚¬","СЂСџВСљ"]
        },
        {
          "image_file": "15.webp",
          "emojis": ["СЂСџвЂ™В»","СЂСџВВ©"]
        },
        {
          "image_file": "16.webp",
          "emojis": ["СЂСџВРЋ","СЂСџВВ¤"]
        },
        {
          "image_file": "17.webp",
          "emojis": ["СЂСџВВ©","СЂСџВРЃ"]
        },
        {
          "image_file": "18.webp",
          "emojis": ["СЂСџвЂ™В»","СЂСџРЉС“"]
        },
        {
          "image_file": "19.webp",
          "emojis": ["СЂСџР‹вЂ°","РІСљРЃ"]
        },
        {
          "image_file": "20.webp",
          "emojis": ["СЂСџВ¤В®","СЂСџвЂР‹"]
        },
        {
          "image_file": "21.webp",
          "emojis": ["СЂСџВВ±","СЂСџВВµ"]
        }
      ]
    },
    {
      "identifier": "7",
      "name": "Cats Cute 7",
      "publisher": "GANESH",
      "tray_image_file": "8.webp",
      "image_data_version":"1",
      "avoid_cache":false,
      "publisher_email":"",
      "publisher_website": "",
      "privacy_policy_website": "",
      "license_agreement_website": "",
      "stickers": [
        {
          "image_file": "1.webp",
          "emojis": ["РІВвЂў","СЂСџв„ўвЂљ"]
        },
        {
          "image_file": "2.webp",
          "emojis": ["СЂСџВвЂћ","СЂСџВР‚"]
        },
        {
          "image_file": "3.webp",
          "emojis": ["СЂСџВвЂ ","СЂСџВвЂљ"]
        },
        {
          "image_file": "4.webp",
          "emojis": ["СЂСџВВ©","СЂСџВВ°"]
        },
        {
          "image_file": "5.webp",
          "emojis": ["СЂСџВВ­","СЂСџвЂ™В§"]
        },
        {
          "image_file": "6.webp",
          "emojis": ["СЂСџВРЊ","РІв„ўТђ"]
        },
        {
          "image_file": "7.webp",
          "emojis": ["СЂСџвЂ™вЂќ","СЂСџвЂР‹"]
        },
        {
          "image_file": "8.webp",
          "emojis": ["СЂСџВРЊ","СЂСџвЂ™вЂ"]
        },
        {
          "image_file": "9.webp",
          "emojis": ["СЂСџВВ","СЂСџРЊР„"]
        },
        {
          "image_file": "10.webp",
          "emojis": ["СЂСџВ¤вЂќ","СЂСџВС’"]
        },
        {
          "image_file": "11.webp",
          "emojis": ["СЂСџВВ±","СЂСџВВµ"]
        },
        {
          "image_file": "12.webp",
          "emojis": ["СЂСџВРЋ","СЂСџВВ "]
        },
        {
          "image_file": "13.webp",
          "emojis": ["РІСњвЂњ","СЂСџВ¤вЂќ"]
        },
        {
          "image_file": "14.webp",
          "emojis": ["СЂСџРЉв‚¬","СЂСџВСљ"]
        },
        {
          "image_file": "15.webp",
          "emojis": ["СЂСџвЂ™В»","СЂСџВВ©"]
        },
        {
          "image_file": "16.webp",
          "emojis": ["СЂСџВРЋ","СЂСџВВ¤"]
        },
        {
          "image_file": "17.webp",
          "emojis": ["СЂСџВВ©","СЂСџВРЃ"]
        },
        {
          "image_file": "18.webp",
          "emojis": ["СЂСџвЂ™В»","СЂСџРЉС“"]
        },
        {
          "image_file": "19.webp",
          "emojis": ["СЂСџР‹вЂ°","РІСљРЃ"]
        }
      ]
    },
    {
      "identifier": "8",
      "name": "Cats Cute 8",
      "publisher": "GANESH",
      "tray_image_file": "8.webp",
      "image_data_version":"1",
      "avoid_cache":false,
      "publisher_email":"",
      "publisher_website": "",
      "privacy_policy_website": "",
      "license_agreement_website": "",
      "stickers": [
        {
          "image_file": "1.webp",
          "emojis": ["РІВвЂў","СЂСџв„ўвЂљ"]
        },
        {
          "image_file": "2.webp",
          "emojis": ["СЂСџВвЂћ","СЂСџВР‚"]
        },
        {
          "image_file": "3.webp",
          "emojis": ["СЂСџВвЂ ","СЂСџВвЂљ"]
        },
        {
          "image_file": "4.webp",
          "emojis": ["СЂСџВВ©","СЂСџВВ°"]
        },
        {
          "image_file": "5.webp",
          "emojis": ["СЂСџВВ­","СЂСџвЂ™В§"]
        },
        {
          "image_file": "6.webp",
          "emojis": ["СЂСџВРЊ","РІв„ўТђ"]
        },
        {
          "image_file": "7.webp",
          "emojis": ["СЂСџвЂ™вЂќ","СЂСџвЂР‹"]
        },
        {
          "image_file": "8.webp",
          "emojis": ["СЂСџВРЊ","СЂСџвЂ™вЂ"]
        },
        {
          "image_file": "9.webp",
          "emojis": ["СЂСџВВ","СЂСџРЊР„"]
        },
        {
          "image_file": "10.webp",
          "emojis": ["СЂСџВ¤вЂќ","СЂСџВС’"]
        },
        {
          "image_file": "11.webp",
          "emojis": ["СЂСџВВ±","СЂСџВВµ"]
        },
        {
          "image_file": "12.webp",
          "emojis": ["СЂСџВРЋ","СЂСџВВ "]
        },
        {
          "image_file": "13.webp",
          "emojis": ["РІСњвЂњ","СЂСџВ¤вЂќ"]
        },
        {
          "image_file": "14.webp",
          "emojis": ["СЂСџРЉв‚¬","СЂСџВСљ"]
        },
        {
          "image_file": "15.webp",
          "emojis": ["СЂСџвЂ™В»","СЂСџВВ©"]
        },
        {
          "image_file": "16.webp",
          "emojis": ["СЂСџВРЋ","СЂСџВВ¤"]
        },
        {
          "image_file": "17.webp",
          "emojis": ["СЂСџВВ©","СЂСџВРЃ"]
        },
        {
          "image_file": "18.webp",
          "emojis": ["СЂСџвЂ™В»","СЂСџРЉС“"]
        },
        {
          "image_file": "19.webp",
          "emojis": ["СЂСџР‹вЂ°","РІСљРЃ"]
        },
        {
          "image_file": "20.webp",
          "emojis": ["СЂСџВ¤В®","СЂСџвЂР‹"]
        }
      ]
    }
  ]
}