{
  "android_play_store_link": "",
  "ios_app_store_link": "",
  "sticker_packs": [
    {
      "identifier": "1",
      "name": "Bal Ganesha",
      "publisher": "GANESH",
      "tray_image_file": "logo.png",
      "publisher_email":"feedbacktomyapp@gmail.com",
      "publisher_website": "https://sites.google.com/view/programmingwithganesh/home",
      "privacy_policy_website": "https://sites.google.com/view/programmingwithganesh/home",
      "license_agreement_website": "https://sites.google.com/view/programmingwithganesh/home",
      "stickers": [
        {
          "image_file": "bal_ganesha_01.webp",
          "emojis": ["☕","🙂"]
        },
        {
          "image_file": "bal_ganesha_02.webp",
          "emojis": ["😄","😀"]
        },
        {
          "image_file": "bal_ganesha_03.webp",
          "emojis": ["😆","😂"]
        },
        {
          "image_file": "bal_ganesha_04.webp",
          "emojis": ["😩","😰"]
        },
        {
          "image_file": "bal_ganesha_05.webp",
          "emojis": ["😭","💧"]
        },
        {
          "image_file": "bal_ganesha_06.webp",
          "emojis": ["😍","♥"]
        },
        {
          "image_file": "bal_ganesha_07.webp",
          "emojis": ["💔","👎"]
        },
        {
          "image_file": "bal_ganesha_08.webp",
          "emojis": ["😍","💑"]
        },
        {
          "image_file": "bal_ganesha_09.webp",
          "emojis": ["😘","🍪"]
        },
        {
          "image_file": "bal_ganesha_10.webp",
          "emojis": ["🤔","😐"]
        },
        {
          "image_file": "bal_ganesha_11.webp",
          "emojis": ["😱","😵"]
        },
        {
          "image_file": "bal_ganesha_12.webp",
          "emojis": ["😡","😠"]
        },
        {
          "image_file": "bal_ganesha_13.webp",
          "emojis": ["❓","🤔"]
        },
        {
          "image_file": "bal_ganesha_14.webp",
          "emojis": ["🌈","😜"]
        },
        {
          "image_file": "bal_ganesha_15.webp",
          "emojis": ["💻","😩"]
        },
        {
          "image_file": "bal_ganesha_16.webp",
          "emojis": ["😡","😤"]
        }, {
          "image_file": "bal_ganesha_17.webp",
          "emojis": ["😡","😤"]
        }, {
          "image_file": "bal_ganesha_18.webp",
          "emojis": ["😡","😤"]
        }, {
          "image_file": "bal_ganesha_19.webp",
          "emojis": ["😡","😤"]
        }, {
          "image_file": "bal_ganesha_20.webp",
          "emojis": ["😡","😤"]
        }, {
          "image_file": "bal_ganesha_21.webp",
          "emojis": ["😡","😤"]
        }, {
          "image_file": "bal_ganesha_22.webp",
          "emojis": ["😡","😤"]
        }, {
          "image_file": "bal_ganesha_23.webp",
          "emojis": ["😡","😤"]
        }, {
          "image_file": "bal_ganesha_24.webp",
          "emojis": ["😡","😤"]
        }, {
          "image_file": "bal_ganesha_25.webp",
          "emojis": ["😡","😤"]
        }, {
          "image_file": "bal_ganesha_26.webp",
          "emojis": ["😡","😤"]
        }, {
          "image_file": "bal_ganesha_27.webp",
          "emojis": ["😡","😤"]
        }, {
          "image_file": "bal_ganesha_28.webp",
          "emojis": ["😡","😤"]
        }, {
          "image_file": "bal_ganesha_29.webp",
          "emojis": ["😡","😤"]
        }, {
          "image_file": "bal_ganesha_30.webp",
          "emojis": ["😡","😤"]
        }]
    },
    {
      "identifier": "2",
      "name": "Ganesha",
      "publisher": "GANESH",
      "tray_image_file": "logo.png",
      "publisher_email":"feedbacktomyapp@gmail.com",
      "publisher_website": "https://sites.google.com/view/programmingwithganesh/home",
      "privacy_policy_website": "https://sites.google.com/view/programmingwithganesh/home",
      "license_agreement_website": "https://sites.google.com/view/programmingwithganesh/home",
      "stickers": [
        {
          "image_file": "ganesha_01.webp",
          "emojis": ["☕","🙂"]
        },
        {
          "image_file": "ganesha_02.webp",
          "emojis": ["😄","😀"]
        },
        {
          "image_file": "ganesha_03.webp",
          "emojis": ["😆","😂"]
        },
        {
          "image_file": "ganesha_04.webp",
          "emojis": ["😩","😰"]
        },
        {
          "image_file": "ganesha_05.webp",
          "emojis": ["😭","💧"]
        },
        {
          "image_file": "ganesha_06.webp",
          "emojis": ["😍","♥"]
        },
        {
          "image_file": "ganesha_07.webp",
          "emojis": ["💔","👎"]
        },
        {
          "image_file": "ganesha_08.webp",
          "emojis": ["😍","💑"]
        },
        {
          "image_file": "ganesha_09.webp",
          "emojis": ["😘","🍪"]
        },
        {
          "image_file": "ganesha_10.webp",
          "emojis": ["🤔","😐"]
        },
        {
          "image_file": "ganesha_11.webp",
          "emojis": ["😱","😵"]
        },
        {
          "image_file": "ganesha_12.webp",
          "emojis": ["😡","😠"]
        },
        {
          "image_file": "ganesha_13.webp",
          "emojis": ["❓","🤔"]
        },
        {
          "image_file": "ganesha_14.webp",
          "emojis": ["🌈","😜"]
        },
        {
          "image_file": "ganesha_15.webp",
          "emojis": ["💻","😩"]
        },
        {
          "image_file": "ganesha_16.webp",
          "emojis": ["😡","😤"]
        },
        {
          "image_file": "ganesha_17.webp",
          "emojis": ["😩","😨"]
        },
        {
          "image_file": "ganesha_18.webp",
          "emojis": ["💻","🌃"]
        },
        {
          "image_file": "ganesha_19.webp",
          "emojis": ["💻","🌃"]
        },
        {
          "image_file": "ganesha_20.webp",
          "emojis": ["💻","🌃"]
        },
        {
          "image_file": "ganesha_21.webp",
          "emojis": ["💻","🌃"]
        },
        {
          "image_file": "ganesha_22.webp",
          "emojis": ["💻","🌃"]
        }


      ]
    },
    {
      "identifier": "3",
      "name": "Hanuman",
      "publisher": "GANESH",
      "tray_image_file": "logo.png",
      "publisher_email":"feedbacktomyapp@gmail.com",
      "publisher_website": "https://sites.google.com/view/programmingwithganesh/home",
      "privacy_policy_website": "https://sites.google.com/view/programmingwithganesh/home",
      "license_agreement_website": "https://sites.google.com/view/programmingwithganesh/home",
      "stickers": [
        {
          "image_file": "hanuman_01.webp",
          "emojis": ["☕","🙂"]
        },
        {
          "image_file": "hanuman_02.webp",
          "emojis": ["😄","😀"]
        },
        {
          "image_file": "hanuman_03.webp",
          "emojis": ["😆","😂"]
        },
        {
          "image_file": "hanuman_04.webp",
          "emojis": ["😩","😰"]
        },
        {
          "image_file": "hanuman_05.webp",
          "emojis": ["😭","💧"]
        },
        {
          "image_file": "hanuman_06.webp",
          "emojis": ["😍","♥"]
        },
        {
          "image_file": "hanuman_07.webp",
          "emojis": ["💔","👎"]
        },
        {
          "image_file": "hanuman_08.webp",
          "emojis": ["😍","💑"]
        },
        {
          "image_file": "hanuman_09.webp",
          "emojis": ["😘","🍪"]
        },
        {
          "image_file": "hanuman_10.webp",
          "emojis": ["🤔","😐"]
        },
        {
          "image_file": "hanuman_11.webp",
          "emojis": ["😱","😵"]
        },
        {
          "image_file": "hanuman_12.webp",
          "emojis": ["😡","😠"]
        },
        {
          "image_file": "hanuman_13.webp",
          "emojis": ["❓","🤔"]
        },
        {
          "image_file": "hanuman_14.webp",
          "emojis": ["🌈","😜"]
        },
        {
          "image_file": "hanuman_15.webp",
          "emojis": ["💻","😩"]
        }
      ]
    },
    {
      "identifier": "4",
      "name": "Krishna",
      "publisher": "GANESH",
      "tray_image_file": "logo.png",
      "publisher_email":"feedbacktomyapp@gmail.com",
      "publisher_website": "https://sites.google.com/view/programmingwithganesh/home",
      "privacy_policy_website": "https://sites.google.com/view/programmingwithganesh/home",
      "license_agreement_website": "https://sites.google.com/view/programmingwithganesh/home",
      "stickers": [
        {
          "image_file": "krishna_01.webp",
          "emojis": ["☕","🙂"]
        },
        {
          "image_file": "krishna_02.webp",
          "emojis": ["😄","😀"]
        },
        {
          "image_file": "krishna_03.webp",
          "emojis": ["😆","😂"]
        },
        {
          "image_file": "krishna_04.webp",
          "emojis": ["😩","😰"]
        },
        {
          "image_file": "krishna_05.webp",
          "emojis": ["😭","💧"]
        },
        {
          "image_file": "krishna_06.webp",
          "emojis": ["😍","♥"]
        },
        {
          "image_file": "krishna_07.webp",
          "emojis": ["💔","👎"]
        },
        {
          "image_file": "krishna_08.webp",
          "emojis": ["😍","💑"]
        },
        {
          "image_file": "krishna_09.webp",
          "emojis": ["😘","🍪"]
        },
        {
          "image_file": "krishna_10.webp",
          "emojis": ["🤔","😐"]
        },
        {
          "image_file": "krishna_11.webp",
          "emojis": ["😱","😵"]
        },
        {
          "image_file": "krishna_12.webp",
          "emojis": ["😡","😠"]
        },
        {
          "image_file": "krishna_13.webp",
          "emojis": ["❓","🤔"]
        },
        {
          "image_file": "krishna_14.webp",
          "emojis": ["🌈","😜"]
        },
        {
          "image_file": "krishna_15.webp",
          "emojis": ["💻","😩"]
        },
        {
          "image_file": "krishna_16.webp",
          "emojis": ["😡","😤"]
        },
        {
          "image_file": "krishna_17.webp",
          "emojis": ["😩","😨"]
        },
        {
          "image_file": "krishna_18.webp",
          "emojis": ["💻","🌃"]
        },
        {
          "image_file": "krishna_19.webp",
          "emojis": ["🎉","✨"]
        },
        {
          "image_file": "krishna_20.webp",
          "emojis": ["🤮","👎"]
        },
        {
          "image_file": "krishna_21.webp",
          "emojis": ["🤮","👎"]
        },
        {
          "image_file": "krishna_22.webp",
          "emojis": ["😱","😵"]
        },
        {
          "image_file": "krishna_23.webp",
          "emojis": ["😡","😠"]
        },
        {
          "image_file": "krishna_24.webp",
          "emojis": ["❓","🤔"]
        },
        {
          "image_file": "krishna_25.webp",
          "emojis": ["🌈","😜"]
        },
        {
          "image_file": "krishna_26.webp",
          "emojis": ["💻","😩"]
        },
        {
          "image_file": "krishna_27.webp",
          "emojis": ["😡","😤"]
        },
        {
          "image_file": "krishna_28.webp",
          "emojis": ["😩","😨"]
        },
        {
          "image_file": "krishna_29.webp",
          "emojis": ["💻","🌃"]
        },
        {
          "image_file": "krishna_30.webp",
          "emojis": ["🎉","✨"]
        }

      ]
    },
    {
      "identifier": "5",
      "name": "Mahadev",
      "publisher": "GANESH",
      "tray_image_file": "logo.png",
      "publisher_email":"feedbacktomyapp@gmail.com",
      "publisher_website": "https://sites.google.com/view/programmingwithganesh/home",
      "privacy_policy_website": "https://sites.google.com/view/programmingwithganesh/home",
      "license_agreement_website": "https://sites.google.com/view/programmingwithganesh/home",
      "stickers": [
        {
          "image_file": "mahadev_01.webp",
          "emojis": ["☕","🙂"]
        },
        {
          "image_file": "mahadev_02.webp",
          "emojis": ["☕","🙂"]
        },
        {
          "image_file": "mahadev_03.webp",
          "emojis": ["😄","😀"]
        },
        {
          "image_file": "mahadev_04.webp",
          "emojis": ["😆","😂"]
        },
        {
          "image_file": "mahadev_05.webp",
          "emojis": ["😩","😰"]
        },
        {
          "image_file": "mahadev_06.webp",
          "emojis": ["😭","💧"]
        },
        {
          "image_file": "mahadev_07.webp",
          "emojis": ["😍","♥"]
        },
        {
          "image_file": "mahadev_08.webp",
          "emojis": ["💔","👎"]
        },
        {
          "image_file": "mahadev_09.webp",
          "emojis": ["😍","💑"]
        },
        {
          "image_file": "mahadev_10.webp",
          "emojis": ["😘","🍪"]
        },
        {
          "image_file": "mahadev_11.webp",
          "emojis": ["🤔","😐"]
        },
        {
          "image_file": "mahadev_12.webp",
          "emojis": ["😱","😵"]
        },
        {
          "image_file": "mahadev_13.webp",
          "emojis": ["😡","😠"]
        },
        {
          "image_file": "mahadev_14.webp",
          "emojis": ["😡","😠"]
        }, {
          "image_file": "mahadev_15.webp",
          "emojis": ["😡","😠"]
        }, {
          "image_file": "mahadev_16.webp",
          "emojis": ["😡","😠"]
        }, {
          "image_file": "mahadev_17.webp",
          "emojis": ["😡","😠"]
        }, {
          "image_file": "mahadev_18.webp",
          "emojis": ["😡","😠"]
        }, {
          "image_file": "mahadev_19.webp",
          "emojis": ["😡","😠"]
        }, {
          "image_file": "mahadev_20.webp",
          "emojis": ["😡","😠"]
        }, {
          "image_file": "mahadev_21.webp",
          "emojis": ["😡","😠"]
        }
      ]
    },
    {
      "identifier": "6",
      "name": "Sai Baba",
      "publisher": "GANESH",
      "tray_image_file": "logo.png",
      "publisher_email":"feedbacktomyapp@gmail.com",
      "publisher_website": "https://sites.google.com/view/programmingwithganesh/home",
      "privacy_policy_website": "https://sites.google.com/view/programmingwithganesh/home",
      "license_agreement_website": "https://sites.google.com/view/programmingwithganesh/home",
      "stickers": [
        {
          "image_file": "sai_baba_01.webp",
          "emojis": ["☕","🙂"]
        },
        {
          "image_file": "sai_baba_02.webp",
          "emojis": ["☕","🙂"]
        },
        {
          "image_file": "sai_baba_03.webp",
          "emojis": ["😄","😀"]
        },
        {
          "image_file": "sai_baba_04.webp",
          "emojis": ["😆","😂"]
        },
        {
          "image_file": "sai_baba_05.webp",
          "emojis": ["😩","😰"]
        },
        {
          "image_file": "sai_baba_06.webp",
          "emojis": ["😭","💧"]
        },
        {
          "image_file": "sai_baba_07.webp",
          "emojis": ["😍","♥"]
        },
        {
          "image_file": "sai_baba_08.webp",
          "emojis": ["💔","👎"]
        },
        {
          "image_file": "sai_baba_09.webp",
          "emojis": ["😍","💑"]
        },
        {
          "image_file": "sai_baba_10.webp",
          "emojis": ["😘","🍪"]
        }, {
          "image_file": "sai_baba_11.webp",
          "emojis": ["☕","🙂"]
        },
        {
          "image_file": "sai_baba_12.webp",
          "emojis": ["☕","🙂"]
        },
        {
          "image_file": "sai_baba_13.webp",
          "emojis": ["😄","😀"]
        },
        {
          "image_file": "sai_baba_14.webp",
          "emojis": ["😆","😂"]
        },
        {
          "image_file": "sai_baba_15.webp",
          "emojis": ["😩","😰"]
        },
        {
          "image_file": "sai_baba_16.webp",
          "emojis": ["😭","💧"]
        },
        {
          "image_file": "sai_baba_17.webp",
          "emojis": ["😍","♥"]
        },
        {
          "image_file": "sai_baba_18.webp",
          "emojis": ["💔","👎"]
        },
        {
          "image_file": "sai_baba_19.webp",
          "emojis": ["😍","💑"]
        },
        {
          "image_file": "sai_baba_20.webp",
          "emojis": ["😘","🍪"]
        }
      ]
    }
  ]
}
