{
  "android_play_store_link": "",
  "sticker_packs": [
    {
      "identifier": "1",
      "name": "Elephant Pack 1",
      "publisher": "GANESH",
      "tray_image_file": "1.png",
      "image_data_version": "1",
      "avoid_cache": false,
      "publisher_email":"feedbacktomyapp@gmail.com",
      "publisher_website": "https://sites.google.com/view/programmingwithganesh/home",
      "privacy_policy_website": "https://sites.google.com/view/programmingwithganesh/home",
      "license_agreement_website": "https://sites.google.com/view/programmingwithganesh/home",
      "stickers": [
        {
          "image_file": "1.png",
          "emojis": [
            "â˜•",
            "ðŸ™‚"
          ]
        },
        {
          "image_file": "2.png",
          "emojis": [
            "ðŸ˜„",
            "ðŸ˜€"
          ]
        },
        {
          "image_file": "3.png",
          "emojis": [
            "ðŸ˜†",
            "ðŸ˜‚"
          ]
        },
        {
          "image_file": "4.png",
          "emojis": [
            "ðŸ˜©",
            "ðŸ˜°"
          ]
        },
        {
          "image_file": "5.png",
          "emojis": [
            "ðŸ˜­",
            "ðŸ’§"
          ]
        },
        {
          "image_file": "6.png",
          "emojis": [
            "ðŸ˜",
            "â™¥"
          ]
        }
      ]
    },
    {
      "identifier": "1",
      "name": "Elephant Pack 1",
      "publisher": "GANESH",
      "tray_image_file": "1.png",
      "image_data_version": "1",
      "avoid_cache": false,
      "publisher_email":"feedbacktomyapp@gmail.com",
      "publisher_website": "https://sites.google.com/view/programmingwithganesh/home",
      "privacy_policy_website": "https://sites.google.com/view/programmingwithganesh/home",
      "license_agreement_website": "https://sites.google.com/view/programmingwithganesh/home",
      "stickers": [
        {
          "image_file": "7.png",
          "emojis": [
            "â˜•",
            "ðŸ™‚"
          ]
        },
        {
          "image_file": "8.png",
          "emojis": [
            "ðŸ˜„",
            "ðŸ˜€"
          ]
        },
        {
          "image_file": "9.png",
          "emojis": [
            "ðŸ˜†",
            "ðŸ˜‚"
          ]
        },
        {
          "image_file": "10.png",
          "emojis": [
            "ðŸ˜©",
            "ðŸ˜°"
          ]
        },
        {
          "image_file": "11.png",
          "emojis": [
            "ðŸ˜­",
            "ðŸ’§"
          ]
        },
        {
          "image_file": "12.png",
          "emojis": [
            "ðŸ˜",
            "â™¥"
          ]
        }
      ]
    },
    {
      "identifier": "1",
      "name": "Elephant Pack 1",
      "publisher": "GANESH",
      "tray_image_file": "1.png",
      "image_data_version": "1",
      "avoid_cache": false,
      "publisher_email":"feedbacktomyapp@gmail.com",
      "publisher_website": "https://sites.google.com/view/programmingwithganesh/home",
      "privacy_policy_website": "https://sites.google.com/view/programmingwithganesh/home",
      "license_agreement_website": "https://sites.google.com/view/programmingwithganesh/home",
      "stickers": [
        {
          "image_file": "13.png",
          "emojis": [
            "â˜•",
            "ðŸ™‚"
          ]
        },
        {
          "image_file": "14.png",
          "emojis": [
            "ðŸ˜„",
            "ðŸ˜€"
          ]
        },
        {
          "image_file": "15.png",
          "emojis": [
            "ðŸ˜†",
            "ðŸ˜‚"
          ]
        },
        {
          "image_file": "16.png",
          "emojis": [
            "ðŸ˜©",
            "ðŸ˜°"
          ]
        },
        {
          "image_file": "17.png",
          "emojis": [
            "ðŸ˜­",
            "ðŸ’§"
          ]
        },
        {
          "image_file": "18.png",
          "emojis": [
            "ðŸ˜",
            "â™¥"
          ]
        }
      ]
    }
  ]
}