{
  "android_play_store_link": "",
  "ios_app_store_link": "",
  "sticker_packs": [
    {
      "identifier": "1",
      "name": "Baby 1",
      "publisher": "GANESH",
      "tray_image_file": "1.png",
      "image_data_version": "1",
      "avoid_cache": false,
      "publisher_email": "feedbacktomyapp@gmail.com",
      "publisher_website": "https://sites.google.com/view/programmingwithganesh/home",
      "privacy_policy_website": "https://sites.google.com/view/programmingwithganesh/home",
      "license_agreement_website": "https://sites.google.com/view/programmingwithganesh/home",
      "animated_sticker_pack": true,
      "stickers": [
        {
          "image_file": "1.webp",
          "emojis": [
            "🥰",
            "😘",
            "❤️"
          ]
        },
        {
          "image_file": "2.webp",
          "emojis": [
            "✊",
            "💪",
            "🙏"
          ]
        },
        {
          "image_file": "3.webp",
          "emojis": [
            "❤️",
            "🥰",
            "💕"
          ]
        },
        {
          "image_file": "4.webp",
          "emojis": [
            "🖐",
            "🙌",
            "✋"
          ]
        },
        {
          "image_file": "5.webp",
          "emojis": [
            "📱",
            "👯",
            "👋"
          ]
        },
        {
          "image_file": "6.webp",
          "emojis": [
            "📱",
            "🙋‍♀",
            "🙋‍♂"
          ]
        },
        {
          "image_file": "7.webp",
          "emojis": [
            "📱",
            "🙋‍♀",
            "🙋‍♂"
          ]
        },
        {
          "image_file": "8.webp",
          "emojis": [
            "📱",
            "🙋‍♀",
            "🙋‍♂"
          ]
        },
        {
          "image_file": "9.webp",
          "emojis": [
            "📱",
            "🙋‍♀",
            "🙋‍♂"
          ]
        },
        {
          "image_file": "10.webp",
          "emojis": [
            "📱",
            "🙋‍♀",
            "🙋‍♂"
          ]
        },
        {
          "image_file": "11.webp",
          "emojis": [
            "📱",
            "🙋‍♀",
            "🙋‍♂"
          ]
        }
      ]
    },
    {
      "identifier": "1",
      "name": "Baby 1",
      "publisher": "GANESH",
      "tray_image_file": "1.png",
      "image_data_version": "1",
      "avoid_cache": false,
      "publisher_email": "feedbacktomyapp@gmail.com",
      "publisher_website": "https://sites.google.com/view/programmingwithganesh/home",
      "privacy_policy_website": "https://sites.google.com/view/programmingwithganesh/home",
      "license_agreement_website": "https://sites.google.com/view/programmingwithganesh/home",
      "animated_sticker_pack": true,
      "stickers": [
        {
          "image_file": "1.webp",
          "emojis": [
            "🥰",
            "😘",
            "❤️"
          ]
        },
        {
          "image_file": "2.webp",
          "emojis": [
            "✊",
            "💪",
            "🙏"
          ]
        },
        {
          "image_file": "3.webp",
          "emojis": [
            "❤️",
            "🥰",
            "💕"
          ]
        },
        {
          "image_file": "4.webp",
          "emojis": [
            "🖐",
            "🙌",
            "✋"
          ]
        },
        {
          "image_file": "5.webp",
          "emojis": [
            "📱",
            "👯",
            "👋"
          ]
        },
        {
          "image_file": "6.webp",
          "emojis": [
            "📱",
            "🙋‍♀",
            "🙋‍♂"
          ]
        },
        {
          "image_file": "7.webp",
          "emojis": [
            "📱",
            "🙋‍♀",
            "🙋‍♂"
          ]
        },
        {
          "image_file": "8.webp",
          "emojis": [
            "📱",
            "🙋‍♀",
            "🙋‍♂"
          ]
        },
        {
          "image_file": "9.webp",
          "emojis": [
            "📱",
            "🙋‍♀",
            "🙋‍♂"
          ]
        },
        {
          "image_file": "10.webp",
          "emojis": [
            "📱",
            "🙋‍♀",
            "🙋‍♂"
          ]
        },
        {
          "image_file": "11.webp",
          "emojis": [
            "📱",
            "🙋‍♀",
            "🙋‍♂"
          ]
        }
      ]
    }
  ]
}