{
  "android_play_store_link": "",
  "sticker_packs": [
    {
      "identifier": "1",
      "name": "Elephant Pack 1",
      "publisher": "GANESH",
      "tray_image_file": "1.jpg",
      "image_data_version": "1",
      "avoid_cache": false,
      "publisher_email":"feedbacktomyapp@gmail.com",
      "publisher_website": "https://sites.google.com/view/programmingwithganesh/home",
      "privacy_policy_website": "https://sites.google.com/view/programmingwithganesh/home",
      "license_agreement_website": "https://sites.google.com/view/programmingwithganesh/home",
      "animated_sticker_pack": true,
      "stickers": [
        {
          "image_file": "1.jpg",
          "emojis": [
            "â˜•",
            "ðŸ™‚"
          ]
        },
        {
          "image_file": "2.jpg",
          "emojis": [
            "ðŸ˜„",
            "ðŸ˜€"
          ]
        },
        {
          "image_file": "3.jpg",
          "emojis": [
            "ðŸ˜†",
            "ðŸ˜‚"
          ]
        },
        {
          "image_file": "4.jpg",
          "emojis": [
            "ðŸ˜©",
            "ðŸ˜°"
          ]
        },
        {
          "image_file": "5.jpg",
          "emojis": [
            "ðŸ˜­",
            "ðŸ’§"
          ]
        },
        {
          "image_file": "6.jpg",
          "emojis": [
            "ðŸ˜",
            "â™¥"
          ]
        }
      ]
    },
    {
      "identifier": "1",
      "name": "Elephant Pack 1",
      "publisher": "GANESH",
      "tray_image_file": "1.jpg",
      "image_data_version": "1",
      "avoid_cache": false,
      "publisher_email":"feedbacktomyapp@gmail.com",
      "publisher_website": "https://sites.google.com/view/programmingwithganesh/home",
      "privacy_policy_website": "https://sites.google.com/view/programmingwithganesh/home",
      "license_agreement_website": "https://sites.google.com/view/programmingwithganesh/home",
      "animated_sticker_pack": true,
      "stickers": [
        {
          "image_file": "7.jpg",
          "emojis": [
            "â˜•",
            "ðŸ™‚"
          ]
        },
        {
          "image_file": "8.jpg",
          "emojis": [
            "ðŸ˜„",
            "ðŸ˜€"
          ]
        },
        {
          "image_file": "9.jpg",
          "emojis": [
            "ðŸ˜†",
            "ðŸ˜‚"
          ]
        },
        {
          "image_file": "10.jpg",
          "emojis": [
            "ðŸ˜©",
            "ðŸ˜°"
          ]
        },
        {
          "image_file": "11.jpg",
          "emojis": [
            "ðŸ˜­",
            "ðŸ’§"
          ]
        },
        {
          "image_file": "12.jpg",
          "emojis": [
            "ðŸ˜",
            "â™¥"
          ]
        }
      ]
    },
    {
      "identifier": "1",
      "name": "Elephant Pack 1",
      "publisher": "GANESH",
      "tray_image_file": "1.jpg",
      "image_data_version": "1",
      "avoid_cache": false,
      "publisher_email":"feedbacktomyapp@gmail.com",
      "publisher_website": "https://sites.google.com/view/programmingwithganesh/home",
      "privacy_policy_website": "https://sites.google.com/view/programmingwithganesh/home",
      "license_agreement_website": "https://sites.google.com/view/programmingwithganesh/home",
      "animated_sticker_pack": true,
      "stickers": [
        {
          "image_file": "13.jpg",
          "emojis": [
            "â˜•",
            "ðŸ™‚"
          ]
        },
        {
          "image_file": "14.jpg",
          "emojis": [
            "ðŸ˜„",
            "ðŸ˜€"
          ]
        },
        {
          "image_file": "15.jpg",
          "emojis": [
            "ðŸ˜†",
            "ðŸ˜‚"
          ]
        },
        {
          "image_file": "16.jpg",
          "emojis": [
            "ðŸ˜©",
            "ðŸ˜°"
          ]
        },
        {
          "image_file": "17.jpg",
          "emojis": [
            "ðŸ˜­",
            "ðŸ’§"
          ]
        },
        {
          "image_file": "18.jpg",
          "emojis": [
            "ðŸ˜",
            "â™¥"
          ]
        }
      ]
    }
  ]
}