{
  "android_play_store_link": "",
  "ios_app_store_link": "",
  "sticker_packs": [
    {
      "identifier": "1",
      "name": "Rose Alphabets Stickers",
      "publisher": "GANESH",
      "image_data_version":"1",
      "avoid_cache":false,
      "tray_image_file": "tray_icon.png",
      "publisher_email":"feedbacktomyapp@gmail.com",
      "publisher_website": "https://sites.google.com/view/programmingwithganesh/home",
      "privacy_policy_website": "https://sites.google.com/view/programmingwithganesh/home",
      "license_agreement_website": "https://sites.google.com/view/programmingwithganesh/home",
      "stickers": [
        {
          "image_file": "01.webp",
          "emojis": [
            "🥰",
            "😘",
            "❤️"
          ]
        },{
          "image_file": "02.webp",
          "emojis": [
            "🥰",
            "😘",
            "❤️"
          ]
        },{
          "image_file": "03.webp",
          "emojis": [
            "🥰",
            "😘",
            "❤️"
          ]
        },{
          "image_file": "04.webp",
          "emojis": [
            "🥰",
            "😘",
            "❤️"
          ]
        },{
          "image_file": "05.webp",
          "emojis": [
            "🥰",
            "😘",
            "❤️"
          ]
        },{
          "image_file": "06.webp",
          "emojis": [
            "🥰",
            "😘",
            "❤️"
          ]
        },{
          "image_file": "07.webp",
          "emojis": [
            "🥰",
            "😘",
            "❤️"
          ]
        },{
          "image_file": "08.webp",
          "emojis": [
            "🥰",
            "😘",
            "❤️"
          ]
        },{
          "image_file": "09.webp",
          "emojis": [
            "🥰",
            "😘",
            "❤️"
          ]
        },        {
          "image_file": "10.webp",
          "emojis": [
            "🥰",
            "😘",
            "❤️"
          ]
        },{
          "image_file": "11.webp",
          "emojis": [
            "🥰",
            "😘",
            "❤️"
          ]
        },{
          "image_file": "12.webp",
          "emojis": [
            "🥰",
            "😘",
            "❤️"
          ]
        },{
          "image_file": "13.webp",
          "emojis": [
            "🥰",
            "😘",
            "❤️"
          ]
        },{
          "image_file": "14.webp",
          "emojis": [
            "🥰",
            "😘",
            "❤️"
          ]
        },{
          "image_file": "15.webp",
          "emojis": [
            "🥰",
            "😘",
            "❤️"
          ]
        },{
          "image_file": "16.webp",
          "emojis": [
            "🥰",
            "😘",
            "❤️"
          ]
        },{
          "image_file": "17.webp",
          "emojis": [
            "🥰",
            "😘",
            "❤️"
          ]
        },{
          "image_file": "18.webp",
          "emojis": [
            "🥰",
            "😘",
            "❤️"
          ]
        },{
          "image_file": "19.webp",
          "emojis": [
            "🥰",
            "😘",
            "❤️"
          ]
        },{
          "image_file": "20.webp",
          "emojis": [
            "🥰",
            "😘",
            "❤️"
          ]
        },{
          "image_file": "21.webp",
          "emojis": [
            "🥰",
            "😘",
            "❤️"
          ]
        },{
          "image_file": "22.webp",
          "emojis": [
            "🥰",
            "😘",
            "❤️"
          ]
        },{
          "image_file": "23.webp",
          "emojis": [
            "🥰",
            "😘",
            "❤️"
          ]
        },{
          "image_file": "24.webp",
          "emojis": [
            "🥰",
            "😘",
            "❤️"
          ]
        },{
          "image_file": "25.webp",
          "emojis": [
            "🥰",
            "😘",
            "❤️"
          ]
        },{
          "image_file": "26.webp",
          "emojis": [
            "🥰",
            "😘",
            "❤️"
          ]
        }
      ]
    },{
      "identifier": "2",
      "name": "Button Alphabets Stickers",
      "image_data_version":"1",
      "avoid_cache":false,
      "publisher": "GANESH",
      "tray_image_file": "tray_icon2.png",
      "publisher_email":"feedbacktomyapp@gmail.com",
      "publisher_website": "https://sites.google.com/view/programmingwithganesh/home",
      "privacy_policy_website": "https://sites.google.com/view/programmingwithganesh/home",
      "license_agreement_website": "https://sites.google.com/view/programmingwithganesh/home",
      "stickers": [
        {
          "image_file": "01.webp",
          "emojis": [
            "🥰",
            "😘",
            "❤️"
          ]
        },{
          "image_file": "02.webp",
          "emojis": [
            "🥰",
            "😘",
            "❤️"
          ]
        },{
          "image_file": "03.webp",
          "emojis": [
            "🥰",
            "😘",
            "❤️"
          ]
        },{
          "image_file": "04.webp",
          "emojis": [
            "🥰",
            "😘",
            "❤️"
          ]
        },{
          "image_file": "05.webp",
          "emojis": [
            "🥰",
            "😘",
            "❤️"
          ]
        },{
          "image_file": "06.webp",
          "emojis": [
            "🥰",
            "😘",
            "❤️"
          ]
        },{
          "image_file": "07.webp",
          "emojis": [
            "🥰",
            "😘",
            "❤️"
          ]
        },{
          "image_file": "08.webp",
          "emojis": [
            "🥰",
            "😘",
            "❤️"
          ]
        },{
          "image_file": "09.webp",
          "emojis": [
            "🥰",
            "😘",
            "❤️"
          ]
        },{
          "image_file": "10.webp",
          "emojis": [
            "🥰",
            "😘",
            "❤️"
          ]
        },{
          "image_file": "11.webp",
          "emojis": [
            "🥰",
            "😘",
            "❤️"
          ]
        },{
          "image_file": "12.webp",
          "emojis": [
            "🥰",
            "😘",
            "❤️"
          ]
        },{
          "image_file": "13.webp",
          "emojis": [
            "🥰",
            "😘",
            "❤️"
          ]
        },{
          "image_file": "14.webp",
          "emojis": [
            "🥰",
            "😘",
            "❤️"
          ]
        },{
          "image_file": "15.webp",
          "emojis": [
            "🥰",
            "😘",
            "❤️"
          ]
        },{
          "image_file": "16.webp",
          "emojis": [
            "🥰",
            "😘",
            "❤️"
          ]
        },{
          "image_file": "17.webp",
          "emojis": [
            "🥰",
            "😘",
            "❤️"
          ]
        },{
          "image_file": "18.webp",
          "emojis": [
            "🥰",
            "😘",
            "❤️"
          ]
        },{
          "image_file": "19.webp",
          "emojis": [
            "🥰",
            "😘",
            "❤️"
          ]
        },{
          "image_file": "20.webp",
          "emojis": [
            "🥰",
            "😘",
            "❤️"
          ]
        },{
          "image_file": "21.webp",
          "emojis": [
            "🥰",
            "😘",
            "❤️"
          ]
        },{
          "image_file": "22.webp",
          "emojis": [
            "🥰",
            "😘",
            "❤️"
          ]
        },{
          "image_file": "23.webp",
          "emojis": [
            "🥰",
            "😘",
            "❤️"
          ]
        },{
          "image_file": "24.webp",
          "emojis": [
            "🥰",
            "😘",
            "❤️"
          ]
        },{
          "image_file": "25.webp",
          "emojis": [
            "🥰",
            "😘",
            "❤️"
          ]
        },{
          "image_file": "26.webp",
          "emojis": [
            "🥰",
            "😘",
            "❤️"
          ]
        }
      ]
    },{
      "identifier": "3",
      "name": "Fire Alphabets Stickers",
      "image_data_version":"1",
      "avoid_cache":false,
      "publisher": "GANESH",
      "tray_image_file": "tray_icon3.png",
      "publisher_email":"feedbacktomyapp@gmail.com",
      "publisher_website": "https://sites.google.com/view/programmingwithganesh/home",
      "privacy_policy_website": "https://sites.google.com/view/programmingwithganesh/home",
      "license_agreement_website": "https://sites.google.com/view/programmingwithganesh/home",
      "stickers": [
        {
          "image_file": "01.webp",
          "emojis": [
            "🥰",
            "😘",
            "❤️"
          ]
        },{
          "image_file": "02.webp",
          "emojis": [
            "🥰",
            "😘",
            "❤️"
          ]
        },{
          "image_file": "03.webp",
          "emojis": [
            "🥰",
            "😘",
            "❤️"
          ]
        },{
          "image_file": "04.webp",
          "emojis": [
            "🥰",
            "😘",
            "❤️"
          ]
        },{
          "image_file": "05.webp",
          "emojis": [
            "🥰",
            "😘",
            "❤️"
          ]
        },{
          "image_file": "06.webp",
          "emojis": [
            "🥰",
            "😘",
            "❤️"
          ]
        },{
          "image_file": "07.webp",
          "emojis": [
            "🥰",
            "😘",
            "❤️"
          ]
        },{
          "image_file": "08.webp",
          "emojis": [
            "🥰",
            "😘",
            "❤️"
          ]
        },{
          "image_file": "09.webp",
          "emojis": [
            "🥰",
            "😘",
            "❤️"
          ]
        },{
          "image_file": "10.webp",
          "emojis": [
            "🥰",
            "😘",
            "❤️"
          ]
        },{
          "image_file": "11.webp",
          "emojis": [
            "🥰",
            "😘",
            "❤️"
          ]
        },{
          "image_file": "12.webp",
          "emojis": [
            "🥰",
            "😘",
            "❤️"
          ]
        },{
          "image_file": "13.webp",
          "emojis": [
            "🥰",
            "😘",
            "❤️"
          ]
        },{
          "image_file": "14.webp",
          "emojis": [
            "🥰",
            "😘",
            "❤️"
          ]
        },{
          "image_file": "15.webp",
          "emojis": [
            "🥰",
            "😘",
            "❤️"
          ]
        },{
          "image_file": "16.webp",
          "emojis": [
            "🥰",
            "😘",
            "❤️"
          ]
        },{
          "image_file": "17.webp",
          "emojis": [
            "🥰",
            "😘",
            "❤️"
          ]
        },{
          "image_file": "18.webp",
          "emojis": [
            "🥰",
            "😘",
            "❤️"
          ]
        },{
          "image_file": "19.webp",
          "emojis": [
            "🥰",
            "😘",
            "❤️"
          ]
        },{
          "image_file": "20.webp",
          "emojis": [
            "🥰",
            "😘",
            "❤️"
          ]
        },{
          "image_file": "21.webp",
          "emojis": [
            "🥰",
            "😘",
            "❤️"
          ]
        },{
          "image_file": "22.webp",
          "emojis": [
            "🥰",
            "😘",
            "❤️"
          ]
        },{
          "image_file": "23.webp",
          "emojis": [
            "🥰",
            "😘",
            "❤️"
          ]
        },{
          "image_file": "24.webp",
          "emojis": [
            "🥰",
            "😘",
            "❤️"
          ]
        },{
          "image_file": "25.webp",
          "emojis": [
            "🥰",
            "😘",
            "❤️"
          ]
        },{
          "image_file": "26.webp",
          "emojis": [
            "🥰",
            "😘",
            "❤️"
          ]
        }
      ]
    },{
      "identifier": "4",
      "name": "Tulip Alphabets Stickers",
      "image_data_version":"1",
      "avoid_cache":false,
      "publisher": "GANESH",
      "tray_image_file": "tray_icon4.png",
      "publisher_email":"feedbacktomyapp@gmail.com",
      "publisher_website": "https://sites.google.com/view/programmingwithganesh/home",
      "privacy_policy_website": "https://sites.google.com/view/programmingwithganesh/home",
      "license_agreement_website": "https://sites.google.com/view/programmingwithganesh/home",
      "stickers": [
        {
          "image_file": "01.webp",
          "emojis": [
            "🥰",
            "😘",
            "❤️"
          ]
        },{
          "image_file": "02.webp",
          "emojis": [
            "🥰",
            "😘",
            "❤️"
          ]
        },{
          "image_file": "03.webp",
          "emojis": [
            "🥰",
            "😘",
            "❤️"
          ]
        },{
          "image_file": "04.webp",
          "emojis": [
            "🥰",
            "😘",
            "❤️"
          ]
        },{
          "image_file": "05.webp",
          "emojis": [
            "🥰",
            "😘",
            "❤️"
          ]
        },{
          "image_file": "06.webp",
          "emojis": [
            "🥰",
            "😘",
            "❤️"
          ]
        },{
          "image_file": "07.webp",
          "emojis": [
            "🥰",
            "😘",
            "❤️"
          ]
        },{
          "image_file": "08.webp",
          "emojis": [
            "🥰",
            "😘",
            "❤️"
          ]
        },{
          "image_file": "09.webp",
          "emojis": [
            "🥰",
            "😘",
            "❤️"
          ]
        },{
          "image_file": "10.webp",
          "emojis": [
            "🥰",
            "😘",
            "❤️"
          ]
        },{
          "image_file": "11.webp",
          "emojis": [
            "🥰",
            "😘",
            "❤️"
          ]
        },{
          "image_file": "12.webp",
          "emojis": [
            "🥰",
            "😘",
            "❤️"
          ]
        },{
          "image_file": "13.webp",
          "emojis": [
            "🥰",
            "😘",
            "❤️"
          ]
        },{
          "image_file": "14.webp",
          "emojis": [
            "🥰",
            "😘",
            "❤️"
          ]
        },{
          "image_file": "15.webp",
          "emojis": [
            "🥰",
            "😘",
            "❤️"
          ]
        },{
          "image_file": "16.webp",
          "emojis": [
            "🥰",
            "😘",
            "❤️"
          ]
        },{
          "image_file": "17.webp",
          "emojis": [
            "🥰",
            "😘",
            "❤️"
          ]
        },{
          "image_file": "18.webp",
          "emojis": [
            "🥰",
            "😘",
            "❤️"
          ]
        },{
          "image_file": "19.webp",
          "emojis": [
            "🥰",
            "😘",
            "❤️"
          ]
        },{
          "image_file": "20.webp",
          "emojis": [
            "🥰",
            "😘",
            "❤️"
          ]
        },{
          "image_file": "21.webp",
          "emojis": [
            "🥰",
            "😘",
            "❤️"
          ]
        },{
          "image_file": "22.webp",
          "emojis": [
            "🥰",
            "😘",
            "❤️"
          ]
        },{
          "image_file": "23.webp",
          "emojis": [
            "🥰",
            "😘",
            "❤️"
          ]
        },{
          "image_file": "24.webp",
          "emojis": [
            "🥰",
            "😘",
            "❤️"
          ]
        },{
          "image_file": "25.webp",
          "emojis": [
            "🥰",
            "😘",
            "❤️"
          ]
        },{
          "image_file": "26.webp",
          "emojis": [
            "🥰",
            "😘",
            "❤️"
          ]
        }
      ]
    },{
      "identifier": "5",
      "name": "Golden Alphabets Stickers",
      "publisher": "GANESH",
      "image_data_version":"1",
      "avoid_cache":false,
      "tray_image_file": "tray_icon5.png",
      "publisher_email":"feedbacktomyapp@gmail.com",
      "publisher_website": "https://sites.google.com/view/programmingwithganesh/home",
      "privacy_policy_website": "https://sites.google.com/view/programmingwithganesh/home",
      "license_agreement_website": "https://sites.google.com/view/programmingwithganesh/home",
      "stickers": [
        {
          "image_file": "01.webp",
          "emojis": [
            "🥰",
            "😘",
            "❤️"
          ]
        },{
          "image_file": "02.webp",
          "emojis": [
            "🥰",
            "😘",
            "❤️"
          ]
        },{
          "image_file": "03.webp",
          "emojis": [
            "🥰",
            "😘",
            "❤️"
          ]
        },{
          "image_file": "04.webp",
          "emojis": [
            "🥰",
            "😘",
            "❤️"
          ]
        },{
          "image_file": "05.webp",
          "emojis": [
            "🥰",
            "😘",
            "❤️"
          ]
        },{
          "image_file": "06.webp",
          "emojis": [
            "🥰",
            "😘",
            "❤️"
          ]
        },{
          "image_file": "07.webp",
          "emojis": [
            "🥰",
            "😘",
            "❤️"
          ]
        },{
          "image_file": "08.webp",
          "emojis": [
            "🥰",
            "😘",
            "❤️"
          ]
        },{
          "image_file": "09.webp",
          "emojis": [
            "🥰",
            "😘",
            "❤️"
          ]
        },{
          "image_file": "10.webp",
          "emojis": [
            "🥰",
            "😘",
            "❤️"
          ]
        },{
          "image_file": "11.webp",
          "emojis": [
            "🥰",
            "😘",
            "❤️"
          ]
        },{
          "image_file": "12.webp",
          "emojis": [
            "🥰",
            "😘",
            "❤️"
          ]
        },{
          "image_file": "13.webp",
          "emojis": [
            "🥰",
            "😘",
            "❤️"
          ]
        },{
          "image_file": "14.webp",
          "emojis": [
            "🥰",
            "😘",
            "❤️"
          ]
        },{
          "image_file": "15.webp",
          "emojis": [
            "🥰",
            "😘",
            "❤️"
          ]
        },{
          "image_file": "16.webp",
          "emojis": [
            "🥰",
            "😘",
            "❤️"
          ]
        },{
          "image_file": "17.webp",
          "emojis": [
            "🥰",
            "😘",
            "❤️"
          ]
        },{
          "image_file": "18.webp",
          "emojis": [
            "🥰",
            "😘",
            "❤️"
          ]
        },{
          "image_file": "19.webp",
          "emojis": [
            "🥰",
            "😘",
            "❤️"
          ]
        },{
          "image_file": "20.webp",
          "emojis": [
            "🥰",
            "😘",
            "❤️"
          ]
        },{
          "image_file": "21.webp",
          "emojis": [
            "🥰",
            "😘",
            "❤️"
          ]
        },{
          "image_file": "22.webp",
          "emojis": [
            "🥰",
            "😘",
            "❤️"
          ]
        },{
          "image_file": "23.webp",
          "emojis": [
            "🥰",
            "😘",
            "❤️"
          ]
        },{
          "image_file": "24.webp",
          "emojis": [
            "🥰",
            "😘",
            "❤️"
          ]
        },{
          "image_file": "25.webp",
          "emojis": [
            "🥰",
            "😘",
            "❤️"
          ]
        },{
          "image_file": "26.webp",
          "emojis": [
            "🥰",
            "😘",
            "❤️"
          ]
        }
      ]
    },{
      "identifier": "6",
      "name": "Fish Alphabets Stickers",
      "image_data_version":"1",
      "avoid_cache":false,
      "publisher": "GANESH",
      "tray_image_file": "tray_icon6.png",
      "publisher_email":"feedbacktomyapp@gmail.com",
      "publisher_website": "https://sites.google.com/view/programmingwithganesh/home",
      "privacy_policy_website": "https://sites.google.com/view/programmingwithganesh/home",
      "license_agreement_website": "https://sites.google.com/view/programmingwithganesh/home",
      "stickers": [
        {
          "image_file": "01.webp",
          "emojis": [
            "🥰",
            "😘",
            "❤️"
          ]
        },{
          "image_file": "02.webp",
          "emojis": [
            "🥰",
            "😘",
            "❤️"
          ]
        },{
          "image_file": "03.webp",
          "emojis": [
            "🥰",
            "😘",
            "❤️"
          ]
        },{
          "image_file": "04.webp",
          "emojis": [
            "🥰",
            "😘",
            "❤️"
          ]
        },{
          "image_file": "05.webp",
          "emojis": [
            "🥰",
            "😘",
            "❤️"
          ]
        },{
          "image_file": "06.webp",
          "emojis": [
            "🥰",
            "😘",
            "❤️"
          ]
        },{
          "image_file": "07.webp",
          "emojis": [
            "🥰",
            "😘",
            "❤️"
          ]
        },{
          "image_file": "08.webp",
          "emojis": [
            "🥰",
            "😘",
            "❤️"
          ]
        },{
          "image_file": "09.webp",
          "emojis": [
            "🥰",
            "😘",
            "❤️"
          ]
        },{
          "image_file": "10.webp",
          "emojis": [
            "🥰",
            "😘",
            "❤️"
          ]
        },{
          "image_file": "11.webp",
          "emojis": [
            "🥰",
            "😘",
            "❤️"
          ]
        },{
          "image_file": "12.webp",
          "emojis": [
            "🥰",
            "😘",
            "❤️"
          ]
        },{
          "image_file": "13.webp",
          "emojis": [
            "🥰",
            "😘",
            "❤️"
          ]
        },{
          "image_file": "14.webp",
          "emojis": [
            "🥰",
            "😘",
            "❤️"
          ]
        },{
          "image_file": "15.webp",
          "emojis": [
            "🥰",
            "😘",
            "❤️"
          ]
        },{
          "image_file": "16.webp",
          "emojis": [
            "🥰",
            "😘",
            "❤️"
          ]
        },{
          "image_file": "17.webp",
          "emojis": [
            "🥰",
            "😘",
            "❤️"
          ]
        },{
          "image_file": "18.webp",
          "emojis": [
            "🥰",
            "😘",
            "❤️"
          ]
        },{
          "image_file": "19.webp",
          "emojis": [
            "🥰",
            "😘",
            "❤️"
          ]
        },{
          "image_file": "20.webp",
          "emojis": [
            "🥰",
            "😘",
            "❤️"
          ]
        },{
          "image_file": "21.webp",
          "emojis": [
            "🥰",
            "😘",
            "❤️"
          ]
        },{
          "image_file": "22.webp",
          "emojis": [
            "🥰",
            "😘",
            "❤️"
          ]
        },{
          "image_file": "23.webp",
          "emojis": [
            "🥰",
            "😘",
            "❤️"
          ]
        },{
          "image_file": "24.webp",
          "emojis": [
            "🥰",
            "😘",
            "❤️"
          ]
        },{
          "image_file": "25.webp",
          "emojis": [
            "🥰",
            "😘",
            "❤️"
          ]
        },{
          "image_file": "26.webp",
          "emojis": [
            "🥰",
            "😘",
            "❤️"
          ]
        }
      ]
    },{
      "identifier": "7",
      "name": "Rose Alphabets Stickers",
      "publisher": "GANESH",
      "image_data_version":"1",
      "avoid_cache":false,
      "tray_image_file": "tray_icon.png",
      "publisher_email":"feedbacktomyapp@gmail.com",
      "publisher_website": "https://sites.google.com/view/programmingwithganesh/home",
      "privacy_policy_website": "https://sites.google.com/view/programmingwithganesh/home",
      "license_agreement_website": "https://sites.google.com/view/programmingwithganesh/home",
      "stickers": [
        {
          "image_file": "01.webp",
          "emojis": [
            "🥰",
            "😘",
            "❤️"
          ]
        },{
          "image_file": "02.webp",
          "emojis": [
            "🥰",
            "😘",
            "❤️"
          ]
        },{
          "image_file": "03.webp",
          "emojis": [
            "🥰",
            "😘",
            "❤️"
          ]
        },{
          "image_file": "04.webp",
          "emojis": [
            "🥰",
            "😘",
            "❤️"
          ]
        },{
          "image_file": "05.webp",
          "emojis": [
            "🥰",
            "😘",
            "❤️"
          ]
        },{
          "image_file": "06.webp",
          "emojis": [
            "🥰",
            "😘",
            "❤️"
          ]
        },{
          "image_file": "07.webp",
          "emojis": [
            "🥰",
            "😘",
            "❤️"
          ]
        },{
          "image_file": "08.webp",
          "emojis": [
            "🥰",
            "😘",
            "❤️"
          ]
        },{
          "image_file": "09.webp",
          "emojis": [
            "🥰",
            "😘",
            "❤️"
          ]
        },{
          "image_file": "10.webp",
          "emojis": [
            "🥰",
            "😘",
            "❤️"
          ]
        },{
          "image_file": "11.webp",
          "emojis": [
            "🥰",
            "😘",
            "❤️"
          ]
        },{
          "image_file": "12.webp",
          "emojis": [
            "🥰",
            "😘",
            "❤️"
          ]
        },{
          "image_file": "13.webp",
          "emojis": [
            "🥰",
            "😘",
            "❤️"
          ]
        },{
          "image_file": "14.webp",
          "emojis": [
            "🥰",
            "😘",
            "❤️"
          ]
        },{
          "image_file": "15.webp",
          "emojis": [
            "🥰",
            "😘",
            "❤️"
          ]
        },{
          "image_file": "16.webp",
          "emojis": [
            "🥰",
            "😘",
            "❤️"
          ]
        },{
          "image_file": "17.webp",
          "emojis": [
            "🥰",
            "😘",
            "❤️"
          ]
        },{
          "image_file": "18.webp",
          "emojis": [
            "🥰",
            "😘",
            "❤️"
          ]
        },{
          "image_file": "19.webp",
          "emojis": [
            "🥰",
            "😘",
            "❤️"
          ]
        },{
          "image_file": "20.webp",
          "emojis": [
            "🥰",
            "😘",
            "❤️"
          ]
        },{
          "image_file": "21.webp",
          "emojis": [
            "🥰",
            "😘",
            "❤️"
          ]
        },{
          "image_file": "22.webp",
          "emojis": [
            "🥰",
            "😘",
            "❤️"
          ]
        },{
          "image_file": "23.webp",
          "emojis": [
            "🥰",
            "😘",
            "❤️"
          ]
        },{
          "image_file": "24.webp",
          "emojis": [
            "🥰",
            "😘",
            "❤️"
          ]
        },{
          "image_file": "25.webp",
          "emojis": [
            "🥰",
            "😘",
            "❤️"
          ]
        },{
          "image_file": "26.webp",
          "emojis": [
            "🥰",
            "😘",
            "❤️"
          ]
        }
      ]
    },{
      "identifier": "8",
      "name": "Ribbon Alphabets Stickers",
      "publisher": "GANESH",
      "image_data_version":"1",
      "avoid_cache":false,
      "tray_image_file": "tray_icon.png",
      "publisher_email":"feedbacktomyapp@gmail.com",
      "publisher_website": "https://sites.google.com/view/programmingwithganesh/home",
      "privacy_policy_website": "https://sites.google.com/view/programmingwithganesh/home",
      "license_agreement_website": "https://sites.google.com/view/programmingwithganesh/home",
      "stickers": [
        {
          "image_file": "01.webp",
          "emojis": [
            "🥰",
            "😘",
            "❤️"
          ]
        },{
          "image_file": "02.webp",
          "emojis": [
            "🥰",
            "😘",
            "❤️"
          ]
        },{
          "image_file": "03.webp",
          "emojis": [
            "🥰",
            "😘",
            "❤️"
          ]
        },{
          "image_file": "04.webp",
          "emojis": [
            "🥰",
            "😘",
            "❤️"
          ]
        },{
          "image_file": "05.webp",
          "emojis": [
            "🥰",
            "😘",
            "❤️"
          ]
        },{
          "image_file": "06.webp",
          "emojis": [
            "🥰",
            "😘",
            "❤️"
          ]
        },{
          "image_file": "07.webp",
          "emojis": [
            "🥰",
            "😘",
            "❤️"
          ]
        },{
          "image_file": "08.webp",
          "emojis": [
            "🥰",
            "😘",
            "❤️"
          ]
        },{
          "image_file": "09.webp",
          "emojis": [
            "🥰",
            "😘",
            "❤️"
          ]
        },{
          "image_file": "10.webp",
          "emojis": [
            "🥰",
            "😘",
            "❤️"
          ]
        },{
          "image_file": "11.webp",
          "emojis": [
            "🥰",
            "😘",
            "❤️"
          ]
        },{
          "image_file": "12.webp",
          "emojis": [
            "🥰",
            "😘",
            "❤️"
          ]
        },{
          "image_file": "13.webp",
          "emojis": [
            "🥰",
            "😘",
            "❤️"
          ]
        },{
          "image_file": "14.webp",
          "emojis": [
            "🥰",
            "😘",
            "❤️"
          ]
        },{
          "image_file": "15.webp",
          "emojis": [
            "🥰",
            "😘",
            "❤️"
          ]
        },{
          "image_file": "16.webp",
          "emojis": [
            "🥰",
            "😘",
            "❤️"
          ]
        },{
          "image_file": "17.webp",
          "emojis": [
            "🥰",
            "😘",
            "❤️"
          ]
        },{
          "image_file": "18.webp",
          "emojis": [
            "🥰",
            "😘",
            "❤️"
          ]
        },{
          "image_file": "19.webp",
          "emojis": [
            "🥰",
            "😘",
            "❤️"
          ]
        },{
          "image_file": "20.webp",
          "emojis": [
            "🥰",
            "😘",
            "❤️"
          ]
        },{
          "image_file": "21.webp",
          "emojis": [
            "🥰",
            "😘",
            "❤️"
          ]
        },{
          "image_file": "22.webp",
          "emojis": [
            "🥰",
            "😘",
            "❤️"
          ]
        },{
          "image_file": "23.webp",
          "emojis": [
            "🥰",
            "😘",
            "❤️"
          ]
        },{
          "image_file": "24.webp",
          "emojis": [
            "🥰",
            "😘",
            "❤️"
          ]
        },{
          "image_file": "25.webp",
          "emojis": [
            "🥰",
            "😘",
            "❤️"
          ]
        },{
          "image_file": "26.webp",
          "emojis": [
            "🥰",
            "😘",
            "❤️"
          ]
        }
      ]
    },{
      "identifier": "9",
      "name": "Frosty Alphabets Stickers",
      "publisher": "GANESH",
      "image_data_version":"1",
      "avoid_cache":false,
      "tray_image_file": "tray_icon.png",
      "publisher_email":"feedbacktomyapp@gmail.com",
      "publisher_website": "https://sites.google.com/view/programmingwithganesh/home",
      "privacy_policy_website": "https://sites.google.com/view/programmingwithganesh/home",
      "license_agreement_website": "https://sites.google.com/view/programmingwithganesh/home",
      "stickers": [
        {
          "image_file": "01.webp",
          "emojis": [
            "🥰",
            "😘",
            "❤️"
          ]
        },{
          "image_file": "02.webp",
          "emojis": [
            "🥰",
            "😘",
            "❤️"
          ]
        },{
          "image_file": "03.webp",
          "emojis": [
            "🥰",
            "😘",
            "❤️"
          ]
        },{
          "image_file": "04.webp",
          "emojis": [
            "🥰",
            "😘",
            "❤️"
          ]
        },{
          "image_file": "05.webp",
          "emojis": [
            "🥰",
            "😘",
            "❤️"
          ]
        },{
          "image_file": "06.webp",
          "emojis": [
            "🥰",
            "😘",
            "❤️"
          ]
        },{
          "image_file": "07.webp",
          "emojis": [
            "🥰",
            "😘",
            "❤️"
          ]
        },{
          "image_file": "08.webp",
          "emojis": [
            "🥰",
            "😘",
            "❤️"
          ]
        },{
          "image_file": "09.webp",
          "emojis": [
            "🥰",
            "😘",
            "❤️"
          ]
        },{
          "image_file": "10.webp",
          "emojis": [
            "🥰",
            "😘",
            "❤️"
          ]
        },{
          "image_file": "11.webp",
          "emojis": [
            "🥰",
            "😘",
            "❤️"
          ]
        },{
          "image_file": "12.webp",
          "emojis": [
            "🥰",
            "😘",
            "❤️"
          ]
        },{
          "image_file": "13.webp",
          "emojis": [
            "🥰",
            "😘",
            "❤️"
          ]
        },{
          "image_file": "14.webp",
          "emojis": [
            "🥰",
            "😘",
            "❤️"
          ]
        },{
          "image_file": "15.webp",
          "emojis": [
            "🥰",
            "😘",
            "❤️"
          ]
        },{
          "image_file": "16.webp",
          "emojis": [
            "🥰",
            "😘",
            "❤️"
          ]
        },{
          "image_file": "17.webp",
          "emojis": [
            "🥰",
            "😘",
            "❤️"
          ]
        },{
          "image_file": "18.webp",
          "emojis": [
            "🥰",
            "😘",
            "❤️"
          ]
        },{
          "image_file": "19.webp",
          "emojis": [
            "🥰",
            "😘",
            "❤️"
          ]
        },{
          "image_file": "20.webp",
          "emojis": [
            "🥰",
            "😘",
            "❤️"
          ]
        },{
          "image_file": "21.webp",
          "emojis": [
            "🥰",
            "😘",
            "❤️"
          ]
        },{
          "image_file": "22.webp",
          "emojis": [
            "🥰",
            "😘",
            "❤️"
          ]
        },{
          "image_file": "23.webp",
          "emojis": [
            "🥰",
            "😘",
            "❤️"
          ]
        },{
          "image_file": "24.webp",
          "emojis": [
            "🥰",
            "😘",
            "❤️"
          ]
        },{
          "image_file": "25.webp",
          "emojis": [
            "🥰",
            "😘",
            "❤️"
          ]
        },{
          "image_file": "26.webp",
          "emojis": [
            "🥰",
            "😘",
            "❤️"
          ]
        }
      ]
    },{
      "identifier": "10",
      "name": "Diamond Alphabets Stickers",
      "publisher": "GANESH",
      "image_data_version":"1",
      "avoid_cache":false,
      "tray_image_file": "tray_icon.png",
      "publisher_email":"feedbacktomyapp@gmail.com",
      "publisher_website": "https://sites.google.com/view/programmingwithganesh/home",
      "privacy_policy_website": "https://sites.google.com/view/programmingwithganesh/home",
      "license_agreement_website": "https://sites.google.com/view/programmingwithganesh/home",
      "stickers": [
        {
          "image_file": "01.webp",
          "emojis": [
            "🥰",
            "😘",
            "❤️"
          ]
        },{
          "image_file": "02.webp",
          "emojis": [
            "🥰",
            "😘",
            "❤️"
          ]
        },{
          "image_file": "03.webp",
          "emojis": [
            "🥰",
            "😘",
            "❤️"
          ]
        },{
          "image_file": "04.webp",
          "emojis": [
            "🥰",
            "😘",
            "❤️"
          ]
        },{
          "image_file": "05.webp",
          "emojis": [
            "🥰",
            "😘",
            "❤️"
          ]
        },{
          "image_file": "06.webp",
          "emojis": [
            "🥰",
            "😘",
            "❤️"
          ]
        },{
          "image_file": "07.webp",
          "emojis": [
            "🥰",
            "😘",
            "❤️"
          ]
        },{
          "image_file": "08.webp",
          "emojis": [
            "🥰",
            "😘",
            "❤️"
          ]
        },{
          "image_file": "09.webp",
          "emojis": [
            "🥰",
            "😘",
            "❤️"
          ]
        },{
          "image_file": "10.webp",
          "emojis": [
            "🥰",
            "😘",
            "❤️"
          ]
        },{
          "image_file": "11.webp",
          "emojis": [
            "🥰",
            "😘",
            "❤️"
          ]
        },{
          "image_file": "12.webp",
          "emojis": [
            "🥰",
            "😘",
            "❤️"
          ]
        },{
          "image_file": "13.webp",
          "emojis": [
            "🥰",
            "😘",
            "❤️"
          ]
        },{
          "image_file": "14.webp",
          "emojis": [
            "🥰",
            "😘",
            "❤️"
          ]
        },{
          "image_file": "15.webp",
          "emojis": [
            "🥰",
            "😘",
            "❤️"
          ]
        },{
          "image_file": "16.webp",
          "emojis": [
            "🥰",
            "😘",
            "❤️"
          ]
        },{
          "image_file": "17.webp",
          "emojis": [
            "🥰",
            "😘",
            "❤️"
          ]
        },{
          "image_file": "18.webp",
          "emojis": [
            "🥰",
            "😘",
            "❤️"
          ]
        },{
          "image_file": "19.webp",
          "emojis": [
            "🥰",
            "😘",
            "❤️"
          ]
        },{
          "image_file": "20.webp",
          "emojis": [
            "🥰",
            "😘",
            "❤️"
          ]
        },{
          "image_file": "21.webp",
          "emojis": [
            "🥰",
            "😘",
            "❤️"
          ]
        },{
          "image_file": "22.webp",
          "emojis": [
            "🥰",
            "😘",
            "❤️"
          ]
        },{
          "image_file": "23.webp",
          "emojis": [
            "🥰",
            "😘",
            "❤️"
          ]
        },{
          "image_file": "24.webp",
          "emojis": [
            "🥰",
            "😘",
            "❤️"
          ]
        },{
          "image_file": "25.webp",
          "emojis": [
            "🥰",
            "😘",
            "❤️"
          ]
        },{
          "image_file": "26.webp",
          "emojis": [
            "🥰",
            "😘",
            "❤️"
          ]
        }
      ]
    }
  ]
}