{
  "android_play_store_link": "",
  "ios_app_store_link": "",
  "sticker_packs": [
    {
      "identifier": "1",
      "name": "Unicorn 1",
      "publisher": "GANESH",
      "tray_image_file": "01.webp",
      "image_data_version": "1",
      "avoid_cache": false,
      "publisher_email":"feedbacktomyapp@gmail.com",
      "publisher_website": "https://sites.google.com/view/programmingwithganesh/home",
      "privacy_policy_website": "https://sites.google.com/view/programmingwithganesh/home",
      "license_agreement_website": "https://sites.google.com/view/programmingwithganesh/home",
      "stickers": [
        {
          "image_file": "01.webp",
          "emojis": [
            "☕",
            "🙂"
          ]
        },
        {
          "image_file": "02.webp",
          "emojis": [
            "😄",
            "😀"
          ]
        },
        {
          "image_file": "04.webp",
          "emojis": [
            "😩",
            "😰"
          ]
        },
        {
          "image_file": "05.webp",
          "emojis": [
            "😭",
            "💧"
          ]
        },
        {
          "image_file": "06.webp",
          "emojis": [
            "😍",
            "♥"
          ]
        },
        {
          "image_file": "07.webp",
          "emojis": [
            "💔",
            "👎"
          ]
        },
        {
          "image_file": "08.webp",
          "emojis": [
            "😍",
            "💑"
          ]
        },
        {
          "image_file": "09.webp",
          "emojis": [
            "😘",
            "🍪"
          ]
        },
        {
          "image_file": "10.webp",
          "emojis": [
            "🤔",
            "😐"
          ]
        },
        {
          "image_file": "11.webp",
          "emojis": [
            "😱",
            "😵"
          ]
        },
        {
          "image_file": "12.webp",
          "emojis": [
            "😡",
            "😠"
          ]
        }
      ]
    },
    {
      "identifier": "2",
      "name": "Unicorn 2",
      "publisher": "GANESH",
      "tray_image_file": "tray.png",
      "image_data_version": "1",
      "avoid_cache": false,
      "publisher_email":"feedbacktomyapp@gmail.com",
      "publisher_website": "https://sites.google.com/view/programmingwithganesh/home",
      "privacy_policy_website": "https://sites.google.com/view/programmingwithganesh/home",
      "license_agreement_website": "https://sites.google.com/view/programmingwithganesh/home",
      "stickers": [
        {
          "image_file": "01.webp",
          "emojis": [
            "☕",
            "🙂"
          ]
        },
        {
          "image_file": "02.webp",
          "emojis": [
            "😄",
            "😀"
          ]
        },
        {
          "image_file": "03.webp",
          "emojis": [
            "😆",
            "😂"
          ]
        },
        {
          "image_file": "04.webp",
          "emojis": [
            "😩",
            "😰"
          ]
        },
        {
          "image_file": "05.webp",
          "emojis": [
            "😭",
            "💧"
          ]
        },
        {
          "image_file": "06.webp",
          "emojis": [
            "😍",
            "♥"
          ]
        },
        {
          "image_file": "07.webp",
          "emojis": [
            "💔",
            "👎"
          ]
        },
        {
          "image_file": "08.webp",
          "emojis": [
            "😍",
            "💑"
          ]
        },
        {
          "image_file": "09.webp",
          "emojis": [
            "😘",
            "🍪"
          ]
        },
        {
          "image_file": "10.webp",
          "emojis": [
            "🤔",
            "😐"
          ]
        },
        {
          "image_file": "11.webp",
          "emojis": [
            "😱",
            "😵"
          ]
        },
        {
          "image_file": "12.webp",
          "emojis": [
            "😡",
            "😠"
          ]
        },
        {
          "image_file": "13.webp",
          "emojis": [
            "❓",
            "🤔"
          ]
        },
        {
          "image_file": "14.webp",
          "emojis": [
            "🌈",
            "😜"
          ]
        },
        {
          "image_file": "15.webp",
          "emojis": [
            "💻",
            "😩"
          ]
        },
        {
          "image_file": "16.webp",
          "emojis": [
            "😡",
            "😤"
          ]
        },
        {
          "image_file": "17.webp",
          "emojis": [
            "😩",
            "😨"
          ]
        },
        {
          "image_file": "18.webp",
          "emojis": [
            "💻",
            "🌃"
          ]
        },
        {
          "image_file": "19.webp",
          "emojis": [
            "🎉",
            "✨"
          ]
        },
        {
          "image_file": "20.webp",
          "emojis": [
            "🤮",
            "👎"
          ]
        },
        {
          "image_file": "21.webp",
          "emojis": [
            "🖐",
            "🙋"
          ]
        },
        {
          "image_file": "22.webp",
          "emojis": [
            "🖐",
            "👋"
          ]
        },
        {
          "image_file": "23.webp",
          "emojis": [
            "🍵",
            "😌"
          ]
        },
        {
          "image_file": "24.webp",
          "emojis": [
            "📱",
            "😦"
          ]
        },
        {
          "image_file": "25.webp",
          "emojis": [
            "🔋",
            "😵"
          ]
        },
        {
          "image_file": "26.webp",
          "emojis": [
            "🔋",
            "😵"
          ]
        },
        {
          "image_file": "27.webp",
          "emojis": [
            "🔋",
            "😵"
          ]
        },
        {
          "image_file": "28.webp",
          "emojis": [
            "🔋",
            "😵"
          ]
        },
        {
          "image_file": "29.webp",
          "emojis": [
            "🔋",
            "😵"
          ]
        }
      ]
    },
    {
      "identifier": "3",
      "name": "Unicorn 3",
      "publisher": "GANESH",
      "tray_image_file": "tray.png",
      "image_data_version": "1",
      "avoid_cache": false,
      "publisher_email":"feedbacktomyapp@gmail.com",
      "publisher_website": "https://sites.google.com/view/programmingwithganesh/home",
      "privacy_policy_website": "https://sites.google.com/view/programmingwithganesh/home",
      "license_agreement_website": "https://sites.google.com/view/programmingwithganesh/home",
      "stickers": [
        {
          "image_file": "01.webp",
          "emojis": [
            "☕",
            "🙂"
          ]
        },
        {
          "image_file": "02.webp",
          "emojis": [
            "😄",
            "😀"
          ]
        },
        {
          "image_file": "04.webp",
          "emojis": [
            "😩",
            "😰"
          ]
        },
        {
          "image_file": "05.webp",
          "emojis": [
            "😭",
            "💧"
          ]
        },
        {
          "image_file": "06.webp",
          "emojis": [
            "😍",
            "♥"
          ]
        },
        {
          "image_file": "07.webp",
          "emojis": [
            "💔",
            "👎"
          ]
        },
        {
          "image_file": "08.webp",
          "emojis": [
            "😍",
            "💑"
          ]
        },
        {
          "image_file": "09.webp",
          "emojis": [
            "😘",
            "🍪"
          ]
        },
        {
          "image_file": "10.webp",
          "emojis": [
            "🤔",
            "😐"
          ]
        },
        {
          "image_file": "11.webp",
          "emojis": [
            "😱",
            "😵"
          ]
        },
        {
          "image_file": "12.webp",
          "emojis": [
            "😡",
            "😠"
          ]
        },
        {
          "image_file": "13.webp",
          "emojis": [
            "❓",
            "🤔"
          ]
        },
        {
          "image_file": "14.webp",
          "emojis": [
            "🌈",
            "😜"
          ]
        },
        {
          "image_file": "15.webp",
          "emojis": [
            "💻",
            "😩"
          ]
        },
        {
          "image_file": "16.webp",
          "emojis": [
            "😡",
            "😤"
          ]
        },
        {
          "image_file": "17.webp",
          "emojis": [
            "😩",
            "😨"
          ]
        },
        {
          "image_file": "18.webp",
          "emojis": [
            "💻",
            "🌃"
          ]
        },
        {
          "image_file": "19.webp",
          "emojis": [
            "🎉",
            "✨"
          ]
        },
        {
          "image_file": "20.webp",
          "emojis": [
            "🤮",
            "👎"
          ]
        },
        {
          "image_file": "21.webp",
          "emojis": [
            "🖐",
            "🙋"
          ]
        },
        {
          "image_file": "22.webp",
          "emojis": [
            "🖐",
            "👋"
          ]
        },
        {
          "image_file": "23.webp",
          "emojis": [
            "🍵",
            "😌"
          ]
        },
        {
          "image_file": "24.webp",
          "emojis": [
            "📱",
            "😦"
          ]
        },
        {
          "image_file": "25.webp",
          "emojis": [
            "🔋",
            "😵"
          ]
        },
        {
          "image_file": "26.webp",
          "emojis": [
            "🔋",
            "😵"
          ]
        },
        {
          "image_file": "27.webp",
          "emojis": [
            "🔋",
            "😵"
          ]
        },
        {
          "image_file": "28.webp",
          "emojis": [
            "🔋",
            "😵"
          ]
        }
      ]
    },
    {
      "identifier": "4",
      "name": "Unicorn 4",
      "publisher": "GANESH",
      "tray_image_file": "tray.png",
      "image_data_version": "1",
      "avoid_cache": false,
      "publisher_email":"feedbacktomyapp@gmail.com",
      "publisher_website": "https://sites.google.com/view/programmingwithganesh/home",
      "privacy_policy_website": "https://sites.google.com/view/programmingwithganesh/home",
      "license_agreement_website": "https://sites.google.com/view/programmingwithganesh/home",
      "stickers": [
        {
          "image_file": "01.webp",
          "emojis": [
            "☕",
            "🙂"
          ]
        },
        {
          "image_file": "02.webp",
          "emojis": [
            "😄",
            "😀"
          ]
        },
        {
          "image_file": "03.webp",
          "emojis": [
            "😆",
            "😂"
          ]
        },
        {
          "image_file": "04.webp",
          "emojis": [
            "😩",
            "😰"
          ]
        },
        {
          "image_file": "05.webp",
          "emojis": [
            "😭",
            "💧"
          ]
        },
        {
          "image_file": "08.webp",
          "emojis": [
            "😍",
            "💑"
          ]
        },
        {
          "image_file": "09.webp",
          "emojis": [
            "😘",
            "🍪"
          ]
        },
        {
          "image_file": "10.webp",
          "emojis": [
            "🤔",
            "😐"
          ]
        },
        {
          "image_file": "11.webp",
          "emojis": [
            "😱",
            "😵"
          ]
        },
        {
          "image_file": "12.webp",
          "emojis": [
            "😡",
            "😠"
          ]
        },
        {
          "image_file": "13.webp",
          "emojis": [
            "❓",
            "🤔"
          ]
        },
        {
          "image_file": "14.webp",
          "emojis": [
            "🌈",
            "😜"
          ]
        },
        {
          "image_file": "15.webp",
          "emojis": [
            "💻",
            "😩"
          ]
        },
        {
          "image_file": "16.webp",
          "emojis": [
            "😡",
            "😤"
          ]
        },
        {
          "image_file": "17.webp",
          "emojis": [
            "😩",
            "😨"
          ]
        },
        {
          "image_file": "18.webp",
          "emojis": [
            "💻",
            "🌃"
          ]
        },
        {
          "image_file": "19.webp",
          "emojis": [
            "🎉",
            "✨"
          ]
        },
        {
          "image_file": "22.webp",
          "emojis": [
            "🖐",
            "👋"
          ]
        },
        {
          "image_file": "23.webp",
          "emojis": [
            "🍵",
            "😌"
          ]
        },
        {
          "image_file": "24.webp",
          "emojis": [
            "📱",
            "😦"
          ]
        },
        {
          "image_file": "25.webp",
          "emojis": [
            "🔋",
            "😵"
          ]
        },
        {
          "image_file": "26.webp",
          "emojis": [
            "🔋",
            "😵"
          ]
        },
        {
          "image_file": "27.webp",
          "emojis": [
            "🔋",
            "😵"
          ]
        },
        {
          "image_file": "28.webp",
          "emojis": [
            "🔋",
            "😵"
          ]
        },
        {
          "image_file": "29.webp",
          "emojis": [
            "🔋",
            "😵"
          ]
        },
        {
          "image_file": "30.webp",
          "emojis": [
            "🔋",
            "😵"
          ]
        }
      ]
    },
    {
      "identifier": "5",
      "name": "Unicorn 5",
      "publisher": "GANESH",
      "tray_image_file": "tray.png",
      "image_data_version": "1",
      "avoid_cache": false,
      "publisher_email":"feedbacktomyapp@gmail.com",
      "publisher_website": "https://sites.google.com/view/programmingwithganesh/home",
      "privacy_policy_website": "https://sites.google.com/view/programmingwithganesh/home",
      "license_agreement_website": "https://sites.google.com/view/programmingwithganesh/home",
      "stickers": [
        {
          "image_file": "01.webp",
          "emojis": [
            "☕",
            "🙂"
          ]
        },
        {
          "image_file": "02.webp",
          "emojis": [
            "😄",
            "😀"
          ]
        },
        {
          "image_file": "03.webp",
          "emojis": [
            "😆",
            "😂"
          ]
        },
        {
          "image_file": "04.webp",
          "emojis": [
            "😩",
            "😰"
          ]
        },
        {
          "image_file": "05.webp",
          "emojis": [
            "😭",
            "💧"
          ]
        },
        {
          "image_file": "06.webp",
          "emojis": [
            "😍",
            "♥"
          ]
        },
        {
          "image_file": "07.webp",
          "emojis": [
            "💔",
            "👎"
          ]
        },
        {
          "image_file": "08.webp",
          "emojis": [
            "😍",
            "💑"
          ]
        },
        {
          "image_file": "09.webp",
          "emojis": [
            "😘",
            "🍪"
          ]
        },
        {
          "image_file": "10.webp",
          "emojis": [
            "🤔",
            "😐"
          ]
        },
        {
          "image_file": "11.webp",
          "emojis": [
            "😱",
            "😵"
          ]
        },
        {
          "image_file": "12.webp",
          "emojis": [
            "😡",
            "😠"
          ]
        },
        {
          "image_file": "13.webp",
          "emojis": [
            "❓",
            "🤔"
          ]
        },
        {
          "image_file": "14.webp",
          "emojis": [
            "🌈",
            "😜"
          ]
        },
        {
          "image_file": "15.webp",
          "emojis": [
            "💻",
            "😩"
          ]
        },
        {
          "image_file": "16.webp",
          "emojis": [
            "😡",
            "😤"
          ]
        },
        {
          "image_file": "17.webp",
          "emojis": [
            "😩",
            "😨"
          ]
        },
        {
          "image_file": "18.webp",
          "emojis": [
            "💻",
            "🌃"
          ]
        },
        {
          "image_file": "19.webp",
          "emojis": [
            "🎉",
            "✨"
          ]
        },
        {
          "image_file": "20.webp",
          "emojis": [
            "🤮",
            "👎"
          ]
        },
        {
          "image_file": "21.webp",
          "emojis": [
            "🖐",
            "🙋"
          ]
        }
      ]
    },
    {
      "identifier": "6",
      "name": "Unicorn 6",
      "publisher": "GANESH",
      "tray_image_file": "tray.png",
      "image_data_version": "1",
      "avoid_cache": false,
      "publisher_email":"feedbacktomyapp@gmail.com",
      "publisher_website": "https://sites.google.com/view/programmingwithganesh/home",
      "privacy_policy_website": "https://sites.google.com/view/programmingwithganesh/home",
      "license_agreement_website": "https://sites.google.com/view/programmingwithganesh/home",
      "stickers": [
        {
          "image_file": "01.webp",
          "emojis": [
            "☕",
            "🙂"
          ]
        },
        {
          "image_file": "02.webp",
          "emojis": [
            "😄",
            "😀"
          ]
        },
        {
          "image_file": "03.webp",
          "emojis": [
            "😆",
            "😂"
          ]
        },
        {
          "image_file": "04.webp",
          "emojis": [
            "😩",
            "😰"
          ]
        },
        {
          "image_file": "05.webp",
          "emojis": [
            "😭",
            "💧"
          ]
        },
        {
          "image_file": "06.webp",
          "emojis": [
            "😍",
            "♥"
          ]
        },
        {
          "image_file": "07.webp",
          "emojis": [
            "💔",
            "👎"
          ]
        },
        {
          "image_file": "08.webp",
          "emojis": [
            "😍",
            "💑"
          ]
        },
        {
          "image_file": "09.webp",
          "emojis": [
            "😘",
            "🍪"
          ]
        },
        {
          "image_file": "10.webp",
          "emojis": [
            "🤔",
            "😐"
          ]
        },
        {
          "image_file": "11.webp",
          "emojis": [
            "😱",
            "😵"
          ]
        },
        {
          "image_file": "12.webp",
          "emojis": [
            "😡",
            "😠"
          ]
        },
        {
          "image_file": "13.webp",
          "emojis": [
            "❓",
            "🤔"
          ]
        },
        {
          "image_file": "14.webp",
          "emojis": [
            "🌈",
            "😜"
          ]
        },
        {
          "image_file": "15.webp",
          "emojis": [
            "💻",
            "😩"
          ]
        },
        {
          "image_file": "16.webp",
          "emojis": [
            "😡",
            "😤"
          ]
        },
        {
          "image_file": "17.webp",
          "emojis": [
            "😩",
            "😨"
          ]
        },
        {
          "image_file": "18.webp",
          "emojis": [
            "💻",
            "🌃"
          ]
        },
        {
          "image_file": "19.webp",
          "emojis": [
            "🎉",
            "✨"
          ]
        },
        {
          "image_file": "20.webp",
          "emojis": [
            "🤮",
            "👎"
          ]
        },
        {
          "image_file": "21.webp",
          "emojis": [
            "🖐",
            "🙋"
          ]
        },
        {
          "image_file": "22.webp",
          "emojis": [
            "🖐",
            "👋"
          ]
        },
        {
          "image_file": "23.webp",
          "emojis": [
            "🍵",
            "😌"
          ]
        },
        {
          "image_file": "24.webp",
          "emojis": [
            "📱",
            "😦"
          ]
        },
        {
          "image_file": "25.webp",
          "emojis": [
            "🔋",
            "😵"
          ]
        }
      ]
    },
    {
      "identifier": "7",
      "name": "Unicorn 7",
      "publisher": "GANESH",
      "tray_image_file": "tray.png",
      "image_data_version": "1",
      "avoid_cache": false,
      "publisher_email":"feedbacktomyapp@gmail.com",
      "publisher_website": "https://sites.google.com/view/programmingwithganesh/home",
      "privacy_policy_website": "https://sites.google.com/view/programmingwithganesh/home",
      "license_agreement_website": "https://sites.google.com/view/programmingwithganesh/home",
      "stickers": [
        {
          "image_file": "01.webp",
          "emojis": [
            "☕",
            "🙂"
          ]
        },
        {
          "image_file": "02.webp",
          "emojis": [
            "😄",
            "😀"
          ]
        },
        {
          "image_file": "03.webp",
          "emojis": [
            "😆",
            "😂"
          ]
        },
        {
          "image_file": "05.webp",
          "emojis": [
            "😭",
            "💧"
          ]
        },
        {
          "image_file": "06.webp",
          "emojis": [
            "😍",
            "♥"
          ]
        },
        {
          "image_file": "07.webp",
          "emojis": [
            "💔",
            "👎"
          ]
        },
        {
          "image_file": "08.webp",
          "emojis": [
            "😍",
            "💑"
          ]
        },
        {
          "image_file": "09.webp",
          "emojis": [
            "😘",
            "🍪"
          ]
        },
        {
          "image_file": "11.webp",
          "emojis": [
            "😱",
            "😵"
          ]
        },
        {
          "image_file": "12.webp",
          "emojis": [
            "😡",
            "😠"
          ]
        },
        {
          "image_file": "14.webp",
          "emojis": [
            "🌈",
            "😜"
          ]
        },
        {
          "image_file": "15.webp",
          "emojis": [
            "💻",
            "😩"
          ]
        },
        {
          "image_file": "16.webp",
          "emojis": [
            "😡",
            "😤"
          ]
        },
        {
          "image_file": "17.webp",
          "emojis": [
            "😩",
            "😨"
          ]
        },
        {
          "image_file": "18.webp",
          "emojis": [
            "💻",
            "🌃"
          ]
        },
        {
          "image_file": "19.webp",
          "emojis": [
            "🎉",
            "✨"
          ]
        },
        {
          "image_file": "20.webp",
          "emojis": [
            "🤮",
            "👎"
          ]
        },
        {
          "image_file": "21.webp",
          "emojis": [
            "🖐",
            "🙋"
          ]
        },
        {
          "image_file": "22.webp",
          "emojis": [
            "🖐",
            "👋"
          ]
        },
        {
          "image_file": "23.webp",
          "emojis": [
            "🍵",
            "😌"
          ]
        },
        {
          "image_file": "24.webp",
          "emojis": [
            "📱",
            "😦"
          ]
        },
        {
          "image_file": "25.webp",
          "emojis": [
            "🔋",
            "😵"
          ]
        },
        {
          "image_file": "26.webp",
          "emojis": [
            "🔋",
            "😵"
          ]
        },
        {
          "image_file": "27.webp",
          "emojis": [
            "🔋",
            "😵"
          ]
        },
        {
          "image_file": "28.webp",
          "emojis": [
            "🔋",
            "😵"
          ]
        },
        {
          "image_file": "29.webp",
          "emojis": [
            "🔋",
            "😵"
          ]
        },
        {
          "image_file": "30.webp",
          "emojis": [
            "🔋",
            "😵"
          ]
        }
      ]
    },
    {
      "identifier": "8",
      "name": "Unicorn 8",
      "publisher": "GANESH",
      "tray_image_file": "tray.png",
      "image_data_version": "1",
      "avoid_cache": false,
      "publisher_email":"feedbacktomyapp@gmail.com",
      "publisher_website": "https://sites.google.com/view/programmingwithganesh/home",
      "privacy_policy_website": "https://sites.google.com/view/programmingwithganesh/home",
      "license_agreement_website": "https://sites.google.com/view/programmingwithganesh/home",
      "stickers": [
        {
          "image_file": "01.webp",
          "emojis": [
            "☕",
            "🙂"
          ]
        },
        {
          "image_file": "02.webp",
          "emojis": [
            "😄",
            "😀"
          ]
        },
        {
          "image_file": "04.webp",
          "emojis": [
            "😩",
            "😰"
          ]
        },
        {
          "image_file": "05.webp",
          "emojis": [
            "😭",
            "💧"
          ]
        },
        {
          "image_file": "06.webp",
          "emojis": [
            "😍",
            "♥"
          ]
        },
        {
          "image_file": "07.webp",
          "emojis": [
            "💔",
            "👎"
          ]
        },
        {
          "image_file": "08.webp",
          "emojis": [
            "😍",
            "💑"
          ]
        },
        {
          "image_file": "09.webp",
          "emojis": [
            "😘",
            "🍪"
          ]
        },
        {
          "image_file": "10.webp",
          "emojis": [
            "🤔",
            "😐"
          ]
        },
        {
          "image_file": "11.webp",
          "emojis": [
            "😱",
            "😵"
          ]
        },
        {
          "image_file": "12.webp",
          "emojis": [
            "😡",
            "😠"
          ]
        },
        {
          "image_file": "13.webp",
          "emojis": [
            "❓",
            "🤔"
          ]
        },
        {
          "image_file": "14.webp",
          "emojis": [
            "🌈",
            "😜"
          ]
        },
        {
          "image_file": "15.webp",
          "emojis": [
            "💻",
            "😩"
          ]
        },
        {
          "image_file": "16.webp",
          "emojis": [
            "😡",
            "😤"
          ]
        },
        {
          "image_file": "17.webp",
          "emojis": [
            "😩",
            "😨"
          ]
        },
        {
          "image_file": "18.webp",
          "emojis": [
            "💻",
            "🌃"
          ]
        },
        {
          "image_file": "19.webp",
          "emojis": [
            "🎉",
            "✨"
          ]
        },
        {
          "image_file": "20.webp",
          "emojis": [
            "🤮",
            "👎"
          ]
        },
        {
          "image_file": "21.webp",
          "emojis": [
            "🖐",
            "🙋"
          ]
        },
        {
          "image_file": "22.webp",
          "emojis": [
            "🖐",
            "👋"
          ]
        },
        {
          "image_file": "23.webp",
          "emojis": [
            "🍵",
            "😌"
          ]
        },
        {
          "image_file": "24.webp",
          "emojis": [
            "📱",
            "😦"
          ]
        },
        {
          "image_file": "25.webp",
          "emojis": [
            "🔋",
            "😵"
          ]
        },
        {
          "image_file": "26.webp",
          "emojis": [
            "🔋",
            "😵"
          ]
        },
        {
          "image_file": "28.webp",
          "emojis": [
            "🔋",
            "😵"
          ]
        },
        {
          "image_file": "29.webp",
          "emojis": [
            "🔋",
            "😵"
          ]
        },
        {
          "image_file": "30.webp",
          "emojis": [
            "🔋",
            "😵"
          ]
        }
      ]
    },
    {
      "identifier": "9",
      "name": "Unicorn 9",
      "publisher": "GANESH",
      "tray_image_file": "tray.png",
      "image_data_version": "1",
      "avoid_cache": false,
      "publisher_email":"feedbacktomyapp@gmail.com",
      "publisher_website": "https://sites.google.com/view/programmingwithganesh/home",
      "privacy_policy_website": "https://sites.google.com/view/programmingwithganesh/home",
      "license_agreement_website": "https://sites.google.com/view/programmingwithganesh/home",
      "stickers": [
        {
          "image_file": "01.webp",
          "emojis": [
            "☕",
            "🙂"
          ]
        },
        {
          "image_file": "02.webp",
          "emojis": [
            "😄",
            "😀"
          ]
        },
        {
          "image_file": "03.webp",
          "emojis": [
            "😆",
            "😂"
          ]
        },
        {
          "image_file": "04.webp",
          "emojis": [
            "😩",
            "😰"
          ]
        },
        {
          "image_file": "05.webp",
          "emojis": [
            "😭",
            "💧"
          ]
        },
        {
          "image_file": "06.webp",
          "emojis": [
            "😍",
            "♥"
          ]
        },
        {
          "image_file": "07.webp",
          "emojis": [
            "💔",
            "👎"
          ]
        },
        {
          "image_file": "08.webp",
          "emojis": [
            "😍",
            "💑"
          ]
        },
        {
          "image_file": "09.webp",
          "emojis": [
            "😘",
            "🍪"
          ]
        },
        {
          "image_file": "10.webp",
          "emojis": [
            "🤔",
            "😐"
          ]
        }
      ]
    }
  ]
}