﻿{
  "android_play_store_link": "",
  "ios_app_store_link": "",
    "sticker_packs": [	
    {
      "identifier": "1",
      "name": "Good Night 1",
      "publisher": "GANESH",
      "tray_image_file": "2.webp",
      "image_data_version":"1",
      "avoid_cache":false,	  
      "publisher_email":"feedbacktomyapp@gmail.com",
      "publisher_website": "https://sites.google.com/view/programmingwithganesh/home",
      "privacy_policy_website": "https://sites.google.com/view/programmingwithganesh/home",
      "license_agreement_website": "https://sites.google.com/view/programmingwithganesh/home",
      "stickers": [
        {
          "image_file": "2.webp",
          "emojis": ["рџ„","рџЂ"]
        },
        {
          "image_file": "3.webp",
          "emojis": ["рџ†","рџ‚"]
        },
        {
          "image_file": "4.webp",
          "emojis": ["рџ©","рџ°"]
        },
        {
          "image_file": "6.webp",
          "emojis": ["рџЌ","в™Ґ"]
        },
        {
          "image_file": "7.webp",
          "emojis": ["рџ’”","рџ‘Ћ"]
        },
        {
          "image_file": "8.webp",
          "emojis": ["рџЌ","рџ’‘"]
        },
        {
          "image_file": "10.webp",
          "emojis": ["рџ¤”","рџђ"]
        },
        {
          "image_file": "13.webp",
          "emojis": ["вќ“","рџ¤”"]
        },
        {
          "image_file": "14.webp",
          "emojis": ["рџЊ€","рџњ"]
        },
        {
          "image_file": "15.webp",
          "emojis": ["рџ’»","рџ©"]
        }
      ]
    },
    {
      "identifier": "2",
      "name": "Good Night 2",
      "publisher": "GANESH",
      "tray_image_file": "2.webp",
      "image_data_version":"1",
      "avoid_cache":false,	  
      "publisher_email":"feedbacktomyapp@gmail.com",
      "publisher_website": "https://sites.google.com/view/programmingwithganesh/home",
      "privacy_policy_website": "https://sites.google.com/view/programmingwithganesh/home",
      "license_agreement_website": "https://sites.google.com/view/programmingwithganesh/home",
      "stickers": [
        {
          "image_file": "1.webp",
          "emojis": ["в•","рџ™‚"]
        },
        {
          "image_file": "2.webp",
          "emojis": ["рџ„","рџЂ"]
        },
        {
          "image_file": "3.webp",
          "emojis": ["рџ†","рџ‚"]
        },
        {
          "image_file": "4.webp",
          "emojis": ["рџ©","рџ°"]
        },
        {
          "image_file": "5.webp",
          "emojis": ["рџ­","рџ’§"]
        },
        {
          "image_file": "10.webp",
          "emojis": ["рџ¤”","рџђ"]
        },
        {
          "image_file": "12.webp",
          "emojis": ["рџЎ","рџ "]
        },
        {
          "image_file": "17.webp",
          "emojis": ["рџ©","рџЁ"]
        },
        {
          "image_file": "18.webp",
          "emojis": ["рџ’»","рџЊѓ"]
        },
        {
          "image_file": "19.webp",
          "emojis": ["рџЋ‰","вњЁ"]
        },
        {
          "image_file": "20.webp",
          "emojis": ["рџ¤®","рџ‘Ћ"]
        }
      ]
    },
    {
      "identifier": "3",
      "name": "Good Night 3",
      "publisher": "GANESH",
      "tray_image_file": "2.webp",
      "image_data_version":"1",
      "avoid_cache":false,	  
      "publisher_email":"feedbacktomyapp@gmail.com",
      "publisher_website": "https://sites.google.com/view/programmingwithganesh/home",
      "privacy_policy_website": "https://sites.google.com/view/programmingwithganesh/home",
      "license_agreement_website": "https://sites.google.com/view/programmingwithganesh/home",
      "stickers": [
        {
          "image_file": "1.webp",
          "emojis": ["в•","рџ™‚"]
        },
        {
          "image_file": "2.webp",
          "emojis": ["рџ„","рџЂ"]
        },
        {
          "image_file": "3.webp",
          "emojis": ["рџ†","рџ‚"]
        },
        {
          "image_file": "4.webp",
          "emojis": ["рџ©","рџ°"]
        },
        {
          "image_file": "5.webp",
          "emojis": ["рџ­","рџ’§"]
        },
        {
          "image_file": "6.webp",
          "emojis": ["рџЌ","в™Ґ"]
        },
        {
          "image_file": "7.webp",
          "emojis": ["рџ’”","рџ‘Ћ"]
        },
        {
          "image_file": "8.webp",
          "emojis": ["рџЌ","рџ’‘"]
        },
        {
          "image_file": "9.webp",
          "emojis": ["рџ","рџЌЄ"]
        },
        {
          "image_file": "10.webp",
          "emojis": ["рџ¤”","рџђ"]
        },
        {
          "image_file": "11.webp",
          "emojis": ["рџ±","рџµ"]
        },
        {
          "image_file": "12.webp",
          "emojis": ["рџЎ","рџ "]
        },
        {
          "image_file": "13.webp",
          "emojis": ["вќ“","рџ¤”"]
        },
        {
          "image_file": "14.webp",
          "emojis": ["рџЊ€","рџњ"]
        }
      ]
    },
    {
      "identifier": "4",
      "name": "Good Night 4",
      "publisher": "GANESH",
      "tray_image_file": "2.webp",
      "image_data_version":"1",
      "avoid_cache":false,	  
      "publisher_email":"feedbacktomyapp@gmail.com",
      "publisher_website": "https://sites.google.com/view/programmingwithganesh/home",
      "privacy_policy_website": "https://sites.google.com/view/programmingwithganesh/home",
      "license_agreement_website": "https://sites.google.com/view/programmingwithganesh/home",
      "stickers": [
        {
          "image_file": "1.webp",
          "emojis": ["в•","рџ™‚"]
        },
        {
          "image_file": "2.webp",
          "emojis": ["рџ„","рџЂ"]
        },
        {
          "image_file": "4.webp",
          "emojis": ["рџ©","рџ°"]
        },
        {
          "image_file": "5.webp",
          "emojis": ["рџ­","рџ’§"]
        },
        {
          "image_file": "6.webp",
          "emojis": ["рџЌ","в™Ґ"]
        },
        {
          "image_file": "7.webp",
          "emojis": ["рџ’”","рџ‘Ћ"]
        },
        {
          "image_file": "8.webp",
          "emojis": ["рџЌ","рџ’‘"]
        },
        {
          "image_file": "9.webp",
          "emojis": ["рџ","рџЌЄ"]
        },
        {
          "image_file": "12.webp",
          "emojis": ["рџЎ","рџ "]
        },
        {
          "image_file": "13.webp",
          "emojis": ["вќ“","рџ¤”"]
        },
        {
          "image_file": "14.webp",
          "emojis": ["рџЊ€","рџњ"]
        },
        {
          "image_file": "15.webp",
          "emojis": ["рџ’»","рџ©"]
        }
      ]
    },
    {
      "identifier": "5",
      "name": "Good Night 5",
      "publisher": "GANESH",
      "tray_image_file": "2.webp",
      "image_data_version":"1",
      "avoid_cache":false,	  
      "publisher_email":"feedbacktomyapp@gmail.com",
      "publisher_website": "https://sites.google.com/view/programmingwithganesh/home",
      "privacy_policy_website": "https://sites.google.com/view/programmingwithganesh/home",
      "license_agreement_website": "https://sites.google.com/view/programmingwithganesh/home",
      "stickers": [
        {
          "image_file": "1.webp",
          "emojis": ["в•","рџ™‚"]
        },
        {
          "image_file": "2.webp",
          "emojis": ["рџ„","рџЂ"]
        },
        {
          "image_file": "3.webp",
          "emojis": ["рџ†","рџ‚"]
        },
        {
          "image_file": "4.webp",
          "emojis": ["рџ©","рџ°"]
        },
        {
          "image_file": "5.webp",
          "emojis": ["рџ­","рџ’§"]
        },
        {
          "image_file": "6.webp",
          "emojis": ["рџЌ","в™Ґ"]
        },
        {
          "image_file": "7.webp",
          "emojis": ["рџ’”","рџ‘Ћ"]
        },
        {
          "image_file": "8.webp",
          "emojis": ["рџЌ","рџ’‘"]
        },
        {
          "image_file": "9.webp",
          "emojis": ["рџ","рџЌЄ"]
        },
        {
          "image_file": "10.webp",
          "emojis": ["рџ¤”","рџђ"]
        },
        {
          "image_file": "11.webp",
          "emojis": ["рџ±","рџµ"]
        },
        {
          "image_file": "12.webp",
          "emojis": ["рџЎ","рџ "]
        },
        {
          "image_file": "13.webp",
          "emojis": ["вќ“","рџ¤”"]
        },
        {
          "image_file": "14.webp",
          "emojis": ["рџЊ€","рџњ"]
        },
        {
          "image_file": "15.webp",
          "emojis": ["рџ’»","рџ©"]
        },
        {
          "image_file": "16.webp",
          "emojis": ["рџЎ","рџ¤"]
        }
      ]
    }
	]  
  }