{
  "android_play_store_link": "https://play.google.com/store/apps/dev?id=7005991582347466621",
  "ios_app_store_link": "",
  "sticker_packs": [
    {
      "identifier": "1",
      "name": "Christmas 1",
      "publisher": "GANESH",
      "tray_image_file": "icon.png",
      "image_data_version":"1",
      "avoid_cache":false,
      "publisher_email":"feedbacktomyapp@gmail.com",
      "animated_sticker_pack": true,
      "publisher_website": "https://sites.google.com/view/programmingwithganesh/home",
      "privacy_policy_website": "https://sites.google.com/view/programmingwithganesh/home",
      "license_agreement_website": "https://sites.google.com/view/programmingwithganesh/home",
      "stickers": [
        {
          "image_file": "1.webp",
          "emojis": ["☕","🙂"]
        },
        {
          "image_file": "2.webp",
          "emojis": ["😄","😀"]
        },
        {
          "image_file": "3.webp",
          "emojis": ["😆","😂"]
        },
        {
          "image_file": "4.webp",
          "emojis": ["😩","😰"]
        },
        {
          "image_file": "5.webp",
          "emojis": ["😭","💧"]
        },
        {
          "image_file": "6.webp",
          "emojis": ["😍","♥"]
        },
        {
          "image_file": "7.webp",
          "emojis": ["💔","👎"]
        },
        {
          "image_file": "8.webp",
          "emojis": ["😍","💑"]
        },
        {
          "image_file": "9.webp",
          "emojis": ["😘","🍪"]
        },
        {
          "image_file": "10.webp",
          "emojis": ["🤔","😐"]
        }

      ]
    },
    {
      "identifier": "2",
      "name": "Christmas 2",
      "publisher": "GANESH",
      "tray_image_file": "icon.png",
      "image_data_version":"1",
      "avoid_cache":false,
      "publisher_email":"feedbacktomyapp@gmail.com",
      "animated_sticker_pack": true,
      "publisher_website": "https://sites.google.com/view/programmingwithganesh/home",
      "privacy_policy_website": "https://sites.google.com/view/programmingwithganesh/home",
      "license_agreement_website": "https://sites.google.com/view/programmingwithganesh/home",
      "stickers": [
        {
          "image_file": "1.webp",
          "emojis": ["☕","🙂"]
        },
        {
          "image_file": "2.webp",
          "emojis": ["😄","😀"]
        },
        {
          "image_file": "3.webp",
          "emojis": ["😆","😂"]
        },
        {
          "image_file": "4.webp",
          "emojis": ["😩","😰"]
        },
        {
          "image_file": "5.webp",
          "emojis": ["😭","💧"]
        },
        {
          "image_file": "6.webp",
          "emojis": ["😍","♥"]
        },
        {
          "image_file": "7.webp",
          "emojis": ["💔","👎"]
        },
        {
          "image_file": "8.webp",
          "emojis": ["😍","💑"]
        },
        {
          "image_file": "9.webp",
          "emojis": ["😘","🍪"]
        },
        {
          "image_file": "10.webp",
          "emojis": ["🤔","😐"]
        }
      ]
    },
    {
      "identifier": "3",
      "name": "Christmas 3",
      "publisher": "GANESH",
      "tray_image_file": "icon.png",
      "image_data_version":"1",
      "avoid_cache":false,
      "publisher_email":"feedbacktomyapp@gmail.com",
      "animated_sticker_pack": true,
      "publisher_website": "https://sites.google.com/view/programmingwithganesh/home",
      "privacy_policy_website": "https://sites.google.com/view/programmingwithganesh/home",
      "license_agreement_website": "https://sites.google.com/view/programmingwithganesh/home",
      "stickers": [
        {
          "image_file": "1.webp",
          "emojis": ["☕","🙂"]
        },
        {
          "image_file": "2.webp",
          "emojis": ["😄","😀"]
        },
        {
          "image_file": "3.webp",
          "emojis": ["😆","😂"]
        },
        {
          "image_file": "4.webp",
          "emojis": ["😩","😰"]
        },
        {
          "image_file": "5.webp",
          "emojis": ["😭","💧"]
        },
        {
          "image_file": "6.webp",
          "emojis": ["😍","♥"]
        },
        {
          "image_file": "7.webp",
          "emojis": ["💔","👎"]
        },
        {
          "image_file": "8.webp",
          "emojis": ["😍","💑"]
        },
        {
          "image_file": "9.webp",
          "emojis": ["😘","🍪"]
        },
        {
          "image_file": "10.webp",
          "emojis": ["🤔","😐"]
        }
      ]
    },
    {
      "identifier": "4",
      "name": "Christmas 4",
      "publisher": "GANESH",
      "tray_image_file": "icon.png",
      "image_data_version":"1",
      "avoid_cache":false,
      "publisher_email":"feedbacktomyapp@gmail.com",
      "animated_sticker_pack": false,
      "publisher_website": "https://sites.google.com/view/programmingwithganesh/home",
      "privacy_policy_website": "https://sites.google.com/view/programmingwithganesh/home",
      "license_agreement_website": "https://sites.google.com/view/programmingwithganesh/home",
      "stickers": [
        {
          "image_file": "1.webp",
          "emojis": ["☕","🙂"]
        },
        {
          "image_file": "2.webp",
          "emojis": ["😄","😀"]
        },
        {
          "image_file": "3.webp",
          "emojis": ["😆","😂"]
        },
        {
          "image_file": "4.webp",
          "emojis": ["😩","😰"]
        },
        {
          "image_file": "5.webp",
          "emojis": ["😭","💧"]
        },
        {
          "image_file": "6.webp",
          "emojis": ["😍","♥"]
        },
        {
          "image_file": "7.webp",
          "emojis": ["💔","👎"]
        },
        {
          "image_file": "8.webp",
          "emojis": ["😍","💑"]
        },
        {
          "image_file": "9.webp",
          "emojis": ["😘","🍪"]
        },
        {
          "image_file": "10.webp",
          "emojis": ["🤔","😐"]
        }
      ]
    },
    {
      "identifier": "5",
      "name": "Christmas 5",
      "publisher": "GANESH",
      "tray_image_file": "icon.png",
      "image_data_version":"1",
      "avoid_cache":false,
      "publisher_email":"feedbacktomyapp@gmail.com",
      "animated_sticker_pack": false,
      "publisher_website": "https://sites.google.com/view/programmingwithganesh/home",
      "privacy_policy_website": "https://sites.google.com/view/programmingwithganesh/home",
      "license_agreement_website": "https://sites.google.com/view/programmingwithganesh/home",
      "stickers": [
        {
          "image_file": "1.webp",
          "emojis": ["☕","🙂"]
        },
        {
          "image_file": "2.webp",
          "emojis": ["😄","😀"]
        },
        {
          "image_file": "3.webp",
          "emojis": ["😆","😂"]
        },
        {
          "image_file": "4.webp",
          "emojis": ["😩","😰"]
        },
        {
          "image_file": "5.webp",
          "emojis": ["😭","💧"]
        },
        {
          "image_file": "6.webp",
          "emojis": ["😍","♥"]
        },
        {
          "image_file": "7.webp",
          "emojis": ["💔","👎"]
        },
        {
          "image_file": "8.webp",
          "emojis": ["😍","💑"]
        },
        {
          "image_file": "9.webp",
          "emojis": ["😘","🍪"]
        },
        {
          "image_file": "10.webp",
          "emojis": ["🤔","😐"]
        }

      ]
    },
    {
      "identifier": "6",
      "name": "Christmas 6",
      "publisher": "GANESH",
      "tray_image_file": "icon.png",
      "image_data_version":"1",
      "avoid_cache":false,
      "publisher_email":"feedbacktomyapp@gmail.com",
      "animated_sticker_pack": false,
      "publisher_website": "https://sites.google.com/view/programmingwithganesh/home",
      "privacy_policy_website": "https://sites.google.com/view/programmingwithganesh/home",
      "license_agreement_website": "https://sites.google.com/view/programmingwithganesh/home",
      "stickers": [
        {
          "image_file": "1.webp",
          "emojis": ["☕","🙂"]
        },
        {
          "image_file": "2.webp",
          "emojis": ["😄","😀"]
        },
        {
          "image_file": "3.webp",
          "emojis": ["😆","😂"]
        },
        {
          "image_file": "4.webp",
          "emojis": ["😩","😰"]
        },
        {
          "image_file": "5.webp",
          "emojis": ["😭","💧"]
        },
        {
          "image_file": "6.webp",
          "emojis": ["😍","♥"]
        },
        {
          "image_file": "7.webp",
          "emojis": ["💔","👎"]
        },
        {
          "image_file": "8.webp",
          "emojis": ["😍","💑"]
        },
        {
          "image_file": "9.webp",
          "emojis": ["😘","🍪"]
        },
        {
          "image_file": "10.webp",
          "emojis": ["🤔","😐"]
        }

      ]
    },
    {
      "identifier": "7",
      "name": "Christmas 7",
      "publisher": "GANESH",
      "tray_image_file": "icon.png",
      "image_data_version":"1",
      "avoid_cache":false,
      "publisher_email":"feedbacktomyapp@gmail.com",
      "animated_sticker_pack": false,
      "publisher_website": "https://sites.google.com/view/programmingwithganesh/home",
      "privacy_policy_website": "https://sites.google.com/view/programmingwithganesh/home",
      "license_agreement_website": "https://sites.google.com/view/programmingwithganesh/home",
      "stickers": [
        {
          "image_file": "1.webp",
          "emojis": ["☕","🙂"]
        },
        {
          "image_file": "2.webp",
          "emojis": ["😄","😀"]
        },
        {
          "image_file": "3.webp",
          "emojis": ["😆","😂"]
        },
        {
          "image_file": "4.webp",
          "emojis": ["😩","😰"]
        },
        {
          "image_file": "5.webp",
          "emojis": ["😭","💧"]
        },
        {
          "image_file": "6.webp",
          "emojis": ["😍","♥"]
        },
        {
          "image_file": "7.webp",
          "emojis": ["💔","👎"]
        },
        {
          "image_file": "8.webp",
          "emojis": ["😍","💑"]
        },
        {
          "image_file": "9.webp",
          "emojis": ["😘","🍪"]
        },
        {
          "image_file": "10.webp",
          "emojis": ["🤔","😐"]
        }

      ]
    },
    {
      "identifier": "8",
      "name": "Christmas 8",
      "publisher": "GANESH",
      "tray_image_file": "icon.png",
      "image_data_version":"1",
      "avoid_cache":false,
      "publisher_email":"feedbacktomyapp@gmail.com",
      "animated_sticker_pack": false,
      "publisher_website": "https://sites.google.com/view/programmingwithganesh/home",
      "privacy_policy_website": "https://sites.google.com/view/programmingwithganesh/home",
      "license_agreement_website": "https://sites.google.com/view/programmingwithganesh/home",
      "stickers": [
        {
          "image_file": "1.webp",
          "emojis": ["☕","🙂"]
        },
        {
          "image_file": "2.webp",
          "emojis": ["😄","😀"]
        },
        {
          "image_file": "3.webp",
          "emojis": ["😆","😂"]
        },
        {
          "image_file": "4.webp",
          "emojis": ["😩","😰"]
        },
        {
          "image_file": "5.webp",
          "emojis": ["😭","💧"]
        },
        {
          "image_file": "6.webp",
          "emojis": ["😍","♥"]
        },
        {
          "image_file": "7.webp",
          "emojis": ["💔","👎"]
        },
        {
          "image_file": "8.webp",
          "emojis": ["😍","💑"]
        },
        {
          "image_file": "9.webp",
          "emojis": ["😘","🍪"]
        },
        {
          "image_file": "10.webp",
          "emojis": ["🤔","😐"]
        }

      ]
    },
    {
      "identifier": "9",
      "name": "Christmas 9",
      "publisher": "GANESH",
      "tray_image_file": "icon.png",
      "image_data_version":"1",
      "avoid_cache":false,
      "publisher_email":"feedbacktomyapp@gmail.com",
      "animated_sticker_pack": false,
      "publisher_website": "https://sites.google.com/view/programmingwithganesh/home",
      "privacy_policy_website": "https://sites.google.com/view/programmingwithganesh/home",
      "license_agreement_website": "https://sites.google.com/view/programmingwithganesh/home",
      "stickers": [
        {
          "image_file": "1.webp",
          "emojis": ["☕","🙂"]
        },
        {
          "image_file": "2.webp",
          "emojis": ["😄","😀"]
        },
        {
          "image_file": "3.webp",
          "emojis": ["😆","😂"]
        },
        {
          "image_file": "4.webp",
          "emojis": ["😩","😰"]
        },
        {
          "image_file": "5.webp",
          "emojis": ["😭","💧"]
        },
        {
          "image_file": "6.webp",
          "emojis": ["😍","♥"]
        },
        {
          "image_file": "7.webp",
          "emojis": ["💔","👎"]
        },
        {
          "image_file": "8.webp",
          "emojis": ["😍","💑"]
        },
        {
          "image_file": "9.webp",
          "emojis": ["😘","🍪"]
        },
        {
          "image_file": "10.webp",
          "emojis": ["🤔","😐"]
        }

      ]
    },
    {
      "identifier": "10",
      "name": "Christmas 10",
      "publisher": "GANESH",
      "tray_image_file": "icon.png",
      "image_data_version":"1",
      "avoid_cache":false,
      "publisher_email":"feedbacktomyapp@gmail.com",
      "animated_sticker_pack": true,
      "publisher_website": "https://sites.google.com/view/programmingwithganesh/home",
      "privacy_policy_website": "https://sites.google.com/view/programmingwithganesh/home",
      "license_agreement_website": "https://sites.google.com/view/programmingwithganesh/home",
      "stickers": [
        {
          "image_file": "1.webp",
          "emojis": ["☕","🙂"]
        },
        {
          "image_file": "2.webp",
          "emojis": ["😄","😀"]
        },
        {
          "image_file": "3.webp",
          "emojis": ["😆","😂"]
        },
        {
          "image_file": "4.webp",
          "emojis": ["😩","😰"]
        },
        {
          "image_file": "5.webp",
          "emojis": ["😭","💧"]
        },
        {
          "image_file": "6.webp",
          "emojis": ["😍","♥"]
        },
        {
          "image_file": "7.webp",
          "emojis": ["💔","👎"]
        },
        {
          "image_file": "8.webp",
          "emojis": ["😍","💑"]
        },
        {
          "image_file": "9.webp",
          "emojis": ["😘","🍪"]
        },
        {
          "image_file": "10.webp",
          "emojis": ["🤔","😐"]
        }
      ]
    },
    {
      "identifier": "11",
      "name": "Christmas 11",
      "publisher": "GANESH",
      "tray_image_file": "icon.png",
      "image_data_version":"1",
      "avoid_cache":false,
      "publisher_email":"feedbacktomyapp@gmail.com",
      "animated_sticker_pack": false,
      "publisher_website": "https://sites.google.com/view/programmingwithganesh/home",
      "privacy_policy_website": "https://sites.google.com/view/programmingwithganesh/home",
      "license_agreement_website": "https://sites.google.com/view/programmingwithganesh/home",
      "stickers": [
        {
          "image_file": "1.webp",
          "emojis": ["☕","🙂"]
        },
        {
          "image_file": "2.webp",
          "emojis": ["😄","😀"]
        },
        {
          "image_file": "3.webp",
          "emojis": ["😆","😂"]
        },
        {
          "image_file": "4.webp",
          "emojis": ["😩","😰"]
        },
        {
          "image_file": "5.webp",
          "emojis": ["😭","💧"]
        },
        {
          "image_file": "6.webp",
          "emojis": ["😍","♥"]
        },
        {
          "image_file": "7.webp",
          "emojis": ["💔","👎"]
        },
        {
          "image_file": "8.webp",
          "emojis": ["😍","💑"]
        },
        {
          "image_file": "9.webp",
          "emojis": ["😘","🍪"]
        },
        {
          "image_file": "10.webp",
          "emojis": ["🤔","😐"]
        }
      ]
    },
    {
      "identifier": "12",
      "name": "Christmas 12",
      "publisher": "GANESH",
      "tray_image_file": "icon.png",
      "image_data_version":"1",
      "avoid_cache":false,
      "publisher_email":"feedbacktomyapp@gmail.com",
      "animated_sticker_pack": false,
      "publisher_website": "https://sites.google.com/view/programmingwithganesh/home",
      "privacy_policy_website": "https://sites.google.com/view/programmingwithganesh/home",
      "license_agreement_website": "https://sites.google.com/view/programmingwithganesh/home",
      "stickers": [
        {
          "image_file": "1.webp",
          "emojis": ["☕","🙂"]
        },
        {
          "image_file": "2.webp",
          "emojis": ["😄","😀"]
        },
        {
          "image_file": "3.webp",
          "emojis": ["😆","😂"]
        },
        {
          "image_file": "4.webp",
          "emojis": ["😩","😰"]
        },
        {
          "image_file": "5.webp",
          "emojis": ["😭","💧"]
        },
        {
          "image_file": "6.webp",
          "emojis": ["😍","♥"]
        },
        {
          "image_file": "7.webp",
          "emojis": ["💔","👎"]
        },
        {
          "image_file": "8.webp",
          "emojis": ["😍","💑"]
        },
        {
          "image_file": "9.webp",
          "emojis": ["😘","🍪"]
        },
        {
          "image_file": "10.webp",
          "emojis": ["🤔","😐"]
        }

      ]
    },
    {
      "identifier": "13",
      "name": "Christmas 13",
       "publisher": "GANESH",
      "tray_image_file": "icon.png",
      "image_data_version":"1",
      "avoid_cache":false,
      "publisher_email":"feedbacktomyapp@gmail.com",
      "animated_sticker_pack": true,
      "publisher_website": "https://sites.google.com/view/programmingwithganesh/home",
      "privacy_policy_website": "https://sites.google.com/view/programmingwithganesh/home",
      "license_agreement_website": "https://sites.google.com/view/programmingwithganesh/home",
      "stickers": [
        {
          "image_file": "1.webp",
          "emojis": ["☕","🙂"]
        },
        {
          "image_file": "2.webp",
          "emojis": ["😄","😀"]
        },
        {
          "image_file": "3.webp",
          "emojis": ["😆","😂"]
        },
        {
          "image_file": "4.webp",
          "emojis": ["😩","😰"]
        },
        {
          "image_file": "5.webp",
          "emojis": ["😭","💧"]
        },
        {
          "image_file": "6.webp",
          "emojis": ["😍","♥"]
        },
        {
          "image_file": "7.webp",
          "emojis": ["💔","👎"]
        },
        {
          "image_file": "8.webp",
          "emojis": ["😍","💑"]
        },
        {
          "image_file": "9.webp",
          "emojis": ["😘","🍪"]
        },
        {
          "image_file": "10.webp",
          "emojis": ["🤔","😐"]
        }

      ]
    },
    {
      "identifier": "14",
      "name": "Christmas 14",
      "publisher": "GANESH",
      "tray_image_file": "icon.png",
      "image_data_version":"1",
      "avoid_cache":false,
      "publisher_email":"feedbacktomyapp@gmail.com",
      "animated_sticker_pack": false,
      "publisher_website": "https://sites.google.com/view/programmingwithganesh/home",
      "privacy_policy_website": "https://sites.google.com/view/programmingwithganesh/home",
      "license_agreement_website": "https://sites.google.com/view/programmingwithganesh/home",
      "stickers": [
        {
          "image_file": "1.webp",
          "emojis": ["☕","🙂"]
        },
        {
          "image_file": "2.webp",
          "emojis": ["😄","😀"]
        },
        {
          "image_file": "3.webp",
          "emojis": ["😆","😂"]
        },
        {
          "image_file": "4.webp",
          "emojis": ["😩","😰"]
        },
        {
          "image_file": "5.webp",
          "emojis": ["😭","💧"]
        },
        {
          "image_file": "6.webp",
          "emojis": ["😍","♥"]
        },
        {
          "image_file": "7.webp",
          "emojis": ["💔","👎"]
        },
        {
          "image_file": "8.webp",
          "emojis": ["😍","💑"]
        },
        {
          "image_file": "9.webp",
          "emojis": ["😘","🍪"]
        },
        {
          "image_file": "10.webp",
          "emojis": ["🤔","😐"]
        }

      ]
    }
  ]
}