{
  "android_play_store_link": "https://play.google.com/store/apps/dev?id=7005991582347466621",
  "ios_app_store_link": "",
  "sticker_packs": [
    {
      "identifier": "1",
      "name": "Pongal 1",
      "publisher": "GANESH",
      "tray_image_file": "05.webp",
      "image_data_version":"1",
      "avoid_cache":false,
      "publisher_email":"feedbacktomyapp@gmail.com",
      "publisher_website": "https://play.google.com/store/apps/dev?id=7005991582347466621",
      "animated_sticker_pack":false,
      "stickers": [
        {
          "image_file": "01.webp",
          "emojis": ["☕","🙂"]
        },
        {
          "image_file": "02.webp",
          "emojis": ["😄","😀"]
        },
        {
          "image_file": "03.webp",
          "emojis": ["😆","😂"]
        },
        {
          "image_file": "04.webp",
          "emojis": ["😩","😰"]
        },
        {
          "image_file": "05.webp",
          "emojis": ["😭","💧"]
        },
        {
          "image_file": "06.webp",
          "emojis": ["😍","♥"]
        },
        {
          "image_file": "07.webp",
          "emojis": ["💔","👎"]
        },
        {
          "image_file": "08.webp",
          "emojis": ["😍","💑"]
        },
        {
          "image_file": "09.webp",
          "emojis": ["😍","💑"]
        },
        {
          "image_file": "10.webp",
          "emojis": ["😍","💑"]
        }
      ]
    },
    {
      "identifier": "2",
      "name": "Pongal 2",
      "publisher": "GANESH",
      "tray_image_file": "05.webp",
      "image_data_version":"1",
      "avoid_cache":false,
      "publisher_email":"feedbacktomyapp@gmail.com",
      "publisher_website": "https://play.google.com/store/apps/dev?id=7005991582347466621",
      "animated_sticker_pack":false,
      "stickers": [
        {
          "image_file": "01.webp",
          "emojis": ["☕","🙂"]
        },
        {
          "image_file": "02.webp",
          "emojis": ["😄","😀"]
        },
        {
          "image_file": "03.webp",
          "emojis": ["😆","😂"]
        },
        {
          "image_file": "04.webp",
          "emojis": ["😩","😰"]
        },
        {
          "image_file": "05.webp",
          "emojis": ["😭","💧"]
        },
        {
          "image_file": "06.webp",
          "emojis": ["😍","♥"]
        },
        {
          "image_file": "07.webp",
          "emojis": ["💔","👎"]
        },
        {
          "image_file": "08.webp",
          "emojis": ["😍","💑"]
        },
        {
          "image_file": "09.webp",
          "emojis": ["😍","💑"]
        },
        {
          "image_file": "10.webp",
          "emojis": ["😍","💑"]
        }
      ]
    },
    {
      "identifier": "3",
      "name": "Pongal 3",
      "publisher": "GANESH",
      "tray_image_file": "05.webp",
      "image_data_version":"1",
      "avoid_cache":false,
      "publisher_email":"feedbacktomyapp@gmail.com",
      "publisher_website": "https://play.google.com/store/apps/dev?id=7005991582347466621",
      "animated_sticker_pack":false,
      "stickers": [
        {
          "image_file": "01.webp",
          "emojis": ["☕","🙂"]
        },
        {
          "image_file": "02.webp",
          "emojis": ["😄","😀"]
        },
        {
          "image_file": "03.webp",
          "emojis": ["😆","😂"]
        },
        {
          "image_file": "04.webp",
          "emojis": ["😩","😰"]
        },
        {
          "image_file": "05.webp",
          "emojis": ["😭","💧"]
        },
        {
          "image_file": "06.webp",
          "emojis": ["😍","♥"]
        },
        {
          "image_file": "07.webp",
          "emojis": ["💔","👎"]
        },
        {
          "image_file": "08.webp",
          "emojis": ["😍","💑"]
        },
        {
          "image_file": "09.webp",
          "emojis": ["💔","👎"]
        },
        {
          "image_file": "10.webp",
          "emojis": ["😍","💑"]
        }
      ]
    },
    {
      "identifier": "4",
      "name": "Pongal 3",
      "publisher": "GANESH",
      "tray_image_file": "05.webp",
      "image_data_version":"1",
      "avoid_cache":false,
      "publisher_email":"feedbacktomyapp@gmail.com",
      "publisher_website": "https://play.google.com/store/apps/dev?id=7005991582347466621",
      "animated_sticker_pack":false,
      "stickers": [
        {
          "image_file": "01.webp",
          "emojis": ["☕","🙂"]
        },
        {
          "image_file": "02.webp",
          "emojis": ["😄","😀"]
        },
        {
          "image_file": "03.webp",
          "emojis": ["😆","😂"]
        },
        {
          "image_file": "04.webp",
          "emojis": ["😩","😰"]
        },
        {
          "image_file": "05.webp",
          "emojis": ["😭","💧"]
        },
        {
          "image_file": "06.webp",
          "emojis": ["😍","♥"]
        },
        {
          "image_file": "07.webp",
          "emojis": ["💔","👎"]
        },
        {
          "image_file": "08.webp",
          "emojis": ["😍","💑"]
        },
        {
          "image_file": "09.webp",
          "emojis": ["😍","💑"]
        }
      ]
    }
  ]
}