{
  "android_play_store_link": "",
  "sticker_packs": [
    {
      "identifier": "2i",
      "name": "Babies Pack 1",
      "publisher": "GANESH",
      "tray_image_file": "tray_icon.png",
      "image_data_version": "1",
      "avoid_cache": false,
      "publisher_email":"feedbacktomyapp@gmail.com",
      "publisher_website": "https://sites.google.com/view/programmingwithganesh/home",
      "privacy_policy_website": "https://sites.google.com/view/programmingwithganesh/home",
      "license_agreement_website": "https://sites.google.com/view/programmingwithganesh/home",
      "animated_sticker_pack": true,
      "stickers": [
        {
          "image_file": "01.webp",
          "emojis": [
            "â˜•",
            "ðŸ™‚"
          ]
        },
        {
          "image_file": "02.webp",
          "emojis": [
            "ðŸ˜„",
            "ðŸ˜€"
          ]
        },
        {
          "image_file": "03.webp",
          "emojis": [
            "ðŸ˜†",
            "ðŸ˜‚"
          ]
        },
        {
          "image_file": "04.webp",
          "emojis": [
            "ðŸ˜©",
            "ðŸ˜°"
          ]
        },
        {
          "image_file": "05.webp",
          "emojis": [
            "ðŸ˜­",
            "ðŸ’§"
          ]
        },
        {
          "image_file": "06.webp",
          "emojis": [
            "ðŸ˜",
            "â™¥"
          ]
        },
        {
          "image_file": "07.webp",
          "emojis": [
            "ðŸ’”",
            "ðŸ‘Ž"
          ]
        },
        {
          "image_file": "08.webp",
          "emojis": [
            "ðŸ˜",
            "ðŸ’‘"
          ]
        },
        {
          "image_file": "09.webp",
          "emojis": [
            "ðŸ˜˜",
            "ðŸª"
          ]
        },
        {
          "image_file": "10.webp",
          "emojis": [
            "ðŸ¤”",
            "ðŸ˜"
          ]
        },
        {
          "image_file": "11.webp",
          "emojis": [
            "ðŸ˜±",
            "ðŸ˜µ"
          ]
        },
        {
          "image_file": "12.webp",
          "emojis": [
            "ðŸ˜¡",
            "ðŸ˜ "
          ]
        },
        {
          "image_file": "13.webp",
          "emojis": [
            "â“",
            "ðŸ¤”"
          ]
        },
        {
          "image_file": "14.webp",
          "emojis": [
            "ðŸŒˆ",
            "ðŸ˜œ"
          ]
        },
        {
          "image_file": "15.webp",
          "emojis": [
            "ðŸ’»",
            "ðŸ˜©"
          ]
        }
      ]
    },
    {
      "identifier": "4",
      "name": "Babies Pack 2",
      "publisher": "GANESH",
      "tray_image_file": "Icone.png",
      "image_data_version": "1",
      "avoid_cache": false,
      "publisher_email":"feedbacktomyapp@gmail.com",
      "publisher_website": "https://sites.google.com/view/programmingwithganesh/home",
      "privacy_policy_website": "https://sites.google.com/view/programmingwithganesh/home",
      "license_agreement_website": "https://sites.google.com/view/programmingwithganesh/home",
      "animated_sticker_pack": true,
      "stickers": [
        {
          "image_file": "1.webp",
          "emojis": [
            "🥰",
            "😘",
            "❤️"
          ]
        },
        {
          "image_file": "2.webp",
          "emojis": [
            "✊",
            "💪",
            "🙏"
          ]
        },
        {
          "image_file": "3.webp",
          "emojis": [
            "❤️",
            "🥰",
            "💕"
          ]
        },
        {
          "image_file": "4.webp",
          "emojis": [
            "🖐",
            "🙌",
            "✋"
          ]
        },
        {
          "image_file": "5.webp",
          "emojis": [
            "📱",
            "👯",
            "👋"
          ]
        },
        {
          "image_file": "6.webp",
          "emojis": [
            "📱",
            "🙋‍♀",
            "🙋‍♂"
          ]
        },
        {
          "image_file": "7.webp",
          "emojis": [
            "👍",
            "👌",
            "🙂"
          ]
        },
        {
          "image_file": "8.webp",
          "emojis": [
            "👋",
            "❓",
            "📱"
          ]
        },
        {
          "image_file": "9.webp",
          "emojis": [
            "☕",
            "🍵",
            "🏠"
          ]
        },
        {
          "image_file": "10.webp",
          "emojis": [
            "👩‍💻",
            "👨‍💻",
            "🛏"
          ]
        }
      ]
    },
    {
      "identifier": "2",
      "name": "Babies Pack 3",
      "publisher": "GANESH",
      "tray_image_file": "Icone.png",
      "image_data_version": "1",
      "avoid_cache": false,
      "publisher_email":"feedbacktomyapp@gmail.com",
      "publisher_website": "https://sites.google.com/view/programmingwithganesh/home",
      "privacy_policy_website": "https://sites.google.com/view/programmingwithganesh/home",
      "license_agreement_website": "https://sites.google.com/view/programmingwithganesh/home",
      "animated_sticker_pack": true,
      "stickers": [
        {
          "image_file": "1.webp",
          "emojis": [
            "🥰",
            "😘",
            "❤️"
          ]
        },
        {
          "image_file": "2.webp",
          "emojis": [
            "✊",
            "💪",
            "🙏"
          ]
        },
        {
          "image_file": "3.webp",
          "emojis": [
            "❤️",
            "🥰",
            "💕"
          ]
        },
        {
          "image_file": "4.webp",
          "emojis": [
            "🖐",
            "🙌",
            "✋"
          ]
        },
        {
          "image_file": "5.webp",
          "emojis": [
            "📱",
            "👯",
            "👋"
          ]
        },
        {
          "image_file": "6.webp",
          "emojis": [
            "📱",
            "🙋‍♀",
            "🙋‍♂"
          ]
        },
        {
          "image_file": "9.webp",
          "emojis": [
            "☕",
            "🍵",
            "🏠"
          ]
        },
        {
          "image_file": "10.webp",
          "emojis": [
            "👩‍💻",
            "👨‍💻",
            "🛏"
          ]
        }
      ]
    },
    {
      "identifier": "3",
      "name": "Babies Pack 4",
      "publisher": "GANESH",
      "tray_image_file": "Icone.png",
      "image_data_version": "1",
      "avoid_cache": false,
      "publisher_email":"feedbacktomyapp@gmail.com",
      "publisher_website": "https://sites.google.com/view/programmingwithganesh/home",
      "privacy_policy_website": "https://sites.google.com/view/programmingwithganesh/home",
      "license_agreement_website": "https://sites.google.com/view/programmingwithganesh/home",
      "animated_sticker_pack": true,
      "stickers": [
        {
          "image_file": "1.webp",
          "emojis": [
            "🥰",
            "😘",
            "❤️"
          ]
        },
        {
          "image_file": "2.webp",
          "emojis": [
            "✊",
            "💪",
            "🙏"
          ]
        },
        {
          "image_file": "3.webp",
          "emojis": [
            "❤️",
            "🥰",
            "💕"
          ]
        },
        {
          "image_file": "4.webp",
          "emojis": [
            "❤️",
            "🥰",
            "💕"
          ]
        },
        {
          "image_file": "5.webp",
          "emojis": [
            "📱",
            "👯",
            "👋"
          ]
        },
        {
          "image_file": "6.webp",
          "emojis": [
            "📱",
            "🙋‍♀",
            "🙋‍♂"
          ]
        },
        {
          "image_file": "7.webp",
          "emojis": [
            "👍",
            "👌",
            "🙂"
          ]
        },
        {
          "image_file": "8.webp",
          "emojis": [
            "👋",
            "❓",
            "📱"
          ]
        },
        {
          "image_file": "9.webp",
          "emojis": [
            "☕",
            "🍵",
            "🏠"
          ]
        }
      ]
    },
    {
      "identifier": "1i",
      "name": "Babies Pack 5",
      "publisher": "GANESH",
      "tray_image_file": "tray_icon.png",
      "image_data_version": "1",
      "avoid_cache": false,
      "publisher_email":"feedbacktomyapp@gmail.com",
      "publisher_website": "https://sites.google.com/view/programmingwithganesh/home",
      "privacy_policy_website": "https://sites.google.com/view/programmingwithganesh/home",
      "license_agreement_website": "https://sites.google.com/view/programmingwithganesh/home",
      "animated_sticker_pack": true,
      "stickers": [
        {
          "image_file": "02.webp",
          "emojis": [
            "ðŸ˜„",
            "ðŸ˜€"
          ]
        },
        {
          "image_file": "03.webp",
          "emojis": [
            "ðŸ˜†",
            "ðŸ˜‚"
          ]
        },
        {
          "image_file": "04.webp",
          "emojis": [
            "ðŸ˜©",
            "ðŸ˜°"
          ]
        },
        {
          "image_file": "05.webp",
          "emojis": [
            "ðŸ˜­",
            "ðŸ’§"
          ]
        },
        {
          "image_file": "06.webp",
          "emojis": [
            "ðŸ˜",
            "â™¥"
          ]
        },
        {
          "image_file": "07.webp",
          "emojis": [
            "ðŸ’”",
            "ðŸ‘Ž"
          ]
        },
        {
          "image_file": "08.webp",
          "emojis": [
            "ðŸ˜",
            "ðŸ’‘"
          ]
        },
        {
          "image_file": "09.webp",
          "emojis": [
            "ðŸ˜˜",
            "ðŸª"
          ]
        },
        {
          "image_file": "10.webp",
          "emojis": [
            "ðŸ¤”",
            "ðŸ˜"
          ]
        },
        {
          "image_file": "11.webp",
          "emojis": [
            "ðŸ˜±",
            "ðŸ˜µ"
          ]
        },
        {
          "image_file": "12.webp",
          "emojis": [
            "ðŸ˜¡",
            "ðŸ˜ "
          ]
        },
        {
          "image_file": "13.webp",
          "emojis": [
            "â“",
            "ðŸ¤”"
          ]
        },
        {
          "image_file": "14.webp",
          "emojis": [
            "ðŸŒˆ",
            "ðŸ˜œ"
          ]
        },
        {
          "image_file": "15.webp",
          "emojis": [
            "ðŸ’»",
            "ðŸ˜©"
          ]
        }
      ]
    },
    {
      "identifier": "1",
      "name": "Babies Pack 6",
      "publisher": "GANESH",
      "tray_image_file": "tray_icon.png",
      "image_data_version": "1",
      "avoid_cache": false,
      "publisher_email":"feedbacktomyapp@gmail.com",
      "publisher_website": "https://sites.google.com/view/programmingwithganesh/home",
      "privacy_policy_website": "https://sites.google.com/view/programmingwithganesh/home",
      "license_agreement_website": "https://sites.google.com/view/programmingwithganesh/home",
      "animated_sticker_pack": true,
      "stickers": [
        {
          "image_file": "3.webp",
          "emojis": [
            "❤️",
            "🥰",
            "💕"
          ]
        },
        {
          "image_file": "4.webp",
          "emojis": [
            "🖐",
            "🙌",
            "✋"
          ]
        },
        {
          "image_file": "7.webp",
          "emojis": [
            "👍",
            "👌",
            "🙂"
          ]
        },
        {
          "image_file": "8.webp",
          "emojis": [
            "👋",
            "❓",
            "📱"
          ]
        },
        {
          "image_file": "9.webp",
          "emojis": [
            "☕",
            "🍵",
            "🏠"
          ]
        },
        {
          "image_file": "10.webp",
          "emojis": [
            "🧘♀",
            "🧘♂",
            "🤙"
          ]
        }
      ]
    },
    {
      "identifier": "3i",
      "name": "Babies Pack 7",
      "publisher": "GANESH",
      "tray_image_file": "tray_icon.png",
      "image_data_version": "1",
      "avoid_cache": false,
      "publisher_email":"feedbacktomyapp@gmail.com",
      "publisher_website": "https://sites.google.com/view/programmingwithganesh/home",
      "privacy_policy_website": "https://sites.google.com/view/programmingwithganesh/home",
      "license_agreement_website": "https://sites.google.com/view/programmingwithganesh/home",
      "animated_sticker_pack": true,
      "stickers": [
        {
          "image_file": "01.webp",
          "emojis": [
            "â˜•",
            "ðŸ™‚"
          ]
        },
        {
          "image_file": "02.webp",
          "emojis": [
            "ðŸ˜„",
            "ðŸ˜€"
          ]
        },
        {
          "image_file": "03.webp",
          "emojis": [
            "ðŸ˜†",
            "ðŸ˜‚"
          ]
        },
        {
          "image_file": "04.webp",
          "emojis": [
            "ðŸ˜©",
            "ðŸ˜°"
          ]
        },
        {
          "image_file": "05.webp",
          "emojis": [
            "ðŸ˜­",
            "ðŸ’§"
          ]
        },
        {
          "image_file": "06.webp",
          "emojis": [
            "ðŸ˜",
            "â™¥"
          ]
        },
        {
          "image_file": "07.webp",
          "emojis": [
            "ðŸ’”",
            "ðŸ‘Ž"
          ]
        },
        {
          "image_file": "08.webp",
          "emojis": [
            "ðŸ˜",
            "ðŸ’‘"
          ]
        },
        {
          "image_file": "09.webp",
          "emojis": [
            "ðŸ˜˜",
            "ðŸª"
          ]
        },
        {
          "image_file": "10.webp",
          "emojis": [
            "ðŸ¤”",
            "ðŸ˜"
          ]
        },
        {
          "image_file": "11.webp",
          "emojis": [
            "ðŸ˜±",
            "ðŸ˜µ"
          ]
        },
        {
          "image_file": "12.webp",
          "emojis": [
            "ðŸ˜¡",
            "ðŸ˜ "
          ]
        },
        {
          "image_file": "13.webp",
          "emojis": [
            "â“",
            "ðŸ¤”"
          ]
        },
        {
          "image_file": "14.webp",
          "emojis": [
            "ðŸŒˆ",
            "ðŸ˜œ"
          ]
        },
        {
          "image_file": "15.webp",
          "emojis": [
            "ðŸŒˆ",
            "ðŸ˜œ"
          ]
        }
      ]
    }
  ]
}