{
  "android_play_store_link": "https://play.google.com/store/apps/dev?id=7005991582347466621",
  "sticker_packs": [
    {
      "identifier": "Merry Christmas",
      "name": "Merry Christmas",
      "publisher": "GANESH",
      "tray_image_file": "Merry_1.webp",
      "image_data_version": "1",
      "avoid_cache": false,
      "publisher_email":"feedbacktomyapp@gmail.com",
      "publisher_website": "https://sites.google.com/view/programmingwithganesh/home",
      "privacy_policy_website": "https://sites.google.com/view/programmingwithganesh/home",
      "license_agreement_website": "https://sites.google.com/view/programmingwithganesh/home",
      "stickers": [
        {
          "image_file": "Merry_1.webp",
          "emojis": [
            "😆",
            "😂"
          ]
        },
        {
          "image_file": "Merry_2.webp",
          "emojis": [
            "😩",
            "😰"
          ]
        },
        {
          "image_file": "Merry_3.webp",
          "emojis": [
            "😍",
            "♥"
          ]
        },
        {
          "image_file": "Merry_4.webp",
          "emojis": [
            "💔",
            "👎"
          ]
        },
        {
          "image_file": "Merry_5.webp",
          "emojis": [
            "😡",
            "😠"
          ]
        },
        {
          "image_file": "Merry_6.webp",
          "emojis": [
            "🖐",
            "🙋"
          ]
        },
        {
          "image_file": "Merry_7.webp",
          "emojis": [
            "😆",
            "😂"
          ]
        },
        {
          "image_file": "Merry_8.webp",
          "emojis": [
            "😆",
            "😂"
          ]
        },
        {
          "image_file": "Merry_9.webp",
          "emojis": [
            "😆",
            "😂"
          ]
        },
        {
          "image_file": "Merry_10.webp",
          "emojis": [
            "😆",
            "😂"
          ]
        },
        {
          "image_file": "Merry_11.webp",
          "emojis": [
            "😆",
            "😂"
          ]
        },
        {
          "image_file": "Merry_12.webp",
          "emojis": [
            "😆",
            "😂"
          ]
        },
        {
          "image_file": "Merry_13.webp",
          "emojis": [
            "😆",
            "😂"
          ]
        },
        {
          "image_file": "Merry_14.webp",
          "emojis": [
            "😆",
            "😂"
          ]
        },
        {
          "image_file": "Merry_15.webp",
          "emojis": [
            "😆",
            "😂"
          ]
        },
        {
          "image_file": "Merry_16.webp",
          "emojis": [
            "😆",
            "😂"
          ]
        },
        {
          "image_file": "Merry_17.webp",
          "emojis": [
            "😆",
            "😂"
          ]
        },
        {
          "image_file": "Merry_18.webp",
          "emojis": [
            "😆",
            "😂"
          ]
        },
        {
          "image_file": "Merry_19.webp",
          "emojis": [
            "😆",
            "😂"
          ]
        },
        {
          "image_file": "Merry_20.webp",
          "emojis": [
            "😆",
            "😂"
          ]
        },
        {
          "image_file": "Merry_21.webp",
          "emojis": [
            "😆",
            "😂"
          ]
        },
        {
          "image_file": "Merry_22.webp",
          "emojis": [
            "😆",
            "😂"
          ]
        },
        {
          "image_file": "Merry_23.webp",
          "emojis": [
            "😆",
            "😂"
          ]
        },
        {
          "image_file": "Merry_24.webp",
          "emojis": [
            "😆",
            "😂"
          ]
        }
      ]
    },
    {
      "identifier": "Santa 1",
      "name": "Santa Claus 1",
      "publisher": "GANESH",
      "tray_image_file": "1.webp",
      "image_data_version": "1",
      "avoid_cache": false,
      "publisher_email":"feedbacktomyapp@gmail.com",
      "publisher_website": "https://sites.google.com/view/programmingwithganesh/home",
      "privacy_policy_website": "https://sites.google.com/view/programmingwithganesh/home",
      "license_agreement_website": "https://sites.google.com/view/programmingwithganesh/home",
      "stickers": [
        {
          "image_file": "1.webp",
          "emojis": [
            "😆",
            "😂"
          ]
        },
        {
          "image_file": "2.webp",
          "emojis": [
            "😩",
            "😰"
          ]
        },
        {
          "image_file": "3.webp",
          "emojis": [
            "😍",
            "♥"
          ]
        },
        {
          "image_file": "4.webp",
          "emojis": [
            "💔",
            "👎"
          ]
        },
        {
          "image_file": "5.webp",
          "emojis": [
            "😡",
            "😠"
          ]
        },
        {
          "image_file": "6.webp",
          "emojis": [
            "🖐",
            "🙋"
          ]
        },
        {
          "image_file": "7.webp",
          "emojis": [
            "😆",
            "😂"
          ]
        },
        {
          "image_file": "8.webp",
          "emojis": [
            "😆",
            "😂"
          ]
        },
        {
          "image_file": "9.webp",
          "emojis": [
            "😆",
            "😂"
          ]
        },
        {
          "image_file": "10.webp",
          "emojis": [
            "😆",
            "😂"
          ]
        },
        {
          "image_file": "11.webp",
          "emojis": [
            "😆",
            "😂"
          ]
        },
        {
          "image_file": "12.webp",
          "emojis": [
            "😆",
            "😂"
          ]
        },
        {
          "image_file": "13.webp",
          "emojis": [
            "😆",
            "😂"
          ]
        },
        {
          "image_file": "14.webp",
          "emojis": [
            "😆",
            "😂"
          ]
        },
        {
          "image_file": "15.webp",
          "emojis": [
            "😆",
            "😂"
          ]
        },
        {
          "image_file": "16.webp",
          "emojis": [
            "😆",
            "😂"
          ]
        },
        {
          "image_file": "17.webp",
          "emojis": [
            "😆",
            "😂"
          ]
        },
        {
          "image_file": "18.webp",
          "emojis": [
            "😆",
            "😂"
          ]
        },
        {
          "image_file": "19.webp",
          "emojis": [
            "😆",
            "😂"
          ]
        },
        {
          "image_file": "20.webp",
          "emojis": [
            "😆",
            "😂"
          ]
        },
        {
          "image_file": "21.webp",
          "emojis": [
            "😆",
            "😂"
          ]
        },
        {
          "image_file": "22.webp",
          "emojis": [
            "😆",
            "😂"
          ]
        },
        {
          "image_file": "23.webp",
          "emojis": [
            "😆",
            "😂"
          ]
        },
        {
          "image_file": "24.webp",
          "emojis": [
            "😆",
            "😂"
          ]
        },
        {
          "image_file": "25.webp",
          "emojis": [
            "😆",
            "😂"
          ]
        },
        {
          "image_file": "26.webp",
          "emojis": [
            "😆",
            "😂"
          ]
        },
        {
          "image_file": "27.webp",
          "emojis": [
            "😆",
            "😂"
          ]
        },
        {
          "image_file": "28.webp",
          "emojis": [
            "😆",
            "😂"
          ]
        },
        {
          "image_file": "29.webp",
          "emojis": [
            "😆",
            "😂"
          ]
        },
        {
          "image_file": "30.webp",
          "emojis": [
            "😆",
            "😂"
          ]
        }
      ]
    },
    {
      "identifier": "Santa 2",
      "name": "Santa Claus 2",
      "publisher": "GANESH",
      "tray_image_file": "004_waving_hand.webp",
      "image_data_version": "1",
      "avoid_cache": false,
      "publisher_email":"feedbacktomyapp@gmail.com",
      "publisher_website": "https://sites.google.com/view/programmingwithganesh/home",
      "privacy_policy_website": "https://sites.google.com/view/programmingwithganesh/home",
      "license_agreement_website": "https://sites.google.com/view/programmingwithganesh/home",
      "stickers": [
        {
          "image_file": "000_face_with_tears_of_joy.webp",
          "emojis": [
            "😆",
            "😂"
          ]
        },
        {
          "image_file": "001_face_blowing_a_kiss.webp",
          "emojis": [
            "😩",
            "😰"
          ]
        },
        {
          "image_file": "002_thumbs_up.webp",
          "emojis": [
            "😍",
            "♥"
          ]
        },
        {
          "image_file": "003_fearful_face.webp",
          "emojis": [
            "💔",
            "👎"
          ]
        },
        {
          "image_file": "004_waving_hand.webp",
          "emojis": [
            "😡",
            "😠"
          ]
        },
        {
          "image_file": "005_blue_heart.webp",
          "emojis": [
            "🖐",
            "🙋"
          ]
        },
        {
          "image_file": "006_hugging_face.webp",
          "emojis": [
            "😆",
            "😂"
          ]
        },
        {
          "image_file": "007_sleeping_face.webp",
          "emojis": [
            "😆",
            "😂"
          ]
        },
        {
          "image_file": "008_OK_hand.webp",
          "emojis": [
            "😆",
            "😂"
          ]
        },
        {
          "image_file": "009_grinning_face_with_smiling_eyes.webp",
          "emojis": [
            "😆",
            "😂"
          ]
        },
        {
          "image_file": "010_smiling_face_with_sunglasses.webp",
          "emojis": [
            "😆",
            "😂"
          ]
        },
        {
          "image_file": "011_man_facepalming.webp",
          "emojis": [
            "😆",
            "😂"
          ]
        },
        {
          "image_file": "012_smiling_face_with_heart-eyes.webp",
          "emojis": [
            "😆",
            "😂"
          ]
        },
        {
          "image_file": "013_winking_face_with_tongue.webp",
          "emojis": [
            "😆",
            "😂"
          ]
        },
        {
          "image_file": "014_shushing_face.webp",
          "emojis": [
            "😆",
            "😂"
          ]
        },
        {
          "image_file": "015_Santa_Claus.webp",
          "emojis": [
            "😆",
            "😂"
          ]
        },
        {
          "image_file": "016_drooling_face.webp",
          "emojis": [
            "😆",
            "😂"
          ]
        },
        {
          "image_file": "017_grimacing_face.webp",
          "emojis": [
            "😆",
            "😂"
          ]
        },
        {
          "image_file": "018_grinning_face_with_sweat.webp",
          "emojis": [
            "😆",
            "😂"
          ]
        },
        {
          "image_file": "019_flushed_face.webp",
          "emojis": [
            "😆",
            "😂"
          ]
        },
        {
          "image_file": "021_face_with_raised_eyebrow.webp",
          "emojis": [
            "😆",
            "😂"
          ]
        },
        {
          "image_file": "022_old_man.webp",
          "emojis": [
            "😆",
            "😂"
          ]
        },
        {
          "image_file": "023_party_popper.webp",
          "emojis": [
            "😆",
            "😂"
          ]
        },
        {
          "image_file": "024_slightly_smiling_face.webp",
          "emojis": [
            "😆",
            "😂"
          ]
        },
        {
          "image_file": "025_beaming_face_with_smiling_eyes.webp",
          "emojis": [
            "😆",
            "😂"
          ]
        },
        {
          "image_file": "026_exploding_head.webp",
          "emojis": [
            "😆",
            "😂"
          ]
        },
        {
          "image_file": "027_thinking_face.webp",
          "emojis": [
            "😆",
            "😂"
          ]
        },
        {
          "image_file": "028_tired_face.webp",
          "emojis": [
            "😆",
            "😂"
          ]
        },
        {
          "image_file": "029_partying_face.webp",
          "emojis": [
            "😆",
            "😂"
          ]
        }
      ]
    },
    {
      "identifier": "Santa 3",
      "name": "Santa Claus 3",
      "publisher": "GANESH",
      "tray_image_file": "016_glowing_star.webp",
      "image_data_version": "1",
      "avoid_cache": false,
      "publisher_email":"feedbacktomyapp@gmail.com",
      "publisher_website": "https://sites.google.com/view/programmingwithganesh/home",
      "privacy_policy_website": "https://sites.google.com/view/programmingwithganesh/home",
      "license_agreement_website": "https://sites.google.com/view/programmingwithganesh/home",
      "stickers": [
        {
          "image_file": "000_face_with_tears_of_joy.webp",
          "emojis": [
            "😆",
            "😂"
          ]
        },
        {
          "image_file": "001_face_blowing_a_kiss.webp",
          "emojis": [
            "😩",
            "😰"
          ]
        },
        {
          "image_file": "002_thumbs_up.webp",
          "emojis": [
            "😍",
            "♥"
          ]
        },
        {
          "image_file": "003_fearful_face.webp",
          "emojis": [
            "💔",
            "👎"
          ]
        },
        {
          "image_file": "004_waving_hand.webp",
          "emojis": [
            "😡",
            "😠"
          ]
        },
        {
          "image_file": "005_angry_face.webp",
          "emojis": [
            "🖐",
            "🙋"
          ]
        },
        {
          "image_file": "006_person_shrugging.webp",
          "emojis": [
            "😆",
            "😂"
          ]
        },
        {
          "image_file": "007_cookie.webp",
          "emojis": [
            "😆",
            "😂"
          ]
        },
        {
          "image_file": "008_grinning_face_with_smiling_eyes.webp",
          "emojis": [
            "😆",
            "😂"
          ]
        },
        {
          "image_file": "009_expressionless_face.webp",
          "emojis": [
            "😆",
            "😂"
          ]
        },
        {
          "image_file": "010_party_popper.webp",
          "emojis": [
            "😆",
            "😂"
          ]
        },
        {
          "image_file": "011_Santa_Claus.webp",
          "emojis": [
            "😆",
            "😂"
          ]
        },
        {
          "image_file": "015_bear_face.webp",
          "emojis": [
            "😆",
            "😂"
          ]
        },
        {
          "image_file": "016_glowing_star.webp",
          "emojis": [
            "😆",
            "😂"
          ]
        },
        {
          "image_file": "017_drooling_face.webp",
          "emojis": [
            "😆",
            "😂"
          ]
        },
        {
          "image_file": "018_meat_on_bone.webp",
          "emojis": [
            "😆",
            "😂"
          ]
        },
        {
          "image_file": "019_thinking_face.webp",
          "emojis": [
            "😆",
            "😂"
          ]
        },
        {
          "image_file": "020_sleeping_face.webp",
          "emojis": [
            "😆",
            "😂"
          ]
        },
        {
          "image_file": "021_hugging_face.webp",
          "emojis": [
            "😆",
            "😂"
          ]
        },
        {
          "image_file": "023_unamused_face.webp",
          "emojis": [
            "😆",
            "😂"
          ]
        },
        {
          "image_file": "024_snowman.webp",
          "emojis": [
            "😆",
            "😂"
          ]
        },
        {
          "image_file": "025_lying_face.webp",
          "emojis": [
            "😆",
            "😂"
          ]
        },
        {
          "image_file": "026_smirking_face.webp",
          "emojis": [
            "😆",
            "😂"
          ]
        },
        {
          "image_file": "027_relieved_face.webp",
          "emojis": [
            "😆",
            "😂"
          ]
        },
        {
          "image_file": "028_hushed_face.webp",
          "emojis": [
            "😆",
            "😂"
          ]
        },
        {
          "image_file": "029_grinning_face.webp",
          "emojis": [
            "😆",
            "😂"
          ]
        }
      ]
    },
    {
      "identifier": "Santa 4",
      "name": "Santa Claus 4",
      "publisher": "GANESH",
      "tray_image_file": "santaclaus_9.webp",
      "image_data_version": "1",
      "avoid_cache": false,
      "publisher_email":"feedbacktomyapp@gmail.com",
      "publisher_website": "https://sites.google.com/view/programmingwithganesh/home",
      "privacy_policy_website": "https://sites.google.com/view/programmingwithganesh/home",
      "license_agreement_website": "https://sites.google.com/view/programmingwithganesh/home",
      "stickers": [
        {
          "image_file": "santaclaus_1.webp",
          "emojis": [
            "😆",
            "😂"
          ]
        },
        {
          "image_file": "santaclaus_2.webp",
          "emojis": [
            "😆",
            "😂"
          ]
        },
        {
          "image_file": "santaclaus_3.webp",
          "emojis": [
            "😆",
            "😂"
          ]
        },
        {
          "image_file": "santaclaus_4.webp",
          "emojis": [
            "😆",
            "😂"
          ]
        },
        {
          "image_file": "santaclaus_5.webp",
          "emojis": [
            "😆",
            "😂"
          ]
        },
        {
          "image_file": "santaclaus_6.webp",
          "emojis": [
            "😆",
            "😂"
          ]
        },
        {
          "image_file": "santaclaus_7.webp",
          "emojis": [
            "😆",
            "😂"
          ]
        },
        {
          "image_file": "santaclaus_8.webp",
          "emojis": [
            "😆",
            "😂"
          ]
        },
        {
          "image_file": "santaclaus_9.webp",
          "emojis": [
            "😆",
            "😂"
          ]
        }
      ]
    },
    {
      "identifier": "Santa Cap",
      "name": "Santa Claus Cap",
      "publisher": "GANESH",
      "tray_image_file": "2.webp",
      "image_data_version": "1",
      "avoid_cache": false,
      "publisher_email":"",
      "publisher_website": "https://sites.google.com/view/programmingwithganesh/home",
      "privacy_policy_website": "https://sites.google.com/view/programmingwithganesh/home",
      "license_agreement_website": "https://sites.google.com/view/programmingwithganesh/home",
      "stickers": [
        {
          "image_file": "1.webp",
          "emojis": [
            "😆",
            "😂"
          ]
        },
        {
          "image_file": "2.webp",
          "emojis": [
            "😩",
            "😰"
          ]
        },
        {
          "image_file": "3.webp",
          "emojis": [
            "😍",
            "♥"
          ]
        },
        {
          "image_file": "4.webp",
          "emojis": [
            "💔",
            "👎"
          ]
        },
        {
          "image_file": "5.webp",
          "emojis": [
            "😡",
            "😠"
          ]
        },
        {
          "image_file": "6.webp",
          "emojis": [
            "🖐",
            "🙋"
          ]
        },
        {
          "image_file": "7.webp",
          "emojis": [
            "😆",
            "😂"
          ]
        },
        {
          "image_file": "8.webp",
          "emojis": [
            "😆",
            "😂"
          ]
        },
        {
          "image_file": "9.webp",
          "emojis": [
            "😆",
            "😂"
          ]
        },
        {
          "image_file": "10.webp",
          "emojis": [
            "😆",
            "😂"
          ]
        },
        {
          "image_file": "11.webp",
          "emojis": [
            "😆",
            "😂"
          ]
        },
        {
          "image_file": "12.webp",
          "emojis": [
            "😆",
            "😂"
          ]
        },
        {
          "image_file": "13.webp",
          "emojis": [
            "😆",
            "😂"
          ]
        },
        {
          "image_file": "14.webp",
          "emojis": [
            "😆",
            "😂"
          ]
        },
        {
          "image_file": "15.webp",
          "emojis": [
            "😆",
            "😂"
          ]
        }
      ]
    }
  ]
}