{
  "android_play_store_link": "https://play.google.com/store/apps/dev?id=7005991582347466621",
  "ios_app_store_link": "",
  "sticker_packs": [
    {
      "identifier": "1",
      "name": "Vadivelu 1",
      "publisher": "GANESH",
      "tray_image_file": "pack1.webp",
      "image_data_version":"1",
      "avoid_cache":false,
      "publisher_email":"",
      "publisher_website": "",
      "privacy_policy_website": "",
      "license_agreement_website": "",
      "stickers": [
        {
          "image_file": "1.webp"
        ,"emojis": ["☕","🙂"]
        },
        {
          "image_file": "2.webp"
        ,"emojis": ["☕","🙂"]
        },
        {
          "image_file": "3.webp"
        ,"emojis": ["😳","🙄","🤫"]
        },
        {
          "image_file": "4.webp"
        ,"emojis": ["😕","🙁","😒"]
        },
        {
          "image_file": "5.webp"
        ,"emojis": ["🥴","😧","🥴"]
        },
        {
          "image_file": "6.webp"
        ,"emojis": ["🙄","🤪","😯"]
        },
        {
          "image_file": "7.webp"
        ,"emojis": ["😏","😕","😬"]
        },
        {
          "image_file": "8.webp"
        ,"emojis": ["🤭","🤫","🤪"]
        },
        {
          "image_file": "9.webp"
        ,"emojis": ["🙄","🙁","😒"]
        },
        {
          "image_file": "10.webp"
        ,"emojis": ["😏","🤨","😕"]
        },
        {
          "image_file": "11.webp"
        ,"emojis": ["🙄","🤯","🤦‍♀️"]
        },
        {
          "image_file": "12.webp"
        ,"emojis": ["🙆‍♀️","🙆‍♂️","🤔"]
        },
        {
          "image_file": "13.webp"
        ,"emojis": ["😜","🤯","😯"]
        },
        {
          "image_file": "14.webp"
        ,"emojis": ["🤪","😆","🤣"]
        },
        {
          "image_file": "15.webp"
        ,"emojis": ["😛","😝","😜"]
        },
        {
          "image_file": "16.webp"
        ,"emojis": ["👻","👹","🤣"]
        },
        {
          "image_file": "17.webp"
        ,"emojis": ["😏","😕","😬"]
        },
        {
          "image_file": "18.webp"
        ,"emojis": ["🤭","🤫","🤪"]
        },
        {
          "image_file": "19.webp"
        ,"emojis": ["🙄","🙁","😒"]
        },
        {
          "image_file": "20.webp"
        ,"emojis": ["😏","🤨","😕"]
        },
        {
          "image_file": "21.webp"
        ,"emojis": ["🙄","🤯","🤦‍♀️"]
        },
        {
          "image_file": "22.webp"
        ,"emojis": ["🙆‍♀️","🙆‍♂️","🤔"]
        },
        {
          "image_file": "23.webp"
        ,"emojis": ["😜","🤯","😯"]
        },
        {
          "image_file": "24.webp"
        ,"emojis": ["🤪","😆","🤣"]
        },
        {
          "image_file": "25.webp"
        ,"emojis": ["😛","😝","😜"]
        },
        {
          "image_file": "26.webp"
        ,"emojis": ["👻","👹","🤣"]
        },
        {
          "image_file": "27.webp"
        ,"emojis": ["🤭","🤫","🤪"]
        },
        {
          "image_file": "28.webp"
        ,"emojis": ["🙄","🙁","😒"]
        },
        {
          "image_file": "29.webp"
        ,"emojis": ["😏","🤨","😕"]
        },
        {
          "image_file": "30.webp"
        ,"emojis": ["🙄","🤯","🤦‍♀️"]
        }

      ]
    },
    {
      "identifier": "2",
      "name": "Vadivelu 2",
      "publisher": "GANESH",
      "tray_image_file": "pack4.webp",
      "image_data_version":"1",
      "avoid_cache":false,
      "publisher_email":"",
      "publisher_website": "",
      "privacy_policy_website": "",
      "license_agreement_website": "",
      "stickers": [
        {
          "image_file": "1.webp"
        ,"emojis": ["😣","😭","😢"]
        },
        {
          "image_file": "2.webp"
        ,"emojis": ["😞","😫","😩"]
        },
        {
          "image_file": "3.webp"
        ,"emojis": ["😞","😫","😩"]
        },
        {
          "image_file": "4.webp"
        ,"emojis": ["😏","😒","😣"]
        },
        {
          "image_file": "5.webp"
        ,"emojis": ["🙄","😧","😨"]
        },
        {
          "image_file": "6.webp"
        ,"emojis": ["😫","😢","😫"]
        },
        {
          "image_file": "7.webp"
        ,"emojis": ["🤫","🧐","😕"]
        },
        {
          "image_file": "8.webp"
        ,"emojis": ["🥺","😜","😟"]
        },
        {
          "image_file": "9.webp"
        ,"emojis": ["😕","☹️","😵"]
        },
        {
          "image_file": "10.webp"
        ,"emojis": ["😕","😥","😦"]
        },
        {
          "image_file": "11.webp"
        ,"emojis": ["🤦","🤦‍","🥴"]
        },
        {
          "image_file": "12.webp"
        ,"emojis": ["🥺","😫","🥴"]
        },
        {
          "image_file": "13.webp"
        ,"emojis": ["😕","😥","😦"]
        },
        {
          "image_file": "14.webp"
        ,"emojis": ["🤦","🤦","🥴"]
        },
        {
          "image_file": "15.webp"
        ,"emojis": ["🥺","😫","🥴"]
        },
        {
          "image_file": "16.webp"
        ,"emojis": ["🤦","🤦‍","🥴"]
        },
        {
          "image_file": "17.webp"
        ,"emojis": ["🥺","😫","🥴"]
        },
        {
          "image_file": "18.webp"
        ,"emojis": ["😕","😥","😦"]
        }
      ]
    },
    {
      "identifier": "3",
      "name": "Vadivelu 3",
      "publisher": "GANESH",
      "tray_image_file": "pack2.webp",
      "image_data_version":"1",
      "avoid_cache":false,
      "publisher_email":"",
      "publisher_website": "",
      "privacy_policy_website": "",
      "license_agreement_website": "",
      "stickers": [
        {
          "image_file": "1.webp"
        ,"emojis": ["🤔","😬","😝"]
        },
        {
          "image_file": "2.webp"
        ,"emojis": ["😳","😱","😯"]
        },
        {
          "image_file": "3.webp"
        ,"emojis": ["😳","🤦‍♀️","🙆‍♀️"]
        },
        {
          "image_file": "4.webp"
        ,"emojis": ["🤔","😯","🥺"]
        },
        {
          "image_file": "5.webp"
        ,"emojis": ["🤔","😯","🥺"]
        },
        {
          "image_file": "6.webp"
        ,"emojis": ["😳","🥺","😲"]
        },
        {
          "image_file": "7.webp"
        ,"emojis": ["😬","🤔","🙆‍♀️"]
        },
        {
          "image_file": "8.webp"
        ,"emojis": ["😳","🧐","😧"]
        },
        {
          "image_file": "9.webp"
        ,"emojis": ["😳","😯","😲"]
        },
        {
          "image_file": "10.webp"
        ,"emojis": ["🙁","😩","🙄"]
        },
        {
          "image_file": "11.webp"
        ,"emojis": ["😲","😨","☹️"]
        },
        {
          "image_file": "12.webp"
        ,"emojis": ["📞","📱","☎️"]
        },
        {
          "image_file": "13.webp"
        ,"emojis": ["📞","📱","☎️"]
        },
        {
          "image_file": "14.webp"
        ,"emojis": ["😲","😨","☹️"]
        },
        {
          "image_file": "15.webp"
        ,"emojis": ["😲","😨","☹️"]
        },
        {
          "image_file": "16.webp"
        ,"emojis": ["😲","😨","☹️"]
        },
        {
          "image_file": "17.webp"
        ,"emojis": ["😲","😨","☹️"]
        },
        {
          "image_file": "18.webp"
        ,"emojis": ["😲","😨","☹️"]
        },
        {
          "image_file": "19.webp"
        ,"emojis": ["😲","😨","☹️"]
        },
        {
          "image_file": "20.webp"
        ,"emojis": ["😲","😨","☹️"]
        },
        {
          "image_file": "21.webp"
        ,"emojis": ["😲","😨","☹️"]
        },
        {
          "image_file": "22.webp"
        ,"emojis": ["😲","😨","☹️"]
        },
        {
          "image_file": "23.webp"
        ,"emojis": ["🙆‍♀️","🙆‍♂️","🤔"]
        },
        {
          "image_file": "24.webp"
        ,"emojis": ["😜","🤯","😯"]
        },
        {
          "image_file": "25.webp"
        ,"emojis": ["🤪","😆","🤣"]
        },
        {
          "image_file": "26.webp"
        ,"emojis": ["😛","😝","😜"]
        },
        {
          "image_file": "27.webp"
        ,"emojis": ["👻","👹","🤣"]
        }
      ]
    },
    {
      "identifier": "4",
      "name": "Vadivelu 4",
      "publisher": "GANESH",
      "tray_image_file": "pack9.webp",
      "image_data_version":"1",
      "avoid_cache":false,
      "publisher_email":"",
      "publisher_website": "",
      "privacy_policy_website": "",
      "license_agreement_website": "",
      "stickers": [
        {
          "image_file": "1.webp"
        ,"emojis": ["😫","😖","😫"]
        },
        {
          "image_file": "2.webp"
        ,"emojis": ["😭","😣","😖"]
        },
        {
          "image_file": "3.webp"
        ,"emojis": ["😰","😭","😵"]
        },
        {
          "image_file": "4.webp"
        ,"emojis": ["🤦‍♀️","🤦‍♂️","🙆‍♀️"]
        },
        {
          "image_file": "5.webp"
        ,"emojis": ["😢","😭","😩"]
        },
        {
          "image_file": "6.webp"
        ,"emojis": ["😢","😭","😫"]
        },
        {
          "image_file": "7.webp"
        ,"emojis": ["😁","😬","🤐"]
        },
        {
          "image_file": "8.webp"
        ,"emojis": ["🥴","😟","🙄"]
        },
        {
          "image_file": "9.webp"
        ,"emojis": ["🙆‍♀️","🤦‍♀️","🙆‍♂️"]
        },
        {
          "image_file": "10.webp"
        ,"emojis": ["😏","😕","🥺"]
        },
        {
          "image_file": "11.webp"
        ,"emojis": ["🤔","😒","🤨"]
        },
        {
          "image_file": "12.webp"
        ,"emojis": ["🤨","🧐","😏"]
        },
        {
          "image_file": "13.webp"
        ,"emojis": ["🤨","🧐","😏"]
        },
        {
          "image_file": "14.webp"
        ,"emojis": ["🤔","😒","🤨"]
        },
        {
          "image_file": "15.webp"
        ,"emojis": ["🤨","🧐","😏"]
        },
        {
          "image_file": "16.webp"
        ,"emojis": ["🤨","🧐","😏"]
        }
      ]
    },
    {
      "identifier": "5",
      "name": "Vadivelu 5",
      "publisher": "GANESH",
      "tray_image_file": "pack10.webp",
      "image_data_version":"1",
      "avoid_cache":false,
      "publisher_email":"",
      "publisher_website": "",
      "privacy_policy_website": "",
      "license_agreement_website": "",
      "stickers": [
        {
          "image_file": "1.webp"
        ,"emojis": ["🤔","🧐","😬"]
        },
        {
          "image_file": "2.webp"
        ,"emojis": ["😂","🤣","😆"]
        },
        {
          "image_file": "3.webp"
        ,"emojis": ["😠","😡","😾"]
        },
        {
          "image_file": "4.webp"
        ,"emojis": ["🤔","😯","😲"]
        },
        {
          "image_file": "5.webp"
        ,"emojis": ["🤔","🙆‍♀️","🧐"]
        },
        {
          "image_file": "6.webp"
        ,"emojis": ["😝","😛","😜"]
        },
        {
          "image_file": "7.webp"
        ,"emojis": ["🤔","☺️","😊"]
        },
        {
          "image_file": "8.webp"
        ,"emojis": ["🤓","🤭","😧"]
        },
        {
          "image_file": "9.webp"
        ,"emojis": ["😬","😄","😇"]
        },
        {
          "image_file": "10.webp"
        ,"emojis": ["😏","😼","🤪"]
        },
        {
          "image_file": "11.webp"
        ,"emojis": ["🤔","🥴","🥺"]
        },
        {
          "image_file": "12.webp"
        ,"emojis": ["🤫","🤐","🥴"]
        },
        {
          "image_file": "13.webp"
        ,"emojis": ["😬","😄","😇"]
        },
        {
          "image_file": "14.webp"
        ,"emojis": ["😏","😼","🤪"]
        },
        {
          "image_file": "15.webp"
        ,"emojis": ["🤔","🥴","🥺"]
        },
        {
          "image_file": "16.webp"
        ,"emojis": ["🤫","🤐","🥴"]
        },
        {
          "image_file": "17.webp"
        ,"emojis": ["😬","😄","😇"]
        },
        {
          "image_file": "18.webp"
        ,"emojis": ["😏","😼","🤪"]
        },
        {
          "image_file": "19.webp"
        ,"emojis": ["🤔","🥴","🥺"]
        }
      ]
    },
    {
      "identifier": "6",
      "name": "Vadivelu 6",
      "publisher": "GANESH",
      "tray_image_file": "pack7.webp",
      "image_data_version":"1",
      "avoid_cache":false,
      "publisher_email":"",
      "publisher_website": "",
      "privacy_policy_website": "",
      "license_agreement_website": "",
      "stickers": [
        {
          "image_file": "1.webp"
        ,"emojis": ["🤨","🧐","😠"]
        },
        {
          "image_file": "2.webp"
        ,"emojis": ["😠","😡","😾"]
        },
        {
          "image_file": "3.webp"
        ,"emojis": ["😠","😡","👿"]
        },
        {
          "image_file": "4.webp"
        ,"emojis": ["😾","👿","😠"]
        },
        {
          "image_file": "5.webp"
        ,"emojis": ["👊","🤦‍♀️","🙆‍♂️"]
        },
        {
          "image_file": "6.webp"
        ,"emojis": ["😏","😕","☹️"]
        },
        {
          "image_file": "7.webp"
        ,"emojis": ["😜","😝","🤪"]
        },
        {
          "image_file": "8.webp"
        ,"emojis": ["😬","😛","🤪"]
        },
        {
          "image_file": "9.webp"
        ,"emojis": ["🥴","🙆","🙆‍♀️"]
        },
        {
          "image_file": "10.webp"
        ,"emojis": ["😵","😩","😟"]
        },
        {
          "image_file": "11.webp"
        ,"emojis": ["🥴","🙆","🙆‍♀️"]
        },
        {
          "image_file": "12.webp"
        ,"emojis": ["😵","😩","😟"]
        },
        {
          "image_file": "13.webp"
        ,"emojis": ["😵","😩","😟"]
        },
        {
          "image_file": "14.webp"
        ,"emojis": ["🥴","🙆","🙆‍♀️"]
        },
        {
          "image_file": "15.webp"
        ,"emojis": ["😵","😩","😟"]
        },
        {
          "image_file": "16.webp"
        ,"emojis": ["😵","😩","😟"]
        }
      ]
    },
    {
      "identifier": "7",
      "name": "Vadivelu 7",
      "publisher": "GANESH",
      "tray_image_file": "pack8.webp",
      "image_data_version":"1",
      "avoid_cache":false,
      "publisher_email":"",
      "publisher_website": "",
      "privacy_policy_website": "",
      "license_agreement_website": "",
      "stickers": [
        {
          "image_file": "1.webp"
        ,"emojis": ["😠","👊","😡"]
        },
        {
          "image_file": "2.webp"
        ,"emojis": ["😁","🤭","😂"]
        },
        {
          "image_file": "3.webp"
        ,"emojis": ["😠","😾","🤐"]
        },
        {
          "image_file": "4.webp"
        ,"emojis": ["🙄","🧐","😨"]
        },
        {
          "image_file": "5.webp"
        ,"emojis": ["😠","😡","🤦‍♀"]
        },
        {
          "image_file": "6.webp"
        ,"emojis": ["😛","😝","😜"]
        },
        {
          "image_file": "7.webp"
        ,"emojis": ["🧐","😝","😁"]
        },
        {
          "image_file": "8.webp"
        ,"emojis": ["🥴","🤐","🤫"]
        },
        {
          "image_file": "9.webp"
        ,"emojis": ["🤔","🤐","😵"]
        },
        {
          "image_file": "10.webp"
        ,"emojis": ["🙄","🥺","😭"]
        },
        {
          "image_file": "11.webp"
        ,"emojis": ["🥴","😥","😣"]
        },
        {
          "image_file": "12.webp"
        ,"emojis": ["😭","😫","😩"]
        },
        {
          "image_file": "13.webp"
        ,"emojis": ["🤔","🤐","😵"]
        },
        {
          "image_file": "14.webp"
        ,"emojis": ["🙄","🥺","😭"]
        },
        {
          "image_file": "15.webp"
        ,"emojis": ["🥴","😥","😣"]
        },
        {
          "image_file": "16.webp"
        ,"emojis": ["😭","😫","😩"]
        },
        {
          "image_file": "17.webp"
        ,"emojis": ["🤔","🤐","😵"]
        },
        {
          "image_file": "18.webp"
        ,"emojis": ["🙄","🥺","😭"]
        },
        {
          "image_file": "19.webp"
        ,"emojis": ["🥴","😥","😣"]
        },
        {
          "image_file": "20.webp"
        ,"emojis": ["😭","😫","😩"]
        },
        {
          "image_file": "21.webp"
        ,"emojis": ["🤔","🤐","😵"]
        },
        {
          "image_file": "22.webp"
        ,"emojis": ["🙄","🥺","😭"]
        },
        {
          "image_file": "23.webp"
        ,"emojis": ["🥴","😥","😣"]
        },
        {
          "image_file": "24.webp"
        ,"emojis": ["😭","😫","😩"]
        },
        {
          "image_file": "25.webp"
        ,"emojis": ["🙄","🥺","😭"]
        },
        {
          "image_file": "26.webp"
        ,"emojis": ["🥴","😥","😣"]
        },
        {
          "image_file": "27.webp"
        ,"emojis": ["😭","😫","😩"]
        },
        {
          "image_file": "28.webp"
        ,"emojis": ["🙄","🥺","😭"]
        },
        {
          "image_file": "29.webp"
        ,"emojis": ["🥴","😥","😣"]
        },
        {
          "image_file": "30.webp"
        ,"emojis": ["😭","😫","😩"]
        }
      ]
    },
    {
      "identifier": "8",
      "name": "Vadivelu 8",
      "publisher": "GANESH",
      "tray_image_file": "pack5.webp",
      "image_data_version":"1",
      "avoid_cache":false,
      "publisher_email":"",
      "publisher_website": "",
      "privacy_policy_website": "",
      "license_agreement_website": "",
      "stickers": [
        {
          "image_file": "1.webp"
        ,"emojis": ["🧐","😩","🙄"]
        },
        {
          "image_file": "2.webp"
        ,"emojis": ["🤔","😨","☹️"]
        },
        {
          "image_file": "3.webp"
        ,"emojis": ["🤦‍♂️","🤦‍♀️","🥴"]
        },
        {
          "image_file": "4.webp"
        ,"emojis": ["🥺","😒","😣"]
        },
        {
          "image_file": "5.webp"
        ,"emojis": ["🤯","😳","😲"]
        },
        {
          "image_file": "6.webp"
        ,"emojis": ["😨","🤨","😠"]
        },
        {
          "image_file": "7.webp"
        ,"emojis": ["🤦‍♀️","🙆‍♂️","🤦‍♂️"]
        },
        {
          "image_file": "8.webp"
        ,"emojis": ["🤔","😁","🙆‍♀️"]
        },
        {
          "image_file": "9.webp"
        ,"emojis": ["😬","😨","😛"]
        },
        {
          "image_file": "10.webp"
        ,"emojis": ["🧐","🥺","😟"]
        },
        {
          "image_file": "11.webp"
        ,"emojis": ["😭","😩","😣"]
        },
        {
          "image_file": "12.webp"
        ,"emojis": ["🙄","😲","😦"]
        },
        {
          "image_file": "13.webp"
        ,"emojis": ["🙄","😲","😦"]
        },
		{
          "image_file": "14.webp"
        ,"emojis": ["🧐","🥺","😟"]
        },
        {
          "image_file": "15.webp"
        ,"emojis": ["😭","😩","😣"]
        },
        {
          "image_file": "16.webp"
        ,"emojis": ["🙄","😲","😦"]
        },
        {
          "image_file": "17.webp"
        ,"emojis": ["🙄","😲","😦"]
        },
		{
          "image_file": "18.webp"
        ,"emojis": ["🧐","🥺","😟"]
        },
        {
          "image_file": "19.webp"
        ,"emojis": ["😭","😩","😣"]
        },
        {
          "image_file": "20.webp"
        ,"emojis": ["🙄","😲","😦"]
        },
        {
          "image_file": "21.webp"
        ,"emojis": ["🙄","😲","😦"]
        },
		{
          "image_file": "22.webp"
        ,"emojis": ["🧐","🥺","😟"]
        },
        {
          "image_file": "23.webp"
        ,"emojis": ["😭","😩","😣"]
        },
        {
          "image_file": "24.webp"
        ,"emojis": ["🙄","😲","😦"]
        },
        {
          "image_file": "25.webp"
        ,"emojis": ["🙄","😲","😦"]
        }
      ]
    },
    {
      "identifier": "9",
      "name": "Vadivelu 9",
      "publisher": "GANESH",
      "tray_image_file": "pack6.webp",
      "image_data_version":"1",
      "avoid_cache":false,
      "publisher_email":"",
      "publisher_website": "",
      "privacy_policy_website": "",
      "license_agreement_website": "",
      "stickers": [
        {
          "image_file": "1.webp"
        ,"emojis": ["😨","🤔","🥺"]
        },
        {
          "image_file": "2.webp"
        ,"emojis": ["😠","😨","😟"]
        },
        {
          "image_file": "3.webp"
        ,"emojis": ["😝","😛","🤪"]
        },
        {
          "image_file": "4.webp"
        ,"emojis": ["🙆‍♀️","🤦‍♀️","🙆‍♂️"]
        },
        {
          "image_file": "5.webp"
        ,"emojis": ["🙆‍♀️","🤦‍♀️","🤷‍♀️"]
        },
        {
          "image_file": "6.webp"
        ,"emojis": ["🤷‍♀️","🤷‍♂️","😬"]
        },
        {
          "image_file": "7.webp"
        ,"emojis": ["😝","😛","🤪"]
        },
        {
          "image_file": "8.webp"
        ,"emojis": ["🤔","🥴","☹️"]
        },
        {
          "image_file": "9.webp"
        ,"emojis": ["🤯","😳","🙄"]
        },
        {
          "image_file": "10.webp"
        ,"emojis": ["😨","🤐","😧"]
        },
        {
          "image_file": "11.webp"
        ,"emojis": ["🙄","😯","😦"]
        },
        {
          "image_file": "12.webp"
        ,"emojis": ["🤫","😳","😯"]
        },
		{
          "image_file": "13.webp"
        ,"emojis": ["🤔","🥴","☹️"]
        },
        {
          "image_file": "14.webp"
        ,"emojis": ["🤯","😳","🙄"]
        },
        {
          "image_file": "15.webp"
        ,"emojis": ["😨","🤐","😧"]
        },
        {
          "image_file": "16.webp"
        ,"emojis": ["🙄","😯","😦"]
        },
        {
          "image_file": "17.webp"
        ,"emojis": ["🤫","😳","😯"]
        },
		{
          "image_file": "18.webp"
        ,"emojis": ["😨","🤐","😧"]
        },
        {
          "image_file": "19.webp"
        ,"emojis": ["🙄","😯","😦"]
        },
        {
          "image_file": "20.webp"
        ,"emojis": ["🤫","😳","😯"]
        }
      ]
    },
    {
      "identifier": "10",
      "name": "Vadivelu 10",
      "publisher": "GANESH",
      "tray_image_file": "pack3.webp",
      "image_data_version":"1",
      "avoid_cache":false,
      "publisher_email":"",
      "publisher_website": "",
      "privacy_policy_website": "",
      "license_agreement_website": "",
      "stickers": [
        {
          "image_file": "1.webp"
        ,"emojis": ["😠","😡"]
        },
        {
          "image_file": "2.webp"
        ,"emojis": ["😠","😡"]
        },
        {
          "image_file": "3.webp"
        ,"emojis": ["😠","😡"]
        },
        {
          "image_file": "4.webp"
        ,"emojis": ["😠","😡","🥺"]
        },
        {
          "image_file": "5.webp"
        ,"emojis": ["😠","😡","👿"]
        },
        {
          "image_file": "6.webp"
        ,"emojis": ["😠","😡","👿"]
        },
        {
          "image_file": "7.webp"
        ,"emojis": ["😠","😡","👿"]
        },
        {
          "image_file": "8.webp"
        ,"emojis": ["😠","😡","👿"]
        },
        {
          "image_file": "9.webp"
        ,"emojis": ["😠","😡","👿"]
        },
        {
          "image_file": "10.webp"
        ,"emojis": ["😠","😡","👿"]
        },
        {
          "image_file": "11.webp"
        ,"emojis": ["😠","😡","👿"]
        },
        {
          "image_file": "12.webp"
        ,"emojis": ["😠","😡","👿"]
        },
        {
          "image_file": "13.webp"
        ,"emojis": ["😠","😡","👿"]
        },
        {
          "image_file": "14.webp"
        ,"emojis": ["😠","😡","👿"]
        },
        {
          "image_file": "15.webp"
        ,"emojis": ["😠","😡","👿"]
        },
        {
          "image_file": "16.webp"
        ,"emojis": ["😠","😡","👿"]
        },
        {
          "image_file": "17.webp"
        ,"emojis": ["😠","😡","👿"]
        },
        {
          "image_file": "18.webp"
        ,"emojis": ["😠","😡","👿"]
        },
        {
          "image_file": "19.webp"
        ,"emojis": ["😠","😡","👿"]
        },
        {
          "image_file": "20.webp"
        ,"emojis": ["😠","😡","👿"]
        },
        {
          "image_file": "21.webp"
        ,"emojis": ["😠","😡","👿"]
        },
        {
          "image_file": "22.webp"
        ,"emojis": ["😠","😡","👿"]
        },
        {
          "image_file": "23.webp"
        ,"emojis": ["😠","😡","👿"]
        },
        {
          "image_file": "24.webp"
        ,"emojis": ["😠","😡","👿"]
        },
        {
          "image_file": "25.webp"
        ,"emojis": ["😠","😡","👿"]
        },
        {
          "image_file": "26.webp"
        ,"emojis": ["😠","😡","👿"]
        },
        {
          "image_file": "27.webp"
        ,"emojis": ["😠","😡","👿"]
        },
        {
          "image_file": "28.webp"
        ,"emojis": ["😠","😡","👿"]
        },
        {
          "image_file": "29.webp"
        ,"emojis": ["😠","😡","👿"]
        },
        {
          "image_file": "30.webp"
        ,"emojis": ["😠","😡","👿"]
        }
      ]
    }
  ]
}