{
  "android_play_store_link": "https://play.google.com/store/apps/dev?id=7005991582347466621",
  "ios_app_store_link": "",
  "sticker_packs": [
    {
      "identifier": "1",
      "name": "Christmas 1",
      "publisher": "GANESH",
      "tray_image_file": "icon.png",
      "image_data_version":"1",
      "avoid_cache":false,
      "publisher_email":"feedbacktomyapp@gmail.com",
      "animated_sticker_pack": false,
      "publisher_website": "https://sites.google.com/view/programmingwithganesh/home",
      "privacy_policy_website": "https://sites.google.com/view/programmingwithganesh/home",
      "license_agreement_website": "https://sites.google.com/view/programmingwithganesh/home",
      "stickers": [
        {
          "image_file": "01.webp",
          "emojis": ["☕","🙂"]
        },
        {
          "image_file": "02.webp",
          "emojis": ["😄","😀"]
        },
        {
          "image_file": "03.webp",
          "emojis": ["😆","😂"]
        },
        {
          "image_file": "04.webp",
          "emojis": ["😩","😰"]
        },
        {
          "image_file": "05.webp",
          "emojis": ["😭","💧"]
        },
        {
          "image_file": "06.webp",
          "emojis": ["😍","♥"]
        },
        {
          "image_file": "07.webp",
          "emojis": ["💔","👎"]
        },
        {
          "image_file": "08.webp",
          "emojis": ["😍","💑"]
        },
        {
          "image_file": "09.webp",
          "emojis": ["😘","🍪"]
        },
        {
          "image_file": "10.webp",
          "emojis": ["🤔","😐"]
        },
        {
          "image_file": "11.webp",
          "emojis": ["☕","🙂"]
        },
        {
          "image_file": "12.webp",
          "emojis": ["😄","😀"]
        },
        {
          "image_file": "13.webp",
          "emojis": ["😆","😂"]
        },
        {
          "image_file": "14.webp",
          "emojis": ["😩","😰"]
        },
        {
          "image_file": "15.webp",
          "emojis": ["😭","💧"]
        },
        {
          "image_file": "16.webp",
          "emojis": ["😍","♥"]
        },
        {
          "image_file": "17.webp",
          "emojis": ["💔","👎"]
        },
        {
          "image_file": "18.webp",
          "emojis": ["😍","💑"]
        },
        {
          "image_file": "19.webp",
          "emojis": ["😘","🍪"]
        },
        {
          "image_file": "20.webp",
          "emojis": ["🤔","😐"]
        },
        {
          "image_file": "21.webp",
          "emojis": ["☕","🙂"]
        },
        {
          "image_file": "22.webp",
          "emojis": ["😄","😀"]
        },
        {
          "image_file": "23.webp",
          "emojis": ["😆","😂"]
        },
        {
          "image_file": "24.webp",
          "emojis": ["😩","😰"]
        },
        {
          "image_file": "25.webp",
          "emojis": ["😭","💧"]
        },
        {
          "image_file": "26.webp",
          "emojis": ["😍","♥"]
        },
        {
          "image_file": "27.webp",
          "emojis": ["💔","👎"]
        },
        {
          "image_file": "28.webp",
          "emojis": ["😍","♥"]
        },
        {
          "image_file": "29.webp",
          "emojis": ["💔","👎"]
        }
      ]
    },
    {
      "identifier": "2",
      "name": "Christmas 2",
      "publisher": "GANESH",
      "tray_image_file": "icon.png",
      "image_data_version":"1",
      "avoid_cache":false,
      "publisher_email":"feedbacktomyapp@gmail.com",
      "animated_sticker_pack": false,
      "publisher_website": "https://sites.google.com/view/programmingwithganesh/home",
      "privacy_policy_website": "https://sites.google.com/view/programmingwithganesh/home",
      "license_agreement_website": "https://sites.google.com/view/programmingwithganesh/home",
      "stickers": [
        {
          "image_file": "01.webp",
          "emojis": ["☕","🙂"]
        },
        {
          "image_file": "02.webp",
          "emojis": ["😄","😀"]
        },
        {
          "image_file": "03.webp",
          "emojis": ["😆","😂"]
        },
        {
          "image_file": "04.webp",
          "emojis": ["😩","😰"]
        },
        {
          "image_file": "05.webp",
          "emojis": ["😭","💧"]
        },
        {
          "image_file": "06.webp",
          "emojis": ["😍","♥"]
        },
        {
          "image_file": "07.webp",
          "emojis": ["💔","👎"]
        },
        {
          "image_file": "08.webp",
          "emojis": ["😍","💑"]
        }
      ]
    },
    {
      "identifier": "3",
      "name": "Christmas 3",
      "publisher": "GANESH",
      "tray_image_file": "icon.png",
      "image_data_version":"1",
      "avoid_cache":false,
      "publisher_email":"feedbacktomyapp@gmail.com",
      "animated_sticker_pack": false,
      "publisher_website": "https://sites.google.com/view/programmingwithganesh/home",
      "privacy_policy_website": "https://sites.google.com/view/programmingwithganesh/home",
      "license_agreement_website": "https://sites.google.com/view/programmingwithganesh/home",
      "stickers": [
        {
          "image_file": "01.webp",
          "emojis": ["☕","🙂"]
        },
        {
          "image_file": "02.webp",
          "emojis": ["😄","😀"]
        },
        {
          "image_file": "03.webp",
          "emojis": ["😆","😂"]
        },
        {
          "image_file": "04.webp",
          "emojis": ["😩","😰"]
        },
        {
          "image_file": "05.webp",
          "emojis": ["😭","💧"]
        },
        {
          "image_file": "06.webp",
          "emojis": ["😍","♥"]
        },
        {
          "image_file": "07.webp",
          "emojis": ["😍","💑"]
        },
        {
          "image_file": "08.webp",
          "emojis": ["😘","🍪"]
        },
        {
          "image_file": "09.webp",
          "emojis": ["🤔","😐"]
        },
        {
          "image_file": "10.webp",
          "emojis": ["😍","💑"]
        },
        {
          "image_file": "11.webp",
          "emojis": ["😘","🍪"]
        },
        {
          "image_file": "12.webp",
          "emojis": ["🤔","😐"]
        }
      ]
    },
    {
      "identifier": "4",
      "name": "Christmas 4",
      "publisher": "GANESH",
      "tray_image_file": "icon.png",
      "image_data_version":"1",
      "avoid_cache":false,
      "publisher_email":"feedbacktomyapp@gmail.com",
      "animated_sticker_pack": false,
      "publisher_website": "https://sites.google.com/view/programmingwithganesh/home",
      "privacy_policy_website": "https://sites.google.com/view/programmingwithganesh/home",
      "license_agreement_website": "https://sites.google.com/view/programmingwithganesh/home",
      "stickers": [
        {
          "image_file": "01.webp",
          "emojis": ["☕","🙂"]
        },
        {
          "image_file": "02.webp",
          "emojis": ["😄","😀"]
        },
        {
          "image_file": "03.webp",
          "emojis": ["😆","😂"]
        },
        {
          "image_file": "04.webp",
          "emojis": ["😩","😰"]
        },
        {
          "image_file": "05.webp",
          "emojis": ["😭","💧"]
        },
        {
          "image_file": "06.webp",
          "emojis": ["😍","♥"]
        },
        {
          "image_file": "07.webp",
          "emojis": ["💔","👎"]
        }
      ]
    },
    {
      "identifier": "5",
      "name": "Christmas 5",
      "publisher": "GANESH",
      "tray_image_file": "icon.png",
      "image_data_version":"1",
      "avoid_cache":false,
      "publisher_email":"feedbacktomyapp@gmail.com",
      "animated_sticker_pack": false,
      "publisher_website": "https://sites.google.com/view/programmingwithganesh/home",
      "privacy_policy_website": "https://sites.google.com/view/programmingwithganesh/home",
      "license_agreement_website": "https://sites.google.com/view/programmingwithganesh/home",
      "stickers": [
        {
          "image_file": "01.webp",
          "emojis": ["☕","🙂"]
        },
        {
          "image_file": "02.webp",
          "emojis": ["😄","😀"]
        },
        {
          "image_file": "03.webp",
          "emojis": ["😆","😂"]
        },
        {
          "image_file": "04.webp",
          "emojis": ["😩","😰"]
        },
        {
          "image_file": "05.webp",
          "emojis": ["😭","💧"]
        },
        {
          "image_file": "06.webp",
          "emojis": ["😍","♥"]
        },
        {
          "image_file": "07.webp",
          "emojis": ["💔","👎"]
        },
        {
          "image_file": "08.webp",
          "emojis": ["😍","💑"]
        },
        {
          "image_file": "09.webp",
          "emojis": ["😘","🍪"]
        },
        {
          "image_file": "10.webp",
          "emojis": ["🤔","😐"]
        },
        {
          "image_file": "11.webp",
          "emojis": ["😍","♥"]
        },
        {
          "image_file": "12.webp",
          "emojis": ["💔","👎"]
        },
        {
          "image_file": "13.webp",
          "emojis": ["😍","💑"]
        },
        {
          "image_file": "14.webp",
          "emojis": ["😘","🍪"]
        },
        {
          "image_file": "15.webp",
          "emojis": ["🤔","😐"]
        }
      ]
    },
    {
      "identifier": "6",
      "name": "Christmas 6",
      "publisher": "GANESH",
      "tray_image_file": "icon.png",
      "image_data_version":"1",
      "avoid_cache":false,
      "publisher_email":"feedbacktomyapp@gmail.com",
      "animated_sticker_pack": false,
      "publisher_website": "https://sites.google.com/view/programmingwithganesh/home",
      "privacy_policy_website": "https://sites.google.com/view/programmingwithganesh/home",
      "license_agreement_website": "https://sites.google.com/view/programmingwithganesh/home",
      "stickers": [
        {
          "image_file": "01.webp",
          "emojis": ["☕","🙂"]
        },
        {
          "image_file": "02.webp",
          "emojis": ["😄","😀"]
        },
        {
          "image_file": "03.webp",
          "emojis": ["😆","😂"]
        },
        {
          "image_file": "04.webp",
          "emojis": ["😩","😰"]
        },
        {
          "image_file": "05.webp",
          "emojis": ["😭","💧"]
        },
        {
          "image_file": "06.webp",
          "emojis": ["😍","♥"]
        },
        {
          "image_file": "07.webp",
          "emojis": ["💔","👎"]
        },
        {
          "image_file": "08.webp",
          "emojis": ["😍","💑"]
        }
      ]
    },
    {
      "identifier": "7",
      "name": "Christmas 7",
      "publisher": "GANESH",
      "tray_image_file": "icon.png",
      "image_data_version":"1",
      "avoid_cache":false,
      "publisher_email":"feedbacktomyapp@gmail.com",
      "animated_sticker_pack": false,
      "publisher_website": "https://sites.google.com/view/programmingwithganesh/home",
      "privacy_policy_website": "https://sites.google.com/view/programmingwithganesh/home",
      "license_agreement_website": "https://sites.google.com/view/programmingwithganesh/home",
      "stickers": [
        {
          "image_file": "01.webp",
          "emojis": ["☕","🙂"]
        },
        {
          "image_file": "02.webp",
          "emojis": ["😄","😀"]
        },
        {
          "image_file": "03.webp",
          "emojis": ["😆","😂"]
        },
        {
          "image_file": "04.webp",
          "emojis": ["😩","😰"]
        },
        {
          "image_file": "05.webp",
          "emojis": ["😭","💧"]
        },
        {
          "image_file": "06.webp",
          "emojis": ["😍","♥"]
        },
        {
          "image_file": "07.webp",
          "emojis": ["💔","👎"]
        },
        {
          "image_file": "08.webp",
          "emojis": ["😍","💑"]
        },
        {
          "image_file": "09.webp",
          "emojis": ["😘","🍪"]
        }
      ]
    },
    {
      "identifier": "8",
      "name": "Christmas 8",
      "publisher": "GANESH",
      "tray_image_file": "icon.png",
      "image_data_version":"1",
      "avoid_cache":false,
      "publisher_email":"feedbacktomyapp@gmail.com",
      "animated_sticker_pack": false,
      "publisher_website": "https://sites.google.com/view/programmingwithganesh/home",
      "privacy_policy_website": "https://sites.google.com/view/programmingwithganesh/home",
      "license_agreement_website": "https://sites.google.com/view/programmingwithganesh/home",
      "stickers": [
        {
          "image_file": "01.webp",
          "emojis": ["☕","🙂"]
        },
        {
          "image_file": "02.webp",
          "emojis": ["😄","😀"]
        },
        {
          "image_file": "03.webp",
          "emojis": ["😆","😂"]
        },
        {
          "image_file": "04.webp",
          "emojis": ["😩","😰"]
        },
        {
          "image_file": "05.webp",
          "emojis": ["😭","💧"]
        },
        {
          "image_file": "06.webp",
          "emojis": ["😍","♥"]
        },
        {
          "image_file": "07.webp",
          "emojis": ["💔","👎"]
        },
        {
          "image_file": "08.webp",
          "emojis": ["😍","💑"]
        },
        {
          "image_file": "09.webp",
          "emojis": ["😘","🍪"]
        }
      ]
    },
    {
      "identifier": "9",
      "name": "Christmas 9",
      "publisher": "GANESH",
      "tray_image_file": "icon.png",
      "image_data_version":"1",
      "avoid_cache":false,
      "publisher_email":"feedbacktomyapp@gmail.com",
      "animated_sticker_pack": false,
      "publisher_website": "https://sites.google.com/view/programmingwithganesh/home",
      "privacy_policy_website": "https://sites.google.com/view/programmingwithganesh/home",
      "license_agreement_website": "https://sites.google.com/view/programmingwithganesh/home",
      "stickers": [
        {
          "image_file": "01.webp",
          "emojis": ["☕","🙂"]
        },
        {
          "image_file": "02.webp",
          "emojis": ["😄","😀"]
        },
        {
          "image_file": "03.webp",
          "emojis": ["😆","😂"]
        },
        {
          "image_file": "04.webp",
          "emojis": ["😩","😰"]
        },
        {
          "image_file": "05.webp",
          "emojis": ["😭","💧"]
        },
        {
          "image_file": "06.webp",
          "emojis": ["😍","♥"]
        },
        {
          "image_file": "07.webp",
          "emojis": ["💔","👎"]
        },
        {
          "image_file": "08.webp",
          "emojis": ["😍","💑"]
        },
        {
          "image_file": "09.webp",
          "emojis": ["😘","🍪"]
        }
      ]
    },
    {
      "identifier": "10",
      "name": "Christmas 10",
      "publisher": "GANESH",
      "tray_image_file": "icon.png",
      "image_data_version":"1",
      "avoid_cache":false,
      "publisher_email":"feedbacktomyapp@gmail.com",
      "animated_sticker_pack": false,
      "publisher_website": "https://sites.google.com/view/programmingwithganesh/home",
      "privacy_policy_website": "https://sites.google.com/view/programmingwithganesh/home",
      "license_agreement_website": "https://sites.google.com/view/programmingwithganesh/home",
      "stickers": [
        {
          "image_file": "01.webp",
          "emojis": ["☕","🙂"]
        },
        {
          "image_file": "02.webp",
          "emojis": ["😄","😀"]
        },
        {
          "image_file": "03.webp",
          "emojis": ["😆","😂"]
        },
        {
          "image_file": "04.webp",
          "emojis": ["😩","😰"]
        },
        {
          "image_file": "05.webp",
          "emojis": ["😭","💧"]
        },
        {
          "image_file": "06.webp",
          "emojis": ["😍","♥"]
        },
        {
          "image_file": "07.webp",
          "emojis": ["💔","👎"]
        },
        {
          "image_file": "08.webp",
          "emojis": ["😍","💑"]
        }
      ]
    },
    {
      "identifier": "11",
      "name": "Christmas 11",
      "publisher": "GANESH",
      "tray_image_file": "icon.png",
      "image_data_version":"1",
      "avoid_cache":false,
      "publisher_email":"feedbacktomyapp@gmail.com",
      "animated_sticker_pack": false,
      "publisher_website": "https://sites.google.com/view/programmingwithganesh/home",
      "privacy_policy_website": "https://sites.google.com/view/programmingwithganesh/home",
      "license_agreement_website": "https://sites.google.com/view/programmingwithganesh/home",
      "stickers": [
        {
          "image_file": "01.webp",
          "emojis": ["☕","🙂"]
        },
        {
          "image_file": "02.webp",
          "emojis": ["😄","😀"]
        },
        {
          "image_file": "03.webp",
          "emojis": ["😆","😂"]
        },
        {
          "image_file": "04.webp",
          "emojis": ["😩","😰"]
        },
        {
          "image_file": "05.webp",
          "emojis": ["😭","💧"]
        },
        {
          "image_file": "06.webp",
          "emojis": ["😍","♥"]
        },
        {
          "image_file": "07.webp",
          "emojis": ["💔","👎"]
        },
        {
          "image_file": "08.webp",
          "emojis": ["😍","💑"]
        },
        {
          "image_file": "09.webp",
          "emojis": ["😘","🍪"]
        }
      ]
    },
    {
      "identifier": "12",
      "name": "Christmas 12",
      "publisher": "GANESH",
      "tray_image_file": "icon.png",
      "image_data_version":"1",
      "avoid_cache":false,
      "publisher_email":"feedbacktomyapp@gmail.com",
      "animated_sticker_pack": false,
      "publisher_website": "https://sites.google.com/view/programmingwithganesh/home",
      "privacy_policy_website": "https://sites.google.com/view/programmingwithganesh/home",
      "license_agreement_website": "https://sites.google.com/view/programmingwithganesh/home",
      "stickers": [
        {
          "image_file": "01.webp",
          "emojis": ["☕","🙂"]
        },
        {
          "image_file": "02.webp",
          "emojis": ["😄","😀"]
        },
        {
          "image_file": "03.webp",
          "emojis": ["😆","😂"]
        },
        {
          "image_file": "04.webp",
          "emojis": ["😩","😰"]
        },
        {
          "image_file": "05.webp",
          "emojis": ["😭","💧"]
        },
        {
          "image_file": "06.webp",
          "emojis": ["😍","♥"]
        },
        {
          "image_file": "07.webp",
          "emojis": ["💔","👎"]
        },
        {
          "image_file": "08.webp",
          "emojis": ["😍","💑"]
        },
        {
          "image_file": "09.webp",
          "emojis": ["😘","🍪"]
        },
        {
          "image_file": "10.webp",
          "emojis": ["🤔","😐"]
        },
        {
          "image_file": "11.webp",
          "emojis": ["😍","♥"]
        },
        {
          "image_file": "12.webp",
          "emojis": ["💔","👎"]
        },
        {
          "image_file": "13.webp",
          "emojis": ["😍","💑"]
        },
        {
          "image_file": "14.webp",
          "emojis": ["😘","🍪"]
        },
        {
          "image_file": "15.webp",
          "emojis": ["🤔","😐"]
        }
      ]
    },
    {
      "identifier": "13",
      "name": "Christmas 13",
       "publisher": "GANESH",
      "tray_image_file": "icon.png",
      "image_data_version":"1",
      "avoid_cache":false,
      "publisher_email":"feedbacktomyapp@gmail.com",
      "animated_sticker_pack": false,
      "publisher_website": "https://sites.google.com/view/programmingwithganesh/home",
      "privacy_policy_website": "https://sites.google.com/view/programmingwithganesh/home",
      "license_agreement_website": "https://sites.google.com/view/programmingwithganesh/home",
      "stickers": [
        {
          "image_file": "01.webp",
          "emojis": ["☕","🙂"]
        },
        {
          "image_file": "02.webp",
          "emojis": ["😄","😀"]
        },
        {
          "image_file": "03.webp",
          "emojis": ["😆","😂"]
        },
        {
          "image_file": "04.webp",
          "emojis": ["😩","😰"]
        },
        {
          "image_file": "05.webp",
          "emojis": ["😭","💧"]
        },
        {
          "image_file": "06.webp",
          "emojis": ["😍","♥"]
        },
        {
          "image_file": "07.webp",
          "emojis": ["💔","👎"]
        },
        {
          "image_file": "08.webp",
          "emojis": ["😍","💑"]
        },
        {
          "image_file": "09.webp",
          "emojis": ["😘","🍪"]
        }
      ]
    },
    {
      "identifier": "14",
      "name": "Christmas 14",
      "publisher": "GANESH",
      "tray_image_file": "icon.png",
      "image_data_version":"1",
      "avoid_cache":false,
      "publisher_email":"feedbacktomyapp@gmail.com",
      "animated_sticker_pack": false,
      "publisher_website": "https://sites.google.com/view/programmingwithganesh/home",
      "privacy_policy_website": "https://sites.google.com/view/programmingwithganesh/home",
      "license_agreement_website": "https://sites.google.com/view/programmingwithganesh/home",
      "stickers": [
        {
          "image_file": "01.webp",
          "emojis": ["☕","🙂"]
        },
        {
          "image_file": "02.webp",
          "emojis": ["😄","😀"]
        },
        {
          "image_file": "03.webp",
          "emojis": ["😆","😂"]
        },
        {
          "image_file": "04.webp",
          "emojis": ["😩","😰"]
        },
        {
          "image_file": "05.webp",
          "emojis": ["😭","💧"]
        },
        {
          "image_file": "06.webp",
          "emojis": ["😍","♥"]
        },
        {
          "image_file": "07.webp",
          "emojis": ["💔","👎"]
        },
        {
          "image_file": "08.webp",
          "emojis": ["😍","💑"]
        },
        {
          "image_file": "09.webp",
          "emojis": ["😘","🍪"]
        },
        {
          "image_file": "10.webp",
          "emojis": ["🤔","😐"]
        },
        {
          "image_file": "11.webp",
          "emojis": ["☕","🙂"]
        },
        {
          "image_file": "12.webp",
          "emojis": ["😄","😀"]
        },
        {
          "image_file": "13.webp",
          "emojis": ["😆","😂"]
        },
        {
          "image_file": "15.webp",
          "emojis": ["😭","💧"]
        },
        {
          "image_file": "16.webp",
          "emojis": ["😍","♥"]
        },
        {
          "image_file": "17.webp",
          "emojis": ["💔","👎"]
        },
        {
          "image_file": "18.webp",
          "emojis": ["😍","💑"]
        },
        {
          "image_file": "19.webp",
          "emojis": ["😘","🍪"]
        },
        {
          "image_file": "20.webp",
          "emojis": ["🤔","😐"]
        },
        {
          "image_file": "21.webp",
          "emojis": ["☕","🙂"]
        },
        {
          "image_file": "22.webp",
          "emojis": ["😄","😀"]
        },
        {
          "image_file": "23.webp",
          "emojis": ["😆","😂"]
        },
        {
          "image_file": "24.webp",
          "emojis": ["😩","😰"]
        },
        {
          "image_file": "25.webp",
          "emojis": ["😭","💧"]
        },
        {
          "image_file": "26.webp",
          "emojis": ["😍","♥"]
        },
        {
          "image_file": "27.webp",
          "emojis": ["💔","👎"]
        }
      ]
    },
    {
      "identifier": "15",
      "name": "Christmas 15",
      "publisher": "GANESH",
      "tray_image_file": "icon.png",
      "image_data_version":"1",
      "avoid_cache":false,
      "publisher_email":"feedbacktomyapp@gmail.com",
      "animated_sticker_pack": false,
      "publisher_website": "https://sites.google.com/view/programmingwithganesh/home",
      "privacy_policy_website": "https://sites.google.com/view/programmingwithganesh/home",
      "license_agreement_website": "https://sites.google.com/view/programmingwithganesh/home",
      "stickers": [
        {
          "image_file": "01.webp",
          "emojis": ["☕","🙂"]
        },
        {
          "image_file": "02.webp",
          "emojis": ["😄","😀"]
        },
        {
          "image_file": "03.webp",
          "emojis": ["😆","😂"]
        },
        {
          "image_file": "04.webp",
          "emojis": ["😩","😰"]
        },
        {
          "image_file": "05.webp",
          "emojis": ["😭","💧"]
        },
        {
          "image_file": "06.webp",
          "emojis": ["😍","♥"]
        },
        {
          "image_file": "07.webp",
          "emojis": ["💔","👎"]
        },
        {
          "image_file": "08.webp",
          "emojis": ["😍","💑"]
        },
        {
          "image_file": "09.webp",
          "emojis": ["😘","🍪"]
        }
      ]
    },
    {
      "identifier": "16",
      "name": "Christmas 16",
      "publisher": "GANESH",
      "tray_image_file": "icon.png",
      "image_data_version":"1",
      "avoid_cache":false,
      "publisher_email":"feedbacktomyapp@gmail.com",
      "animated_sticker_pack": false,
      "publisher_website": "https://sites.google.com/view/programmingwithganesh/home",
      "privacy_policy_website": "https://sites.google.com/view/programmingwithganesh/home",
      "license_agreement_website": "https://sites.google.com/view/programmingwithganesh/home",
      "stickers": [
        {
          "image_file": "01.webp",
          "emojis": ["☕","🙂"]
        },
        {
          "image_file": "02.webp",
          "emojis": ["😄","😀"]
        },
        {
          "image_file": "03.webp",
          "emojis": ["😆","😂"]
        },
        {
          "image_file": "04.webp",
          "emojis": ["😩","😰"]
        },
        {
          "image_file": "05.webp",
          "emojis": ["😭","💧"]
        },
        {
          "image_file": "06.webp",
          "emojis": ["😍","♥"]
        },
        {
          "image_file": "07.webp",
          "emojis": ["💔","👎"]
        },
        {
          "image_file": "08.webp",
          "emojis": ["😍","💑"]
        },
        {
          "image_file": "09.webp",
          "emojis": ["😘","🍪"]
        },
        {
          "image_file": "10.webp",
          "emojis": ["🤔","😐"]
        },
        {
          "image_file": "11.webp",
          "emojis": ["😍","💑"]
        },
        {
          "image_file": "12.webp",
          "emojis": ["😘","🍪"]
        },
        {
          "image_file": "13.webp",
          "emojis": ["🤔","😐"]
        }
      ]
    },
    {
      "identifier": "17",
      "name": "Christmas 17",
      "publisher": "GANESH",
      "tray_image_file": "icon.png",
      "image_data_version":"1",
      "avoid_cache":false,
      "publisher_email":"feedbacktomyapp@gmail.com",
      "animated_sticker_pack": false,
      "publisher_website": "https://sites.google.com/view/programmingwithganesh/home",
      "privacy_policy_website": "https://sites.google.com/view/programmingwithganesh/home",
      "license_agreement_website": "https://sites.google.com/view/programmingwithganesh/home",
      "stickers": [
        {
          "image_file": "01.webp",
          "emojis": ["☕","🙂"]
        },
        {
          "image_file": "02.webp",
          "emojis": ["😄","😀"]
        },
        {
          "image_file": "03.webp",
          "emojis": ["😆","😂"]
        },
        {
          "image_file": "04.webp",
          "emojis": ["😩","😰"]
        },
        {
          "image_file": "05.webp",
          "emojis": ["😭","💧"]
        },
        {
          "image_file": "06.webp",
          "emojis": ["😍","♥"]
        },
        {
          "image_file": "07.webp",
          "emojis": ["💔","👎"]
        },
        {
          "image_file": "08.webp",
          "emojis": ["😍","💑"]
        },
        {
          "image_file": "09.webp",
          "emojis": ["😘","🍪"]
        },
        {
          "image_file": "10.webp",
          "emojis": ["🤔","😐"]
        },
        {
          "image_file": "11.webp",
          "emojis": ["🤔","😐"]
        }
      ]
    },
    {
      "identifier": "18",
      "name": "Christmas 18",
      "publisher": "GANESH",
      "tray_image_file": "icon.png",
      "image_data_version":"1",
      "avoid_cache":false,
      "publisher_email":"feedbacktomyapp@gmail.com",
      "animated_sticker_pack": false,
      "publisher_website": "https://sites.google.com/view/programmingwithganesh/home",
      "privacy_policy_website": "https://sites.google.com/view/programmingwithganesh/home",
      "license_agreement_website": "https://sites.google.com/view/programmingwithganesh/home",
      "stickers": [
        {
          "image_file": "01.webp",
          "emojis": ["☕","🙂"]
        },
        {
          "image_file": "02.webp",
          "emojis": ["😄","😀"]
        },
        {
          "image_file": "03.webp",
          "emojis": ["😆","😂"]
        },
        {
          "image_file": "04.webp",
          "emojis": ["😩","😰"]
        },
        {
          "image_file": "05.webp",
          "emojis": ["😭","💧"]
        },
        {
          "image_file": "06.webp",
          "emojis": ["😍","♥"]
        },
        {
          "image_file": "07.webp",
          "emojis": ["💔","👎"]
        },
        {
          "image_file": "08.webp",
          "emojis": ["😍","💑"]
        },
        {
          "image_file": "09.webp",
          "emojis": ["😘","🍪"]
        },
        {
          "image_file": "10.webp",
          "emojis": ["🤔","😐"]
        },
        {
          "image_file": "11.webp",
          "emojis": ["😘","🍪"]
        },
        {
          "image_file": "12.webp",
          "emojis": ["🤔","😐"]
        }
      ]
    },
    {
      "identifier": "19",
      "name": "Christmas 19",
      "publisher": "GANESH",
      "tray_image_file": "icon.png",
      "image_data_version":"1",
      "avoid_cache":false,
      "publisher_email":"feedbacktomyapp@gmail.com",
      "animated_sticker_pack": false,
      "publisher_website": "https://sites.google.com/view/programmingwithganesh/home",
      "privacy_policy_website": "https://sites.google.com/view/programmingwithganesh/home",
      "license_agreement_website": "https://sites.google.com/view/programmingwithganesh/home",
      "stickers": [
        {
          "image_file": "01.webp",
          "emojis": ["☕","🙂"]
        },
        {
          "image_file": "02.webp",
          "emojis": ["😄","😀"]
        },
        {
          "image_file": "03.webp",
          "emojis": ["😆","😂"]
        },
        {
          "image_file": "04.webp",
          "emojis": ["😩","😰"]
        },
        {
          "image_file": "05.webp",
          "emojis": ["😭","💧"]
        },
        {
          "image_file": "06.webp",
          "emojis": ["😍","♥"]
        },
        {
          "image_file": "07.webp",
          "emojis": ["💔","👎"]
        },
        {
          "image_file": "08.webp",
          "emojis": ["😍","💑"]
        },
        {
          "image_file": "09.webp",
          "emojis": ["😘","🍪"]
        },
        {
          "image_file": "10.webp",
          "emojis": ["🤔","😐"]
        }

      ]
    },
    {
      "identifier": "20",
      "name": "Christmas 20",
      "publisher": "GANESH",
      "tray_image_file": "icon.png",
      "image_data_version":"1",
      "avoid_cache":false,
      "publisher_email":"feedbacktomyapp@gmail.com",
      "animated_sticker_pack": false,
      "publisher_website": "https://sites.google.com/view/programmingwithganesh/home",
      "privacy_policy_website": "https://sites.google.com/view/programmingwithganesh/home",
      "license_agreement_website": "https://sites.google.com/view/programmingwithganesh/home",
      "stickers": [
        {
          "image_file": "01.webp",
          "emojis": ["☕","🙂"]
        },
        {
          "image_file": "02.webp",
          "emojis": ["😄","😀"]
        },
        {
          "image_file": "03.webp",
          "emojis": ["😩","😰"]
        },
        {
          "image_file": "04.webp",
          "emojis": ["😭","💧"]
        },
        {
          "image_file": "05.webp",
          "emojis": ["😍","♥"]
        },
        {
          "image_file": "06.webp",
          "emojis": ["💔","👎"]
        },
        {
          "image_file": "07.webp",
          "emojis": ["😍","💑"]
        },
        {
          "image_file": "08.webp",
          "emojis": ["😍","💑"]
        }
      ]
    },
    {
      "identifier": "21",
      "name": "Christmas 21",
      "publisher": "GANESH",
      "tray_image_file": "icon.png",
      "image_data_version":"1",
      "avoid_cache":false,
      "publisher_email":"feedbacktomyapp@gmail.com",
      "animated_sticker_pack": false,
      "publisher_website": "https://sites.google.com/view/programmingwithganesh/home",
      "privacy_policy_website": "https://sites.google.com/view/programmingwithganesh/home",
      "license_agreement_website": "https://sites.google.com/view/programmingwithganesh/home",
      "stickers": [
        {
          "image_file": "01.webp",
          "emojis": ["☕","🙂"]
        },
        {
          "image_file": "02.webp",
          "emojis": ["😄","😀"]
        },
        {
          "image_file": "03.webp",
          "emojis": ["😆","😂"]
        },
        {
          "image_file": "04.webp",
          "emojis": ["😩","😰"]
        },
        {
          "image_file": "05.webp",
          "emojis": ["😭","💧"]
        },
        {
          "image_file": "06.webp",
          "emojis": ["😍","♥"]
        },
        {
          "image_file": "07.webp",
          "emojis": ["💔","👎"]
        },
        {
          "image_file": "08.webp",
          "emojis": ["😍","💑"]
        },
        {
          "image_file": "09.webp",
          "emojis": ["😘","🍪"]
        },
        {
          "image_file": "10.webp",
          "emojis": ["🤔","😐"]
        },
        {
          "image_file": "11.webp",
          "emojis": ["☕","🙂"]
        },
        {
          "image_file": "12.webp",
          "emojis": ["😄","😀"]
        },
        {
          "image_file": "13.webp",
          "emojis": ["😆","😂"]
        },
        {
          "image_file": "14.webp",
          "emojis": ["😩","😰"]
        },
        {
          "image_file": "15.webp",
          "emojis": ["😭","💧"]
        },
        {
          "image_file": "16.webp",
          "emojis": ["😍","♥"]
        },
        {
          "image_file": "17.webp",
          "emojis": ["💔","👎"]
        },
        {
          "image_file": "18.webp",
          "emojis": ["😍","💑"]
        },
        {
          "image_file": "19.webp",
          "emojis": ["😘","🍪"]
        },
        {
          "image_file": "20.webp",
          "emojis": ["🤔","😐"]
        },
        {
          "image_file": "21.webp",
          "emojis": ["☕","🙂"]
        },
        {
          "image_file": "22.webp",
          "emojis": ["😄","😀"]
        },
        {
          "image_file": "23.webp",
          "emojis": ["😆","😂"]
        },
        {
          "image_file": "24.webp",
          "emojis": ["😩","😰"]
        },
        {
          "image_file": "25.webp",
          "emojis": ["😭","💧"]
        },
        {
          "image_file": "26.webp",
          "emojis": ["😍","♥"]
        },
        {
          "image_file": "27.webp",
          "emojis": ["💔","👎"]
        }
      ]
    },
    {
      "identifier": "22",
      "name": "Christmas 22",
      "publisher": "GANESH",
      "tray_image_file": "icon.png",
      "image_data_version":"1",
      "avoid_cache":false,
      "publisher_email":"feedbacktomyapp@gmail.com",
      "animated_sticker_pack": false,
      "publisher_website": "https://sites.google.com/view/programmingwithganesh/home",
      "privacy_policy_website": "https://sites.google.com/view/programmingwithganesh/home",
      "license_agreement_website": "https://sites.google.com/view/programmingwithganesh/home",
      "stickers": [
        {
          "image_file": "01.webp",
          "emojis": ["☕","🙂"]
        },
        {
          "image_file": "02.webp",
          "emojis": ["😄","😀"]
        },
        {
          "image_file": "03.webp",
          "emojis": ["😆","😂"]
        },
        {
          "image_file": "04.webp",
          "emojis": ["😩","😰"]
        },
        {
          "image_file": "05.webp",
          "emojis": ["😭","💧"]
        },
        {
          "image_file": "06.webp",
          "emojis": ["😍","♥"]
        },
        {
          "image_file": "07.webp",
          "emojis": ["💔","👎"]
        },
        {
          "image_file": "08.webp",
          "emojis": ["😍","💑"]
        },
        {
          "image_file": "09.webp",
          "emojis": ["😘","🍪"]
        },
        {
          "image_file": "10.webp",
          "emojis": ["🤔","😐"]
        },
        {
          "image_file": "11.webp",
          "emojis": ["☕","🙂"]
        },
        {
          "image_file": "12.webp",
          "emojis": ["😄","😀"]
        },
        {
          "image_file": "13.webp",
          "emojis": ["😆","😂"]
        },
        {
          "image_file": "14.webp",
          "emojis": ["😩","😰"]
        },
        {
          "image_file": "15.webp",
          "emojis": ["😭","💧"]
        },
        {
          "image_file": "16.webp",
          "emojis": ["😍","♥"]
        },
        {
          "image_file": "17.webp",
          "emojis": ["💔","👎"]
        },
        {
          "image_file": "18.webp",
          "emojis": ["😍","💑"]
        },
        {
          "image_file": "19.webp",
          "emojis": ["😘","🍪"]
        },
        {
          "image_file": "20.webp",
          "emojis": ["🤔","😐"]
        }
      ]
    }
  ]
}