{
  "android_play_store_link": "",
  "ios_app_store_link": "",
  "sticker_packs": [
    {
      "identifier": "Cute Panda Couple",
      "name": "Cute Panda Couple",
      "publisher": "GANESH",
      "tray_image_file": "icon.png",
      "publisher_email": "feedbacktomyapp@gmail.com",
	    "image_data_version":"1",
      "avoid_cache":false,
      "publisher_website": "https://sites.google.com/view/programmingwithganesh/home",
      "privacy_policy_website": "https://sites.google.com/view/programmingwithganesh/home",
      "license_agreement_website": "https://sites.google.com/view/programmingwithganesh/home",
      "stickers": [
        {
          "image_file": "1.webp"
        },
        {
          "image_file": "2.webp"
        },
        {
          "image_file": "3.webp"
        },
        {
          "image_file": "4.webp"
        },
        {
          "image_file": "5.webp"
        },
        {
          "image_file": "6.webp"
        },
        {
          "image_file": "7.webp"
        },
        {
          "image_file": "8.webp"
        },
        {
          "image_file": "9.webp"
        },
        {
          "image_file": "10.webp"
        },
        {
          "image_file": "11.webp"
        },
        {
          "image_file": "12.webp"
        },

        {
          "image_file": "14.webp"
        },
        {
          "image_file": "15.webp"
        },
        {
          "image_file": "16.webp"
        },
        {
          "image_file": "17.webp"
        },
        {
          "image_file": "18.webp"
        },
        {
          "image_file": "19.webp"
        },
        {
          "image_file": "20.webp"
        },
        {
          "image_file": "21.webp"
        },
        {
          "image_file": "22.webp"
        },
        {
          "image_file": "23.webp"
        },
        {
          "image_file": "24.webp"
        },
        {
          "image_file": "25.webp"
        },
        {
          "image_file": "26.webp"
        },
        {
          "image_file": "27.webp"
        },
        {
          "image_file": "28.webp"
        },
        {
          "image_file": "29.webp"
        },
        {
          "image_file": "30.webp"
        }
      ]
    },
    {
      "identifier": "Funny Expressive panda",
      "name": "Funny Expressive panda",
      "publisher": "GANESH",
      "tray_image_file": "icon.png",
      "publisher_email": "feedbacktomyapp@gmail.com",
	    "image_data_version":"1",
      "avoid_cache":false,
      "publisher_website": "https://sites.google.com/view/programmingwithganesh/home",
      "privacy_policy_website": "https://sites.google.com/view/programmingwithganesh/home",
      "license_agreement_website": "https://sites.google.com/view/programmingwithganesh/home",
      "stickers": [
        {
          "image_file": "1.webp"
        },
        {
          "image_file": "2.webp"
        },
        {
          "image_file": "3.webp"
        },
        {
          "image_file": "4.webp"
        },
        {
          "image_file": "5.webp"
        },
        {
          "image_file": "6.webp"
        },
        {
          "image_file": "7.webp"
        },
        {
          "image_file": "8.webp"
        },
        {
          "image_file": "9.webp"
        },
        {
          "image_file": "10.webp"
        },
        {
          "image_file": "11.webp"
        },
        {
          "image_file": "12.webp"
        },
        {
          "image_file": "13.webp"
        },
        {
          "image_file": "14.webp"
        },
        {
          "image_file": "15.webp"
        },
        {
          "image_file": "16.webp"
        },
        {
          "image_file": "17.webp"
        },
        {
          "image_file": "18.webp"
        },
        {
          "image_file": "19.webp"
        },
        {
          "image_file": "20.webp"
        },
        {
          "image_file": "21.webp"
        },
        {
          "image_file": "22.webp"
        },
        {
          "image_file": "23.webp"
        },
        {
          "image_file": "24.webp"
        },
        {
          "image_file": "25.webp"
        },
        {
          "image_file": "26.webp"
        },
        {
          "image_file": "27.webp"
        },
        {
          "image_file": "28.webp"
        },
        {
          "image_file": "29.webp"
        },
        {
          "image_file": "30.webp"
        }
      ]
    },
    {
      "identifier": "Funny Expressive Panda 2",
      "name": "Funny Expressive Panda 2",
      "publisher": "GANESH",
      "tray_image_file": "icon.png",
      "publisher_email": "feedbacktomyapp@gmail.com",
	    "image_data_version":"1",
      "avoid_cache":false,
      "publisher_website": "https://sites.google.com/view/programmingwithganesh/home",
      "privacy_policy_website": "https://sites.google.com/view/programmingwithganesh/home",
      "license_agreement_website": "https://sites.google.com/view/programmingwithganesh/home",
      "stickers": [
        {
          "image_file": "1.webp"
        },
        {
          "image_file": "2.webp"
        },
        {
          "image_file": "3.webp"
        },
        {
          "image_file": "4.webp"
        },
        {
          "image_file": "5.webp"
        },
        {
          "image_file": "6.webp"
        },
        {
          "image_file": "7.webp"
        },
        {
          "image_file": "8.webp"
        },
        {
          "image_file": "9.webp"
        },
        {
          "image_file": "10.webp"
        },
        {
          "image_file": "11.webp"
        },
        {
          "image_file": "12.webp"
        },
        {
          "image_file": "13.webp"
        },
        {
          "image_file": "14.webp"
        },
        {
          "image_file": "15.webp"
        },
        {
          "image_file": "16.webp"
        },
        {
          "image_file": "17.webp"
        },
        {
          "image_file": "18.webp"
        },
        {
          "image_file": "19.webp"
        },
        {
          "image_file": "20.webp"
        },
        {
          "image_file": "21.webp"
        },
        {
          "image_file": "22.webp"
        },
        {
          "image_file": "23.webp"
        },
        {
          "image_file": "24.webp"
        },
        {
          "image_file": "25.webp"
        },
        {
          "image_file": "26.webp"
        },
        {
          "image_file": "27.webp"
        },
        {
          "image_file": "28.webp"
        },
        {
          "image_file": "29.webp"
        },
        {
          "image_file": "30.webp"
        }
      ]
    },
    {
      "identifier": "Funny Panda Expression",
      "name": "Funny Panda Expression",
      "publisher": "GANESH",
      "tray_image_file": "icon.png",
      "publisher_email": "feedbacktomyapp@gmail.com",
	    "image_data_version":"1",
      "avoid_cache":false,
      "publisher_website": "https://sites.google.com/view/programmingwithganesh/home",
      "privacy_policy_website": "https://sites.google.com/view/programmingwithganesh/home",
      "license_agreement_website": "https://sites.google.com/view/programmingwithganesh/home",
      "stickers": [
        {
          "image_file": "1.webp"
        },
        {
          "image_file": "2.webp"
        },
        {
          "image_file": "3.webp"
        },
        {
          "image_file": "4.webp"
        },
        {
          "image_file": "5.webp"
        },
        {
          "image_file": "6.webp"
        },
        {
          "image_file": "7.webp"
        },
        {
          "image_file": "8.webp"
        },
        {
          "image_file": "9.webp"
        },
        {
          "image_file": "10.webp"
        },
        {
          "image_file": "11.webp"
        },
        {
          "image_file": "12.webp"
        },
        {
          "image_file": "13.webp"
        },
        {
          "image_file": "14.webp"
        },
        {
          "image_file": "15.webp"
        },
        {
          "image_file": "16.webp"
        },
        {
          "image_file": "17.webp"
        },
        {
          "image_file": "18.webp"
        },
        {
          "image_file": "19.webp"
        },
        {
          "image_file": "20.webp"
        },
        {
          "image_file": "21.webp"
        },
        {
          "image_file": "22.webp"
        },
        {
          "image_file": "23.webp"
        }
      ]
    },
    {
      "identifier": "Panda In Space",
      "name": "Panda In Space",
      "publisher": "GANESH",
      "tray_image_file": "icon.png",
      "publisher_email": "feedbacktomyapp@gmail.com",
      "image_data_version":"1",
      "avoid_cache":false,
      "publisher_website": "https://sites.google.com/view/programmingwithganesh/home",
      "privacy_policy_website": "https://sites.google.com/view/programmingwithganesh/home",
      "license_agreement_website": "https://sites.google.com/view/programmingwithganesh/home",
      "stickers": [
        {
          "image_file": "7.webp"
        },
        {
          "image_file": "9.webp"
        },
        {
          "image_file": "8.webp"
        },
        {
          "image_file": "4.webp"
        },
        {
          "image_file": "5.webp"
        },
        {
          "image_file": "6.webp"
        },
        {
          "image_file": "1.webp"
        },
        {
          "image_file": "3.webp"
        },
        {
          "image_file": "2.webp"
        },
        {
          "image_file": "20.webp"
        },
        {
          "image_file": "14.webp"
        },
        {
          "image_file": "18.webp"
        },
        {
          "image_file": "17.webp"
        },
        {
          "image_file": "11.webp"
        },
        {
          "image_file": "19.webp"
        },
        {
          "image_file": "16.webp"
        },
        {
          "image_file": "13.webp"
        },
        {
          "image_file": "12.webp"
        },
        {
          "image_file": "15.webp"
        },
        {
          "image_file": "10.webp"
        },
        {
          "image_file": "28.webp"
        },
        {
          "image_file": "29.webp"
        },
        {
          "image_file": "26.webp"
        },
        {
          "image_file": "27.webp"
        },
        {
          "image_file": "25.webp"
        },
        {
          "image_file": "23.webp"
        },
        {
          "image_file": "24.webp"
        },
        {
          "image_file": "21.webp"
        },
        {
          "image_file": "22.webp"
        },
        {
          "image_file": "30.webp"
        }
      ]
    },
    {
      "identifier": "Cute Expressive Panda",
      "name": "Cute Expressive Panda",
      "publisher": "GANESH",
      "tray_image_file": "icon.png",
      "publisher_email": "feedbacktomyapp@gmail.com",
      "image_data_version":"1",
      "avoid_cache":false,
      "publisher_website": "https://sites.google.com/view/programmingwithganesh/home",
      "privacy_policy_website": "https://sites.google.com/view/programmingwithganesh/home",
      "license_agreement_website": "https://sites.google.com/view/programmingwithganesh/home",
      "stickers": [
        {
          "image_file": "1.webp"
        },
        {
          "image_file": "6.webp"
        },
        {
          "image_file": "9.webp"
        },
        {
          "image_file": "2.webp"
        },
        {
          "image_file": "5.webp"
        },
        {
          "image_file": "4.webp"
        },
        {
          "image_file": "3.webp"
        },
        {
          "image_file": "8.webp"
        },
        {
          "image_file": "7.webp"
        },

        {
          "image_file": "17.webp"
        },
        {
          "image_file": "19.webp"
        },
        {
          "image_file": "15.webp"
        },
        {
          "image_file": "14.webp"
        },
        {
          "image_file": "13.webp"
        },
        {
          "image_file": "12.webp"
        },
        {
          "image_file": "11.webp"
        },
        {
          "image_file": "18.webp"
        },
        {
          "image_file": "16.webp"
        },
        {
          "image_file": "10.webp"
        },
        {
          "image_file": "21.webp"
        },

        {
          "image_file": "26.webp"
        },

        {
          "image_file": "22.webp"
        },
        {
          "image_file": "25.webp"
        },
        {
          "image_file": "23.webp"
        },
        {
          "image_file": "24.webp"
        },

        {
          "image_file": "20.webp"
        }
      ]
    },
    {
      "identifier": "Cute Baby Panda",
      "name": "Cute Baby Panda",
      "publisher": "GANESH",
      "tray_image_file": "icon.png",
      "publisher_email": "feedbacktomyapp@gmail.com",
      "image_data_version":"1",
      "avoid_cache":false,
      "publisher_website": "https://sites.google.com/view/programmingwithganesh/home",
      "privacy_policy_website": "https://sites.google.com/view/programmingwithganesh/home",
      "license_agreement_website": "https://sites.google.com/view/programmingwithganesh/home",
      "stickers": [
        {
          "image_file": "1.webp"
        },
        {
          "image_file": "2.webp"
        },
        {
          "image_file": "3.webp"
        },
        {
          "image_file": "4.webp"
        },
        {
          "image_file": "5.webp"
        },
        {
          "image_file": "6.webp"
        },
        {
          "image_file": "7.webp"
        },
        {
          "image_file": "8.webp"
        },
        {
          "image_file": "9.webp"
        },
        {
          "image_file": "10.webp"
        },
        {
          "image_file": "11.webp"
        },
        {
          "image_file": "12.webp"
        },
        {
          "image_file": "13.webp"
        },
        {
          "image_file": "14.webp"
        }


      ]
    },
    {
      "identifier": "Cute Baby Panda 2",
      "name": "Cute Baby Panda 2",
      "publisher": "GANESH",
      "tray_image_file": "icon.png",
      "publisher_email": "feedbacktomyapp@gmail.com",
      "image_data_version":"1",
      "avoid_cache":false,
      "publisher_website": "https://sites.google.com/view/programmingwithganesh/home",
      "privacy_policy_website": "https://sites.google.com/view/programmingwithganesh/home",
      "license_agreement_website": "https://sites.google.com/view/programmingwithganesh/home",
      "stickers": [

        {
          "image_file": "24.webp"
        },
        {

          "image_file": "23.webp"
        },
        {
          "image_file": "22.webp"
        },
        {
          "image_file": "21.webp"
        },
        {
          "image_file": "20.webp"
        },
        {
          "image_file": "19.webp"
        },
        {
          "image_file": "18.webp"
        },
        {
          "image_file": "17.webp"
        },
        {
          "image_file": "16.webp"
        },

        {
          "image_file": "15.webp"
        },
        {
          "image_file": "14.webp"
        },
        {
          "image_file": "13.webp"
        },
        {
          "image_file": "12.webp"
        },
        {
          "image_file": "11.webp"
        },
        {
          "image_file": "5.webp"
        },
        {
          "image_file": "4.webp"
        },
        {
          "image_file": "10.webp"
        },
        {
          "image_file": "9.webp"
        },
        {
          "image_file": "8.webp"
        },
        {
          "image_file": "7.webp"
        },
        {
          "image_file": "6.webp"
        },
        {
          "image_file": "3.webp"
        },
        {
          "image_file": "2.webp"
        },
        {
          "image_file": "1.webp"
        }
      ]
    },
    {
      "identifier": "Cute Girl Panda",
      "name": "Cute Girl Panda",
      "publisher": "GANESH",
      "tray_image_file": "icon.png",
      "publisher_email": "feedbacktomyapp@gmail.com",
      "image_data_version":"1",
      "avoid_cache":false,
      "publisher_website": "https://sites.google.com/view/programmingwithganesh/home",
      "privacy_policy_website": "https://sites.google.com/view/programmingwithganesh/home",
      "license_agreement_website": "https://sites.google.com/view/programmingwithganesh/home",
      "stickers": [

        {
          "image_file": "20.webp"
        },
        {
          "image_file": "19.webp"
        },
        {
          "image_file": "18.webp"
        },
        {
          "image_file": "17.webp"
        },
        {
          "image_file": "16.webp"
        },

        {
          "image_file": "15.webp"
        },
        {
          "image_file": "14.webp"
        },
        {
          "image_file": "13.webp"
        },
        {
          "image_file": "12.webp"
        },
        {
          "image_file": "11.webp"
        },
        {
          "image_file": "5.webp"
        },
        {
          "image_file": "4.webp"
        },
        {
          "image_file": "10.webp"
        },
        {
          "image_file": "9.webp"
        },
        {
          "image_file": "8.webp"
        },
        {
          "image_file": "7.webp"
        },
        {
          "image_file": "6.webp"
        },
        {
          "image_file": "3.webp"
        },
        {
          "image_file": "2.webp"
        },
        {
          "image_file": "1.webp"
        }
      ]
    },
    {
      "identifier": "Fat Panda",
      "name": "Fat Panda",
      "publisher": "GANESH",
      "tray_image_file": "icon.png",
      "publisher_email": "feedbacktomyapp@gmail.com",
      "image_data_version":"1",
      "avoid_cache":false,
      "publisher_website": "https://sites.google.com/view/programmingwithganesh/home",
      "privacy_policy_website": "https://sites.google.com/view/programmingwithganesh/home",
      "license_agreement_website": "https://sites.google.com/view/programmingwithganesh/home",
      "stickers": [


        {
          "image_file": "16.webp"
        },

        {
          "image_file": "15.webp"
        },
        {
          "image_file": "14.webp"
        },
        {
          "image_file": "13.webp"
        },

        {
          "image_file": "11.webp"
        },
        {
          "image_file": "5.webp"
        },
        {
          "image_file": "4.webp"
        },
        {
          "image_file": "10.webp"
        },
        {
          "image_file": "9.webp"
        },
        {
          "image_file": "8.webp"
        },
        {
          "image_file": "7.webp"
        },
        {
          "image_file": "6.webp"
        },
        {
          "image_file": "3.webp"
        },
        {
          "image_file": "2.webp"
        },
        {
          "image_file": "1.webp"
        }
      ]
    },
    {
      "identifier": "Funny Little Panda",
      "name": "Funny Little Panda",
      "publisher": "GANESH",
      "tray_image_file": "icon.png",
      "publisher_email": "feedbacktomyapp@gmail.com",
      "image_data_version":"1",
      "avoid_cache":false,
      "publisher_website": "https://sites.google.com/view/programmingwithganesh/home",
      "privacy_policy_website": "https://sites.google.com/view/programmingwithganesh/home",
      "license_agreement_website": "https://sites.google.com/view/programmingwithganesh/home",
      "stickers": [


        {
          "image_file": "19.webp"
        },
        {
          "image_file": "18.webp"
        },
        {
          "image_file": "17.webp"
        },
        {
          "image_file": "16.webp"
        },

        {
          "image_file": "15.webp"
        },
        {
          "image_file": "14.webp"
        },
        {
          "image_file": "13.webp"
        },
        {
          "image_file": "12.webp"
        },
        {
          "image_file": "11.webp"
        },
        {
          "image_file": "5.webp"
        },
        {
          "image_file": "4.webp"
        },
        {
          "image_file": "10.webp"
        },
        {
          "image_file": "9.webp"
        },
        {
          "image_file": "8.webp"
        },
        {
          "image_file": "7.webp"
        },
        {
          "image_file": "6.webp"
        },
        {
          "image_file": "3.webp"
        },
        {
          "image_file": "2.webp"
        },
        {
          "image_file": "1.webp"
        }
      ]
    },
    {
      "identifier": "Funny Panda",
      "name": "Funny Panda",
      "publisher": "GANESH",
      "tray_image_file": "icon.png",
      "publisher_email": "feedbacktomyapp@gmail.com",
      "image_data_version":"1",
      "avoid_cache":false,
      "publisher_website": "https://sites.google.com/view/programmingwithganesh/home",
      "privacy_policy_website": "https://sites.google.com/view/programmingwithganesh/home",
      "license_agreement_website": "https://sites.google.com/view/programmingwithganesh/home",
      "stickers": [
        {
          "image_file": "29.webp"
        },
        {
          "image_file": "28.webp"
        },
        {
          "image_file": "27.webp"
        },
        {
          "image_file": "26.webp"
        },
        {
          "image_file": "25.webp"
        },
        {
          "image_file": "24.webp"
        },
        {

          "image_file": "23.webp"
        },
        {
          "image_file": "22.webp"
        },
        {
          "image_file": "21.webp"
        },
        {
          "image_file": "20.webp"
        },
        {
          "image_file": "19.webp"
        },
        {
          "image_file": "18.webp"
        },
        {
          "image_file": "17.webp"
        },
        {
          "image_file": "16.webp"
        },

        {
          "image_file": "15.webp"
        },
        {
          "image_file": "14.webp"
        },
        {
          "image_file": "13.webp"
        },
        {
          "image_file": "12.webp"
        },
        {
          "image_file": "11.webp"
        },
        {
          "image_file": "5.webp"
        },
        {
          "image_file": "4.webp"
        },
        {
          "image_file": "10.webp"
        },
        {
          "image_file": "9.webp"
        },
        {
          "image_file": "8.webp"
        },
        {
          "image_file": "7.webp"
        },
        {
          "image_file": "6.webp"
        },
        {
          "image_file": "3.webp"
        },
        {
          "image_file": "2.webp"
        },
        {
          "image_file": "1.webp"
        }
      ]
    },
    {
      "identifier": "Funny Panda 2",
      "name": "Funny Panda 2",
      "publisher": "GANESH",
      "tray_image_file": "icon.png",
      "publisher_email": "feedbacktomyapp@gmail.com",
      "image_data_version":"1",
      "avoid_cache":false,
      "publisher_website": "https://sites.google.com/view/programmingwithganesh/home",
      "privacy_policy_website": "https://sites.google.com/view/programmingwithganesh/home",
      "license_agreement_website": "https://sites.google.com/view/programmingwithganesh/home",
      "stickers": [

        {
          "image_file": "15.webp"
        },
        {
          "image_file": "14.webp"
        },
        {
          "image_file": "13.webp"
        },
        {
          "image_file": "12.webp"
        },
        {
          "image_file": "11.webp"
        },
        {
          "image_file": "5.webp"
        },
        {
          "image_file": "4.webp"
        },
        {
          "image_file": "10.webp"
        },
        {
          "image_file": "9.webp"
        },
        {
          "image_file": "8.webp"
        },
        {
          "image_file": "7.webp"
        },
        {
          "image_file": "6.webp"
        },
        {
          "image_file": "3.webp"
        },
        {
          "image_file": "2.webp"
        },
        {
          "image_file": "1.webp"
        }
      ]
    },
    {
      "identifier": "Green Baby Panda",
      "name": "Green Baby Panda",
      "publisher": "GANESH",
      "tray_image_file": "icon.png",
      "publisher_email": "feedbacktomyapp@gmail.com",
      "image_data_version":"1",
      "avoid_cache":false,
      "publisher_website": "https://sites.google.com/view/programmingwithganesh/home",
      "privacy_policy_website": "https://sites.google.com/view/programmingwithganesh/home",
      "license_agreement_website": "https://sites.google.com/view/programmingwithganesh/home",
      "stickers": [

        {

          "image_file": "30.webp"
        },
        {
          "image_file": "29.webp"
        },
        {
          "image_file": "28.webp"
        },
        {
          "image_file": "27.webp"
        },
        {
          "image_file": "26.webp"
        },
        {
          "image_file": "25.webp"
        },
        {
          "image_file": "24.webp"
        },
        {

          "image_file": "23.webp"
        },
        {
          "image_file": "22.webp"
        },
        {
          "image_file": "21.webp"
        },
        {
          "image_file": "20.webp"
        },
        {
          "image_file": "19.webp"
        },
        {
          "image_file": "18.webp"
        },
        {
          "image_file": "17.webp"
        },
        {
          "image_file": "16.webp"
        },

        {
          "image_file": "15.webp"
        },
        {
          "image_file": "14.webp"
        },
        {
          "image_file": "13.webp"
        },
        {
          "image_file": "12.webp"
        },
        {
          "image_file": "11.webp"
        },
        {
          "image_file": "5.webp"
        },
        {
          "image_file": "4.webp"
        },
        {
          "image_file": "10.webp"
        },
        {
          "image_file": "9.webp"
        },
        {
          "image_file": "8.webp"
        },
        {
          "image_file": "7.webp"
        },
        {
          "image_file": "6.webp"
        },
        {
          "image_file": "3.webp"
        },
        {
          "image_file": "2.webp"
        },
        {
          "image_file": "1.webp"
        }
      ]
    },
    {
      "identifier": "Little panda",
      "name": "Little panda",
      "publisher": "GANESH",
      "tray_image_file": "icon.png",
      "publisher_email": "feedbacktomyapp@gmail.com",
      "image_data_version":"1",
      "avoid_cache":false,
      "publisher_website": "https://sites.google.com/view/programmingwithganesh/home",
      "privacy_policy_website": "https://sites.google.com/view/programmingwithganesh/home",
      "license_agreement_website": "https://sites.google.com/view/programmingwithganesh/home",
      "stickers": [



        {
          "image_file": "19.webp"
        },
        {
          "image_file": "18.webp"
        },
        {
          "image_file": "17.webp"
        },
        {
          "image_file": "16.webp"
        },

        {
          "image_file": "15.webp"
        },
        {
          "image_file": "14.webp"
        },
        {
          "image_file": "13.webp"
        },
        {
          "image_file": "12.webp"
        },
        {
          "image_file": "11.webp"
        },
        {
          "image_file": "5.webp"
        },
        {
          "image_file": "4.webp"
        },
        {
          "image_file": "10.webp"
        },
        {
          "image_file": "9.webp"
        },
        {
          "image_file": "8.webp"
        },
        {
          "image_file": "7.webp"
        },
        {
          "image_file": "6.webp"
        },
        {
          "image_file": "3.webp"
        },
        {
          "image_file": "2.webp"
        },
        {
          "image_file": "1.webp"
        }
      ]
    },
    {
      "identifier": "Little Panda 2",
      "name": "Little Panda 2",
      "publisher": "GANESH",
      "tray_image_file": "icon.png",
      "publisher_email": "feedbacktomyapp@gmail.com",
      "image_data_version":"1",
      "avoid_cache":false,
      "publisher_website": "https://sites.google.com/view/programmingwithganesh/home",
      "privacy_policy_website": "https://sites.google.com/view/programmingwithganesh/home",
      "license_agreement_website": "https://sites.google.com/view/programmingwithganesh/home",
      "stickers": [


        {
          "image_file": "20.webp"
        },
        {
          "image_file": "19.webp"
        },
        {
          "image_file": "18.webp"
        },
        {
          "image_file": "17.webp"
        },
        {
          "image_file": "16.webp"
        },

        {
          "image_file": "15.webp"
        },
        {
          "image_file": "14.webp"
        },
        {
          "image_file": "13.webp"
        },
        {
          "image_file": "12.webp"
        },
        {
          "image_file": "11.webp"
        },
        {
          "image_file": "5.webp"
        },
        {
          "image_file": "4.webp"
        },
        {
          "image_file": "10.webp"
        },
        {
          "image_file": "9.webp"
        },
        {
          "image_file": "8.webp"
        },
        {
          "image_file": "7.webp"
        },
        {
          "image_file": "6.webp"
        },
        {
          "image_file": "3.webp"
        },
        {
          "image_file": "2.webp"
        },
        {
          "image_file": "1.webp"
        }
      ]
    },
    {
      "identifier": "Pirate Panda",
      "name": "Pirate Panda",
      "publisher": "GANESH",
      "tray_image_file": "icon.png",
      "publisher_email": "feedbacktomyapp@gmail.com",
      "image_data_version":"1",
      "avoid_cache":false,
      "publisher_website": "https://sites.google.com/view/programmingwithganesh/home",
      "privacy_policy_website": "https://sites.google.com/view/programmingwithganesh/home",
      "license_agreement_website": "https://sites.google.com/view/programmingwithganesh/home",
      "stickers": [


        {
          "image_file": "20.webp"
        },
        {
          "image_file": "19.webp"
        },
        {
          "image_file": "18.webp"
        },
        {
          "image_file": "17.webp"
        },
        {
          "image_file": "16.webp"
        },

        {
          "image_file": "15.webp"
        },
        {
          "image_file": "14.webp"
        },
        {
          "image_file": "13.webp"
        },
        {
          "image_file": "12.webp"
        },
        {
          "image_file": "11.webp"
        },
        {
          "image_file": "5.webp"
        },
        {
          "image_file": "4.webp"
        },
        {
          "image_file": "10.webp"
        },
        {
          "image_file": "9.webp"
        },
        {
          "image_file": "8.webp"
        },
        {
          "image_file": "7.webp"
        },
        {
          "image_file": "6.webp"
        },
        {
          "image_file": "3.webp"
        },
        {
          "image_file": "2.webp"
        },
        {
          "image_file": "1.webp"
        }
      ]
    }
  ]
}
