{
  "android_play_store_link": "",
  "ios_app_store_link": "",
  "sticker_packs": [
    {
      "identifier": "Cute Panda Couple",
      "name": "Cute Panda Couple",
      "publisher": "GANESH",
      "tray_image_file": "icon.png",
      "publisher_email": "feedbacktomyapp@gmail.com",
      "image_data_version": "1",
      "avoid_cache": false,
      "publisher_website": "https://sites.google.com/view/programmingwithganesh/home",
      "privacy_policy_website": "https://sites.google.com/view/programmingwithganesh/home",
      "license_agreement_website": "https://sites.google.com/view/programmingwithganesh/home",
      "stickers": [
        {
          "image_file": "1.webp",
          "emojis": [
            "☕",
            "🙂"
          ]
        },
        {
          "image_file": "2.webp",
          "emojis": [
            "☕",
            "🙂"
          ]
        },
        {
          "image_file": "3.webp",
          "emojis": [
            "☕",
            "🙂"
          ]
        },
        {
          "image_file": "4.webp",
          "emojis": [
            "☕",
            "🙂"
          ]
        },
        {
          "image_file": "5.webp",
          "emojis": [
            "☕",
            "🙂"
          ]
        },
        {
          "image_file": "6.webp",
          "emojis": [
            "☕",
            "🙂"
          ]
        },
        {
          "image_file": "7.webp",
          "emojis": [
            "☕",
            "🙂"
          ]
        },
        {
          "image_file": "8.webp",
          "emojis": [
            "☕",
            "🙂"
          ]
        },
        {
          "image_file": "9.webp",
          "emojis": [
            "☕",
            "🙂"
          ]
        },
        {
          "image_file": "10.webp",
          "emojis": [
            "☕",
            "🙂"
          ]
        },
        {
          "image_file": "11.webp",
          "emojis": [
            "☕",
            "🙂"
          ]
        },
        {
          "image_file": "12.webp",
          "emojis": [
            "☕",
            "🙂"
          ]
        },
        {
          "image_file": "14.webp",
          "emojis": [
            "☕",
            "🙂"
          ]
        },
        {
          "image_file": "15.webp",
          "emojis": [
            "☕",
            "🙂"
          ]
        },
        {
          "image_file": "16.webp",
          "emojis": [
            "☕",
            "🙂"
          ]
        },
        {
          "image_file": "17.webp",
          "emojis": [
            "☕",
            "🙂"
          ]
        },
        {
          "image_file": "18.webp",
          "emojis": [
            "☕",
            "🙂"
          ]
        },
        {
          "image_file": "19.webp",
          "emojis": [
            "☕",
            "🙂"
          ]
        },
        {
          "image_file": "20.webp",
          "emojis": [
            "☕",
            "🙂"
          ]
        },
        {
          "image_file": "21.webp",
          "emojis": [
            "☕",
            "🙂"
          ]
        },
        {
          "image_file": "22.webp",
          "emojis": [
            "☕",
            "🙂"
          ]
        },
        {
          "image_file": "23.webp",
          "emojis": [
            "☕",
            "🙂"
          ]
        },
        {
          "image_file": "24.webp",
          "emojis": [
            "☕",
            "🙂"
          ]
        },
        {
          "image_file": "25.webp",
          "emojis": [
            "☕",
            "🙂"
          ]
        },
        {
          "image_file": "26.webp",
          "emojis": [
            "☕",
            "🙂"
          ]
        },
        {
          "image_file": "27.webp",
          "emojis": [
            "☕",
            "🙂"
          ]
        },
        {
          "image_file": "28.webp",
          "emojis": [
            "☕",
            "🙂"
          ]
        },
        {
          "image_file": "29.webp",
          "emojis": [
            "☕",
            "🙂"
          ]
        },
        {
          "image_file": "30.webp"
        }
      ],
      "emojis": [
        "☕",
        "🙂"
      ]
    },
    {
      "identifier": "Funny Expressive panda",
      "name": "Funny Expressive panda",
      "publisher": "GANESH",
      "tray_image_file": "icon.png",
      "publisher_email": "feedbacktomyapp@gmail.com",
      "image_data_version": "1",
      "avoid_cache": false,
      "publisher_website": "https://sites.google.com/view/programmingwithganesh/home",
      "privacy_policy_website": "https://sites.google.com/view/programmingwithganesh/home",
      "license_agreement_website": "https://sites.google.com/view/programmingwithganesh/home",
      "stickers": [
        {
          "image_file": "1.webp",
          "emojis": [
            "☕",
            "🙂"
          ]
        },
        {
          "image_file": "2.webp",
          "emojis": [
            "☕",
            "🙂"
          ]
        },
        {
          "image_file": "3.webp",
          "emojis": [
            "☕",
            "🙂"
          ]
        },
        {
          "image_file": "4.webp",
          "emojis": [
            "☕",
            "🙂"
          ]
        },
        {
          "image_file": "5.webp",
          "emojis": [
            "☕",
            "🙂"
          ]
        },
        {
          "image_file": "6.webp",
          "emojis": [
            "☕",
            "🙂"
          ]
        },
        {
          "image_file": "7.webp",
          "emojis": [
            "☕",
            "🙂"
          ]
        },
        {
          "image_file": "8.webp",
          "emojis": [
            "☕",
            "🙂"
          ]
        },
        {
          "image_file": "9.webp",
          "emojis": [
            "☕",
            "🙂"
          ]
        },
        {
          "image_file": "10.webp",
          "emojis": [
            "☕",
            "🙂"
          ]
        },
        {
          "image_file": "11.webp",
          "emojis": [
            "☕",
            "🙂"
          ]
        },
        {
          "image_file": "12.webp",
          "emojis": [
            "☕",
            "🙂"
          ]
        },
        {
          "image_file": "13.webp",
          "emojis": [
            "☕",
            "🙂"
          ]
        },
        {
          "image_file": "14.webp",
          "emojis": [
            "☕",
            "🙂"
          ]
        },
        {
          "image_file": "15.webp",
          "emojis": [
            "☕",
            "🙂"
          ]
        },
        {
          "image_file": "16.webp",
          "emojis": [
            "☕",
            "🙂"
          ]
        },
        {
          "image_file": "17.webp",
          "emojis": [
            "☕",
            "🙂"
          ]
        },
        {
          "image_file": "18.webp",
          "emojis": [
            "☕",
            "🙂"
          ]
        },
        {
          "image_file": "19.webp",
          "emojis": [
            "☕",
            "🙂"
          ]
        },
        {
          "image_file": "20.webp",
          "emojis": [
            "☕",
            "🙂"
          ]
        },
        {
          "image_file": "21.webp",
          "emojis": [
            "☕",
            "🙂"
          ]
        },
        {
          "image_file": "22.webp",
          "emojis": [
            "☕",
            "🙂"
          ]
        },
        {
          "image_file": "23.webp",
          "emojis": [
            "☕",
            "🙂"
          ]
        },
        {
          "image_file": "24.webp",
          "emojis": [
            "☕",
            "🙂"
          ]
        },
        {
          "image_file": "25.webp",
          "emojis": [
            "☕",
            "🙂"
          ]
        },
        {
          "image_file": "26.webp",
          "emojis": [
            "☕",
            "🙂"
          ]
        },
        {
          "image_file": "27.webp",
          "emojis": [
            "☕",
            "🙂"
          ]
        },
        {
          "image_file": "28.webp",
          "emojis": [
            "☕",
            "🙂"
          ]
        },
        {
          "image_file": "29.webp",
          "emojis": [
            "☕",
            "🙂"
          ]
        },
        {
          "image_file": "30.webp"
        }
      ],
      "emojis": [
        "☕",
        "🙂"
      ]
    },
    {
      "identifier": "Funny Expressive Panda 2",
      "name": "Funny Expressive Panda 2",
      "publisher": "GANESH",
      "tray_image_file": "icon.png",
      "publisher_email": "feedbacktomyapp@gmail.com",
      "image_data_version": "1",
      "avoid_cache": false,
      "publisher_website": "https://sites.google.com/view/programmingwithganesh/home",
      "privacy_policy_website": "https://sites.google.com/view/programmingwithganesh/home",
      "license_agreement_website": "https://sites.google.com/view/programmingwithganesh/home",
      "stickers": [
        {
          "image_file": "1.webp",
          "emojis": [
            "☕",
            "🙂"
          ]
        },
        {
          "image_file": "2.webp",
          "emojis": [
            "☕",
            "🙂"
          ]
        },
        {
          "image_file": "3.webp",
          "emojis": [
            "☕",
            "🙂"
          ]
        },
        {
          "image_file": "4.webp",
          "emojis": [
            "☕",
            "🙂"
          ]
        },
        {
          "image_file": "5.webp",
          "emojis": [
            "☕",
            "🙂"
          ]
        },
        {
          "image_file": "6.webp",
          "emojis": [
            "☕",
            "🙂"
          ]
        },
        {
          "image_file": "7.webp",
          "emojis": [
            "☕",
            "🙂"
          ]
        },
        {
          "image_file": "8.webp",
          "emojis": [
            "☕",
            "🙂"
          ]
        },
        {
          "image_file": "9.webp",
          "emojis": [
            "☕",
            "🙂"
          ]
        },
        {
          "image_file": "10.webp",
          "emojis": [
            "☕",
            "🙂"
          ]
        },
        {
          "image_file": "11.webp",
          "emojis": [
            "☕",
            "🙂"
          ]
        },
        {
          "image_file": "12.webp",
          "emojis": [
            "☕",
            "🙂"
          ]
        },
        {
          "image_file": "13.webp",
          "emojis": [
            "☕",
            "🙂"
          ]
        },
        {
          "image_file": "14.webp",
          "emojis": [
            "☕",
            "🙂"
          ]
        },
        {
          "image_file": "15.webp",
          "emojis": [
            "☕",
            "🙂"
          ]
        },
        {
          "image_file": "16.webp",
          "emojis": [
            "☕",
            "🙂"
          ]
        },
        {
          "image_file": "17.webp",
          "emojis": [
            "☕",
            "🙂"
          ]
        },
        {
          "image_file": "18.webp",
          "emojis": [
            "☕",
            "🙂"
          ]
        },
        {
          "image_file": "19.webp",
          "emojis": [
            "☕",
            "🙂"
          ]
        },
        {
          "image_file": "20.webp",
          "emojis": [
            "☕",
            "🙂"
          ]
        },
        {
          "image_file": "21.webp",
          "emojis": [
            "☕",
            "🙂"
          ]
        },
        {
          "image_file": "22.webp",
          "emojis": [
            "☕",
            "🙂"
          ]
        },
        {
          "image_file": "23.webp",
          "emojis": [
            "☕",
            "🙂"
          ]
        },
        {
          "image_file": "24.webp",
          "emojis": [
            "☕",
            "🙂"
          ]
        },
        {
          "image_file": "25.webp",
          "emojis": [
            "☕",
            "🙂"
          ]
        },
        {
          "image_file": "26.webp",
          "emojis": [
            "☕",
            "🙂"
          ]
        },
        {
          "image_file": "27.webp",
          "emojis": [
            "☕",
            "🙂"
          ]
        },
        {
          "image_file": "28.webp",
          "emojis": [
            "☕",
            "🙂"
          ]
        },
        {
          "image_file": "29.webp",
          "emojis": [
            "☕",
            "🙂"
          ]
        },
        {
          "image_file": "30.webp"
        }
      ],
      "emojis": [
        "☕",
        "🙂"
      ]
    },
    {
      "identifier": "Funny Panda Expression",
      "name": "Funny Panda Expression",
      "publisher": "GANESH",
      "tray_image_file": "icon.png",
      "publisher_email": "feedbacktomyapp@gmail.com",
      "image_data_version": "1",
      "avoid_cache": false,
      "publisher_website": "https://sites.google.com/view/programmingwithganesh/home",
      "privacy_policy_website": "https://sites.google.com/view/programmingwithganesh/home",
      "license_agreement_website": "https://sites.google.com/view/programmingwithganesh/home",
      "stickers": [
        {
          "image_file": "1.webp",
          "emojis": [
            "☕",
            "🙂"
          ]
        },
        {
          "image_file": "2.webp",
          "emojis": [
            "☕",
            "🙂"
          ]
        },
        {
          "image_file": "3.webp",
          "emojis": [
            "☕",
            "🙂"
          ]
        },
        {
          "image_file": "4.webp",
          "emojis": [
            "☕",
            "🙂"
          ]
        },
        {
          "image_file": "5.webp",
          "emojis": [
            "☕",
            "🙂"
          ]
        },
        {
          "image_file": "6.webp",
          "emojis": [
            "☕",
            "🙂"
          ]
        },
        {
          "image_file": "7.webp",
          "emojis": [
            "☕",
            "🙂"
          ]
        },
        {
          "image_file": "8.webp",
          "emojis": [
            "☕",
            "🙂"
          ]
        },
        {
          "image_file": "9.webp",
          "emojis": [
            "☕",
            "🙂"
          ]
        },
        {
          "image_file": "10.webp",
          "emojis": [
            "☕",
            "🙂"
          ]
        },
        {
          "image_file": "11.webp",
          "emojis": [
            "☕",
            "🙂"
          ]
        },
        {
          "image_file": "12.webp",
          "emojis": [
            "☕",
            "🙂"
          ]
        },
        {
          "image_file": "13.webp",
          "emojis": [
            "☕",
            "🙂"
          ]
        },
        {
          "image_file": "14.webp",
          "emojis": [
            "☕",
            "🙂"
          ]
        },
        {
          "image_file": "15.webp",
          "emojis": [
            "☕",
            "🙂"
          ]
        },
        {
          "image_file": "16.webp",
          "emojis": [
            "☕",
            "🙂"
          ]
        },
        {
          "image_file": "17.webp",
          "emojis": [
            "☕",
            "🙂"
          ]
        },
        {
          "image_file": "18.webp",
          "emojis": [
            "☕",
            "🙂"
          ]
        },
        {
          "image_file": "19.webp",
          "emojis": [
            "☕",
            "🙂"
          ]
        },
        {
          "image_file": "20.webp",
          "emojis": [
            "☕",
            "🙂"
          ]
        },
        {
          "image_file": "21.webp",
          "emojis": [
            "☕",
            "🙂"
          ]
        },
        {
          "image_file": "22.webp",
          "emojis": [
            "☕",
            "🙂"
          ]
        },
        {
          "image_file": "23.webp"
        }
      ],
      "emojis": [
        "☕",
        "🙂"
      ]
    },
    {
      "identifier": "Panda In Space",
      "name": "Panda In Space",
      "publisher": "GANESH",
      "tray_image_file": "icon.png",
      "publisher_email": "feedbacktomyapp@gmail.com",
      "image_data_version": "1",
      "avoid_cache": false,
      "publisher_website": "https://sites.google.com/view/programmingwithganesh/home",
      "privacy_policy_website": "https://sites.google.com/view/programmingwithganesh/home",
      "license_agreement_website": "https://sites.google.com/view/programmingwithganesh/home",
      "stickers": [
        {
          "image_file": "7.webp",
          "emojis": [
            "☕",
            "🙂"
          ]
        },
        {
          "image_file": "9.webp",
          "emojis": [
            "☕",
            "🙂"
          ]
        },
        {
          "image_file": "8.webp",
          "emojis": [
            "☕",
            "🙂"
          ]
        },
        {
          "image_file": "4.webp",
          "emojis": [
            "☕",
            "🙂"
          ]
        },
        {
          "image_file": "5.webp",
          "emojis": [
            "☕",
            "🙂"
          ]
        },
        {
          "image_file": "6.webp",
          "emojis": [
            "☕",
            "🙂"
          ]
        },
        {
          "image_file": "1.webp",
          "emojis": [
            "☕",
            "🙂"
          ]
        },
        {
          "image_file": "3.webp",
          "emojis": [
            "☕",
            "🙂"
          ]
        },
        {
          "image_file": "2.webp",
          "emojis": [
            "☕",
            "🙂"
          ]
        },
        {
          "image_file": "20.webp",
          "emojis": [
            "☕",
            "🙂"
          ]
        },
        {
          "image_file": "14.webp",
          "emojis": [
            "☕",
            "🙂"
          ]
        },
        {
          "image_file": "18.webp",
          "emojis": [
            "☕",
            "🙂"
          ]
        },
        {
          "image_file": "17.webp",
          "emojis": [
            "☕",
            "🙂"
          ]
        },
        {
          "image_file": "11.webp",
          "emojis": [
            "☕",
            "🙂"
          ]
        },
        {
          "image_file": "19.webp",
          "emojis": [
            "☕",
            "🙂"
          ]
        },
        {
          "image_file": "16.webp",
          "emojis": [
            "☕",
            "🙂"
          ]
        },
        {
          "image_file": "13.webp",
          "emojis": [
            "☕",
            "🙂"
          ]
        },
        {
          "image_file": "12.webp",
          "emojis": [
            "☕",
            "🙂"
          ]
        },
        {
          "image_file": "15.webp",
          "emojis": [
            "☕",
            "🙂"
          ]
        },
        {
          "image_file": "10.webp",
          "emojis": [
            "☕",
            "🙂"
          ]
        },
        {
          "image_file": "28.webp",
          "emojis": [
            "☕",
            "🙂"
          ]
        },
        {
          "image_file": "29.webp",
          "emojis": [
            "☕",
            "🙂"
          ]
        },
        {
          "image_file": "26.webp",
          "emojis": [
            "☕",
            "🙂"
          ]
        },
        {
          "image_file": "27.webp",
          "emojis": [
            "☕",
            "🙂"
          ]
        },
        {
          "image_file": "25.webp",
          "emojis": [
            "☕",
            "🙂"
          ]
        },
        {
          "image_file": "23.webp",
          "emojis": [
            "☕",
            "🙂"
          ]
        },
        {
          "image_file": "24.webp",
          "emojis": [
            "☕",
            "🙂"
          ]
        },
        {
          "image_file": "21.webp",
          "emojis": [
            "☕",
            "🙂"
          ]
        },
        {
          "image_file": "22.webp",
          "emojis": [
            "☕",
            "🙂"
          ]
        },
        {
          "image_file": "30.webp"
        }
      ],
      "emojis": [
        "☕",
        "🙂"
      ]
    },
    {
      "identifier": "Cute Expressive Panda",
      "name": "Cute Expressive Panda",
      "publisher": "GANESH",
      "tray_image_file": "icon.png",
      "publisher_email": "feedbacktomyapp@gmail.com",
      "image_data_version": "1",
      "avoid_cache": false,
      "publisher_website": "https://sites.google.com/view/programmingwithganesh/home",
      "privacy_policy_website": "https://sites.google.com/view/programmingwithganesh/home",
      "license_agreement_website": "https://sites.google.com/view/programmingwithganesh/home",
      "stickers": [
        {
          "image_file": "1.webp",
          "emojis": [
            "☕",
            "🙂"
          ]
        },
        {
          "image_file": "6.webp",
          "emojis": [
            "☕",
            "🙂"
          ]
        },
        {
          "image_file": "9.webp",
          "emojis": [
            "☕",
            "🙂"
          ]
        },
        {
          "image_file": "2.webp",
          "emojis": [
            "☕",
            "🙂"
          ]
        },
        {
          "image_file": "5.webp",
          "emojis": [
            "☕",
            "🙂"
          ]
        },
        {
          "image_file": "4.webp",
          "emojis": [
            "☕",
            "🙂"
          ]
        },
        {
          "image_file": "3.webp",
          "emojis": [
            "☕",
            "🙂"
          ]
        },
        {
          "image_file": "8.webp",
          "emojis": [
            "☕",
            "🙂"
          ]
        },
        {
          "image_file": "7.webp",
          "emojis": [
            "☕",
            "🙂"
          ]
        },
        {
          "image_file": "17.webp",
          "emojis": [
            "☕",
            "🙂"
          ]
        },
        {
          "image_file": "19.webp",
          "emojis": [
            "☕",
            "🙂"
          ]
        },
        {
          "image_file": "15.webp",
          "emojis": [
            "☕",
            "🙂"
          ]
        },
        {
          "image_file": "14.webp",
          "emojis": [
            "☕",
            "🙂"
          ]
        },
        {
          "image_file": "13.webp",
          "emojis": [
            "☕",
            "🙂"
          ]
        },
        {
          "image_file": "12.webp",
          "emojis": [
            "☕",
            "🙂"
          ]
        },
        {
          "image_file": "11.webp",
          "emojis": [
            "☕",
            "🙂"
          ]
        },
        {
          "image_file": "18.webp",
          "emojis": [
            "☕",
            "🙂"
          ]
        },
        {
          "image_file": "16.webp",
          "emojis": [
            "☕",
            "🙂"
          ]
        },
        {
          "image_file": "10.webp",
          "emojis": [
            "☕",
            "🙂"
          ]
        },
        {
          "image_file": "21.webp",
          "emojis": [
            "☕",
            "🙂"
          ]
        },
        {
          "image_file": "26.webp",
          "emojis": [
            "☕",
            "🙂"
          ]
        },
        {
          "image_file": "22.webp",
          "emojis": [
            "☕",
            "🙂"
          ]
        },
        {
          "image_file": "25.webp",
          "emojis": [
            "☕",
            "🙂"
          ]
        },
        {
          "image_file": "23.webp",
          "emojis": [
            "☕",
            "🙂"
          ]
        },
        {
          "image_file": "24.webp",
          "emojis": [
            "☕",
            "🙂"
          ]
        },
        {
          "image_file": "20.webp"
        }
      ],
      "emojis": [
        "☕",
        "🙂"
      ]
    },
    {
      "identifier": "Cute Baby Panda",
      "name": "Cute Baby Panda",
      "publisher": "GANESH",
      "tray_image_file": "icon.png",
      "publisher_email": "feedbacktomyapp@gmail.com",
      "image_data_version": "1",
      "avoid_cache": false,
      "publisher_website": "https://sites.google.com/view/programmingwithganesh/home",
      "privacy_policy_website": "https://sites.google.com/view/programmingwithganesh/home",
      "license_agreement_website": "https://sites.google.com/view/programmingwithganesh/home",
      "stickers": [
        {
          "image_file": "1.webp",
          "emojis": [
            "☕",
            "🙂"
          ]
        },
        {
          "image_file": "2.webp",
          "emojis": [
            "☕",
            "🙂"
          ]
        },
        {
          "image_file": "3.webp",
          "emojis": [
            "☕",
            "🙂"
          ]
        },
        {
          "image_file": "4.webp",
          "emojis": [
            "☕",
            "🙂"
          ]
        },
        {
          "image_file": "5.webp",
          "emojis": [
            "☕",
            "🙂"
          ]
        },
        {
          "image_file": "6.webp",
          "emojis": [
            "☕",
            "🙂"
          ]
        },
        {
          "image_file": "7.webp",
          "emojis": [
            "☕",
            "🙂"
          ]
        },
        {
          "image_file": "8.webp",
          "emojis": [
            "☕",
            "🙂"
          ]
        },
        {
          "image_file": "9.webp",
          "emojis": [
            "☕",
            "🙂"
          ]
        },
        {
          "image_file": "10.webp",
          "emojis": [
            "☕",
            "🙂"
          ]
        },
        {
          "image_file": "11.webp",
          "emojis": [
            "☕",
            "🙂"
          ]
        },
        {
          "image_file": "12.webp",
          "emojis": [
            "☕",
            "🙂"
          ]
        },
        {
          "image_file": "13.webp",
          "emojis": [
            "☕",
            "🙂"
          ]
        },
        {
          "image_file": "14.webp"
        }
      ],
      "emojis": [
        "☕",
        "🙂"
      ]
    },
    {
      "identifier": "Cute Baby Panda 2",
      "name": "Cute Baby Panda 2",
      "publisher": "GANESH",
      "tray_image_file": "icon.png",
      "publisher_email": "feedbacktomyapp@gmail.com",
      "image_data_version": "1",
      "avoid_cache": false,
      "publisher_website": "https://sites.google.com/view/programmingwithganesh/home",
      "privacy_policy_website": "https://sites.google.com/view/programmingwithganesh/home",
      "license_agreement_website": "https://sites.google.com/view/programmingwithganesh/home",
      "stickers": [
        {
          "image_file": "24.webp",
          "emojis": [
            "☕",
            "🙂"
          ]
        },
        {
          "image_file": "23.webp",
          "emojis": [
            "☕",
            "🙂"
          ]
        },
        {
          "image_file": "22.webp",
          "emojis": [
            "☕",
            "🙂"
          ]
        },
        {
          "image_file": "21.webp",
          "emojis": [
            "☕",
            "🙂"
          ]
        },
        {
          "image_file": "20.webp",
          "emojis": [
            "☕",
            "🙂"
          ]
        },
        {
          "image_file": "19.webp",
          "emojis": [
            "☕",
            "🙂"
          ]
        },
        {
          "image_file": "18.webp",
          "emojis": [
            "☕",
            "🙂"
          ]
        },
        {
          "image_file": "17.webp",
          "emojis": [
            "☕",
            "🙂"
          ]
        },
        {
          "image_file": "16.webp",
          "emojis": [
            "☕",
            "🙂"
          ]
        },
        {
          "image_file": "15.webp",
          "emojis": [
            "☕",
            "🙂"
          ]
        },
        {
          "image_file": "14.webp",
          "emojis": [
            "☕",
            "🙂"
          ]
        },
        {
          "image_file": "13.webp",
          "emojis": [
            "☕",
            "🙂"
          ]
        },
        {
          "image_file": "12.webp",
          "emojis": [
            "☕",
            "🙂"
          ]
        },
        {
          "image_file": "11.webp",
          "emojis": [
            "☕",
            "🙂"
          ]
        },
        {
          "image_file": "5.webp",
          "emojis": [
            "☕",
            "🙂"
          ]
        },
        {
          "image_file": "4.webp",
          "emojis": [
            "☕",
            "🙂"
          ]
        },
        {
          "image_file": "10.webp",
          "emojis": [
            "☕",
            "🙂"
          ]
        },
        {
          "image_file": "9.webp",
          "emojis": [
            "☕",
            "🙂"
          ]
        },
        {
          "image_file": "8.webp",
          "emojis": [
            "☕",
            "🙂"
          ]
        },
        {
          "image_file": "7.webp",
          "emojis": [
            "☕",
            "🙂"
          ]
        },
        {
          "image_file": "6.webp",
          "emojis": [
            "☕",
            "🙂"
          ]
        },
        {
          "image_file": "3.webp",
          "emojis": [
            "☕",
            "🙂"
          ]
        },
        {
          "image_file": "2.webp",
          "emojis": [
            "☕",
            "🙂"
          ]
        },
        {
          "image_file": "1.webp"
        }
      ],
      "emojis": [
        "☕",
        "🙂"
      ]
    },
    {
      "identifier": "Cute Girl Panda",
      "name": "Cute Girl Panda",
      "publisher": "GANESH",
      "tray_image_file": "icon.png",
      "publisher_email": "feedbacktomyapp@gmail.com",
      "image_data_version": "1",
      "avoid_cache": false,
      "publisher_website": "https://sites.google.com/view/programmingwithganesh/home",
      "privacy_policy_website": "https://sites.google.com/view/programmingwithganesh/home",
      "license_agreement_website": "https://sites.google.com/view/programmingwithganesh/home",
      "stickers": [
        {
          "image_file": "20.webp",
          "emojis": [
            "☕",
            "🙂"
          ]
        },
        {
          "image_file": "19.webp",
          "emojis": [
            "☕",
            "🙂"
          ]
        },
        {
          "image_file": "18.webp",
          "emojis": [
            "☕",
            "🙂"
          ]
        },
        {
          "image_file": "17.webp",
          "emojis": [
            "☕",
            "🙂"
          ]
        },
        {
          "image_file": "16.webp",
          "emojis": [
            "☕",
            "🙂"
          ]
        },
        {
          "image_file": "15.webp",
          "emojis": [
            "☕",
            "🙂"
          ]
        },
        {
          "image_file": "14.webp",
          "emojis": [
            "☕",
            "🙂"
          ]
        },
        {
          "image_file": "13.webp",
          "emojis": [
            "☕",
            "🙂"
          ]
        },
        {
          "image_file": "12.webp",
          "emojis": [
            "☕",
            "🙂"
          ]
        },
        {
          "image_file": "11.webp",
          "emojis": [
            "☕",
            "🙂"
          ]
        },
        {
          "image_file": "5.webp",
          "emojis": [
            "☕",
            "🙂"
          ]
        },
        {
          "image_file": "4.webp",
          "emojis": [
            "☕",
            "🙂"
          ]
        },
        {
          "image_file": "10.webp",
          "emojis": [
            "☕",
            "🙂"
          ]
        },
        {
          "image_file": "9.webp",
          "emojis": [
            "☕",
            "🙂"
          ]
        },
        {
          "image_file": "8.webp",
          "emojis": [
            "☕",
            "🙂"
          ]
        },
        {
          "image_file": "7.webp",
          "emojis": [
            "☕",
            "🙂"
          ]
        },
        {
          "image_file": "6.webp",
          "emojis": [
            "☕",
            "🙂"
          ]
        },
        {
          "image_file": "3.webp",
          "emojis": [
            "☕",
            "🙂"
          ]
        },
        {
          "image_file": "2.webp",
          "emojis": [
            "☕",
            "🙂"
          ]
        },
        {
          "image_file": "1.webp"
        }
      ],
      "emojis": [
        "☕",
        "🙂"
      ]
    },
    {
      "identifier": "Fat Panda",
      "name": "Fat Panda",
      "publisher": "GANESH",
      "tray_image_file": "icon.png",
      "publisher_email": "feedbacktomyapp@gmail.com",
      "image_data_version": "1",
      "avoid_cache": false,
      "publisher_website": "https://sites.google.com/view/programmingwithganesh/home",
      "privacy_policy_website": "https://sites.google.com/view/programmingwithganesh/home",
      "license_agreement_website": "https://sites.google.com/view/programmingwithganesh/home",
      "stickers": [
        {
          "image_file": "16.webp",
          "emojis": [
            "☕",
            "🙂"
          ]
        },
        {
          "image_file": "15.webp",
          "emojis": [
            "☕",
            "🙂"
          ]
        },
        {
          "image_file": "14.webp",
          "emojis": [
            "☕",
            "🙂"
          ]
        },
        {
          "image_file": "13.webp",
          "emojis": [
            "☕",
            "🙂"
          ]
        },
        {
          "image_file": "11.webp",
          "emojis": [
            "☕",
            "🙂"
          ]
        },
        {
          "image_file": "5.webp",
          "emojis": [
            "☕",
            "🙂"
          ]
        },
        {
          "image_file": "4.webp",
          "emojis": [
            "☕",
            "🙂"
          ]
        },
        {
          "image_file": "10.webp",
          "emojis": [
            "☕",
            "🙂"
          ]
        },
        {
          "image_file": "9.webp",
          "emojis": [
            "☕",
            "🙂"
          ]
        },
        {
          "image_file": "8.webp",
          "emojis": [
            "☕",
            "🙂"
          ]
        },
        {
          "image_file": "7.webp",
          "emojis": [
            "☕",
            "🙂"
          ]
        },
        {
          "image_file": "6.webp",
          "emojis": [
            "☕",
            "🙂"
          ]
        },
        {
          "image_file": "3.webp",
          "emojis": [
            "☕",
            "🙂"
          ]
        },
        {
          "image_file": "2.webp",
          "emojis": [
            "☕",
            "🙂"
          ]
        },
        {
          "image_file": "1.webp"
        }
      ],
      "emojis": [
        "☕",
        "🙂"
      ]
    },
    {
      "identifier": "Funny Little Panda",
      "name": "Funny Little Panda",
      "publisher": "GANESH",
      "tray_image_file": "icon.png",
      "publisher_email": "feedbacktomyapp@gmail.com",
      "image_data_version": "1",
      "avoid_cache": false,
      "publisher_website": "https://sites.google.com/view/programmingwithganesh/home",
      "privacy_policy_website": "https://sites.google.com/view/programmingwithganesh/home",
      "license_agreement_website": "https://sites.google.com/view/programmingwithganesh/home",
      "stickers": [
        {
          "image_file": "19.webp",
          "emojis": [
            "☕",
            "🙂"
          ]
        },
        {
          "image_file": "18.webp",
          "emojis": [
            "☕",
            "🙂"
          ]
        },
        {
          "image_file": "17.webp",
          "emojis": [
            "☕",
            "🙂"
          ]
        },
        {
          "image_file": "16.webp",
          "emojis": [
            "☕",
            "🙂"
          ]
        },
        {
          "image_file": "15.webp",
          "emojis": [
            "☕",
            "🙂"
          ]
        },
        {
          "image_file": "14.webp",
          "emojis": [
            "☕",
            "🙂"
          ]
        },
        {
          "image_file": "13.webp",
          "emojis": [
            "☕",
            "🙂"
          ]
        },
        {
          "image_file": "12.webp",
          "emojis": [
            "☕",
            "🙂"
          ]
        },
        {
          "image_file": "11.webp",
          "emojis": [
            "☕",
            "🙂"
          ]
        },
        {
          "image_file": "5.webp",
          "emojis": [
            "☕",
            "🙂"
          ]
        },
        {
          "image_file": "4.webp",
          "emojis": [
            "☕",
            "🙂"
          ]
        },
        {
          "image_file": "10.webp",
          "emojis": [
            "☕",
            "🙂"
          ]
        },
        {
          "image_file": "9.webp",
          "emojis": [
            "☕",
            "🙂"
          ]
        },
        {
          "image_file": "8.webp",
          "emojis": [
            "☕",
            "🙂"
          ]
        },
        {
          "image_file": "7.webp",
          "emojis": [
            "☕",
            "🙂"
          ]
        },
        {
          "image_file": "6.webp",
          "emojis": [
            "☕",
            "🙂"
          ]
        },
        {
          "image_file": "3.webp",
          "emojis": [
            "☕",
            "🙂"
          ]
        },
        {
          "image_file": "2.webp",
          "emojis": [
            "☕",
            "🙂"
          ]
        },
        {
          "image_file": "1.webp"
        }
      ],
      "emojis": [
        "☕",
        "🙂"
      ]
    },
    {
      "identifier": "Funny Panda",
      "name": "Funny Panda",
      "publisher": "GANESH",
      "tray_image_file": "icon.png",
      "publisher_email": "feedbacktomyapp@gmail.com",
      "image_data_version": "1",
      "avoid_cache": false,
      "publisher_website": "https://sites.google.com/view/programmingwithganesh/home",
      "privacy_policy_website": "https://sites.google.com/view/programmingwithganesh/home",
      "license_agreement_website": "https://sites.google.com/view/programmingwithganesh/home",
      "stickers": [
        {
          "image_file": "29.webp",
          "emojis": [
            "☕",
            "🙂"
          ]
        },
        {
          "image_file": "28.webp",
          "emojis": [
            "☕",
            "🙂"
          ]
        },
        {
          "image_file": "27.webp",
          "emojis": [
            "☕",
            "🙂"
          ]
        },
        {
          "image_file": "26.webp",
          "emojis": [
            "☕",
            "🙂"
          ]
        },
        {
          "image_file": "25.webp",
          "emojis": [
            "☕",
            "🙂"
          ]
        },
        {
          "image_file": "24.webp",
          "emojis": [
            "☕",
            "🙂"
          ]
        },
        {
          "image_file": "23.webp",
          "emojis": [
            "☕",
            "🙂"
          ]
        },
        {
          "image_file": "22.webp",
          "emojis": [
            "☕",
            "🙂"
          ]
        },
        {
          "image_file": "21.webp",
          "emojis": [
            "☕",
            "🙂"
          ]
        },
        {
          "image_file": "20.webp",
          "emojis": [
            "☕",
            "🙂"
          ]
        },
        {
          "image_file": "19.webp",
          "emojis": [
            "☕",
            "🙂"
          ]
        },
        {
          "image_file": "18.webp",
          "emojis": [
            "☕",
            "🙂"
          ]
        },
        {
          "image_file": "17.webp",
          "emojis": [
            "☕",
            "🙂"
          ]
        },
        {
          "image_file": "16.webp",
          "emojis": [
            "☕",
            "🙂"
          ]
        },
        {
          "image_file": "15.webp",
          "emojis": [
            "☕",
            "🙂"
          ]
        },
        {
          "image_file": "14.webp",
          "emojis": [
            "☕",
            "🙂"
          ]
        },
        {
          "image_file": "13.webp",
          "emojis": [
            "☕",
            "🙂"
          ]
        },
        {
          "image_file": "12.webp",
          "emojis": [
            "☕",
            "🙂"
          ]
        },
        {
          "image_file": "11.webp",
          "emojis": [
            "☕",
            "🙂"
          ]
        },
        {
          "image_file": "5.webp",
          "emojis": [
            "☕",
            "🙂"
          ]
        },
        {
          "image_file": "4.webp",
          "emojis": [
            "☕",
            "🙂"
          ]
        },
        {
          "image_file": "10.webp",
          "emojis": [
            "☕",
            "🙂"
          ]
        },
        {
          "image_file": "9.webp",
          "emojis": [
            "☕",
            "🙂"
          ]
        },
        {
          "image_file": "8.webp",
          "emojis": [
            "☕",
            "🙂"
          ]
        },
        {
          "image_file": "7.webp",
          "emojis": [
            "☕",
            "🙂"
          ]
        },
        {
          "image_file": "6.webp",
          "emojis": [
            "☕",
            "🙂"
          ]
        },
        {
          "image_file": "3.webp",
          "emojis": [
            "☕",
            "🙂"
          ]
        },
        {
          "image_file": "2.webp",
          "emojis": [
            "☕",
            "🙂"
          ]
        },
        {
          "image_file": "1.webp"
        }
      ],
      "emojis": [
        "☕",
        "🙂"
      ]
    },
    {
      "identifier": "Funny Panda 2",
      "name": "Funny Panda 2",
      "publisher": "GANESH",
      "tray_image_file": "icon.png",
      "publisher_email": "feedbacktomyapp@gmail.com",
      "image_data_version": "1",
      "avoid_cache": false,
      "publisher_website": "https://sites.google.com/view/programmingwithganesh/home",
      "privacy_policy_website": "https://sites.google.com/view/programmingwithganesh/home",
      "license_agreement_website": "https://sites.google.com/view/programmingwithganesh/home",
      "stickers": [
        {
          "image_file": "15.webp",
          "emojis": [
            "☕",
            "🙂"
          ]
        },
        {
          "image_file": "14.webp",
          "emojis": [
            "☕",
            "🙂"
          ]
        },
        {
          "image_file": "13.webp",
          "emojis": [
            "☕",
            "🙂"
          ]
        },
        {
          "image_file": "12.webp",
          "emojis": [
            "☕",
            "🙂"
          ]
        },
        {
          "image_file": "11.webp",
          "emojis": [
            "☕",
            "🙂"
          ]
        },
        {
          "image_file": "5.webp",
          "emojis": [
            "☕",
            "🙂"
          ]
        },
        {
          "image_file": "4.webp",
          "emojis": [
            "☕",
            "🙂"
          ]
        },
        {
          "image_file": "10.webp",
          "emojis": [
            "☕",
            "🙂"
          ]
        },
        {
          "image_file": "9.webp",
          "emojis": [
            "☕",
            "🙂"
          ]
        },
        {
          "image_file": "8.webp",
          "emojis": [
            "☕",
            "🙂"
          ]
        },
        {
          "image_file": "7.webp",
          "emojis": [
            "☕",
            "🙂"
          ]
        },
        {
          "image_file": "6.webp",
          "emojis": [
            "☕",
            "🙂"
          ]
        },
        {
          "image_file": "3.webp",
          "emojis": [
            "☕",
            "🙂"
          ]
        },
        {
          "image_file": "2.webp",
          "emojis": [
            "☕",
            "🙂"
          ]
        },
        {
          "image_file": "1.webp"
        }
      ],
      "emojis": [
        "☕",
        "🙂"
      ]
    },
    {
      "identifier": "Green Baby Panda",
      "name": "Green Baby Panda",
      "publisher": "GANESH",
      "tray_image_file": "icon.png",
      "publisher_email": "feedbacktomyapp@gmail.com",
      "image_data_version": "1",
      "avoid_cache": false,
      "publisher_website": "https://sites.google.com/view/programmingwithganesh/home",
      "privacy_policy_website": "https://sites.google.com/view/programmingwithganesh/home",
      "license_agreement_website": "https://sites.google.com/view/programmingwithganesh/home",
      "stickers": [
        {
          "image_file": "30.webp",
          "emojis": [
            "☕",
            "🙂"
          ]
        },
        {
          "image_file": "29.webp",
          "emojis": [
            "☕",
            "🙂"
          ]
        },
        {
          "image_file": "28.webp",
          "emojis": [
            "☕",
            "🙂"
          ]
        },
        {
          "image_file": "27.webp",
          "emojis": [
            "☕",
            "🙂"
          ]
        },
        {
          "image_file": "26.webp",
          "emojis": [
            "☕",
            "🙂"
          ]
        },
        {
          "image_file": "25.webp",
          "emojis": [
            "☕",
            "🙂"
          ]
        },
        {
          "image_file": "24.webp",
          "emojis": [
            "☕",
            "🙂"
          ]
        },
        {
          "image_file": "23.webp",
          "emojis": [
            "☕",
            "🙂"
          ]
        },
        {
          "image_file": "22.webp",
          "emojis": [
            "☕",
            "🙂"
          ]
        },
        {
          "image_file": "21.webp",
          "emojis": [
            "☕",
            "🙂"
          ]
        },
        {
          "image_file": "20.webp",
          "emojis": [
            "☕",
            "🙂"
          ]
        },
        {
          "image_file": "19.webp",
          "emojis": [
            "☕",
            "🙂"
          ]
        },
        {
          "image_file": "18.webp",
          "emojis": [
            "☕",
            "🙂"
          ]
        },
        {
          "image_file": "17.webp",
          "emojis": [
            "☕",
            "🙂"
          ]
        },
        {
          "image_file": "16.webp",
          "emojis": [
            "☕",
            "🙂"
          ]
        },
        {
          "image_file": "15.webp",
          "emojis": [
            "☕",
            "🙂"
          ]
        },
        {
          "image_file": "14.webp",
          "emojis": [
            "☕",
            "🙂"
          ]
        },
        {
          "image_file": "13.webp",
          "emojis": [
            "☕",
            "🙂"
          ]
        },
        {
          "image_file": "12.webp",
          "emojis": [
            "☕",
            "🙂"
          ]
        },
        {
          "image_file": "11.webp",
          "emojis": [
            "☕",
            "🙂"
          ]
        },
        {
          "image_file": "5.webp",
          "emojis": [
            "☕",
            "🙂"
          ]
        },
        {
          "image_file": "4.webp",
          "emojis": [
            "☕",
            "🙂"
          ]
        },
        {
          "image_file": "10.webp",
          "emojis": [
            "☕",
            "🙂"
          ]
        },
        {
          "image_file": "9.webp",
          "emojis": [
            "☕",
            "🙂"
          ]
        },
        {
          "image_file": "8.webp",
          "emojis": [
            "☕",
            "🙂"
          ]
        },
        {
          "image_file": "7.webp",
          "emojis": [
            "☕",
            "🙂"
          ]
        },
        {
          "image_file": "6.webp",
          "emojis": [
            "☕",
            "🙂"
          ]
        },
        {
          "image_file": "3.webp",
          "emojis": [
            "☕",
            "🙂"
          ]
        },
        {
          "image_file": "2.webp",
          "emojis": [
            "☕",
            "🙂"
          ]
        },
        {
          "image_file": "1.webp"
        }
      ],
      "emojis": [
        "☕",
        "🙂"
      ]
    },
    {
      "identifier": "Little panda",
      "name": "Little panda",
      "publisher": "GANESH",
      "tray_image_file": "icon.png",
      "publisher_email": "feedbacktomyapp@gmail.com",
      "image_data_version": "1",
      "avoid_cache": false,
      "publisher_website": "https://sites.google.com/view/programmingwithganesh/home",
      "privacy_policy_website": "https://sites.google.com/view/programmingwithganesh/home",
      "license_agreement_website": "https://sites.google.com/view/programmingwithganesh/home",
      "stickers": [
        {
          "image_file": "19.webp",
          "emojis": [
            "☕",
            "🙂"
          ]
        },
        {
          "image_file": "18.webp",
          "emojis": [
            "☕",
            "🙂"
          ]
        },
        {
          "image_file": "17.webp",
          "emojis": [
            "☕",
            "🙂"
          ]
        },
        {
          "image_file": "16.webp",
          "emojis": [
            "☕",
            "🙂"
          ]
        },
        {
          "image_file": "15.webp",
          "emojis": [
            "☕",
            "🙂"
          ]
        },
        {
          "image_file": "14.webp",
          "emojis": [
            "☕",
            "🙂"
          ]
        },
        {
          "image_file": "13.webp",
          "emojis": [
            "☕",
            "🙂"
          ]
        },
        {
          "image_file": "12.webp",
          "emojis": [
            "☕",
            "🙂"
          ]
        },
        {
          "image_file": "11.webp",
          "emojis": [
            "☕",
            "🙂"
          ]
        },
        {
          "image_file": "5.webp",
          "emojis": [
            "☕",
            "🙂"
          ]
        },
        {
          "image_file": "4.webp",
          "emojis": [
            "☕",
            "🙂"
          ]
        },
        {
          "image_file": "10.webp",
          "emojis": [
            "☕",
            "🙂"
          ]
        },
        {
          "image_file": "9.webp",
          "emojis": [
            "☕",
            "🙂"
          ]
        },
        {
          "image_file": "8.webp",
          "emojis": [
            "☕",
            "🙂"
          ]
        },
        {
          "image_file": "7.webp",
          "emojis": [
            "☕",
            "🙂"
          ]
        },
        {
          "image_file": "6.webp",
          "emojis": [
            "☕",
            "🙂"
          ]
        },
        {
          "image_file": "3.webp",
          "emojis": [
            "☕",
            "🙂"
          ]
        },
        {
          "image_file": "2.webp",
          "emojis": [
            "☕",
            "🙂"
          ]
        },
        {
          "image_file": "1.webp"
        }
      ],
      "emojis": [
        "☕",
        "🙂"
      ]
    },
    {
      "identifier": "Little Panda 2",
      "name": "Little Panda 2",
      "publisher": "GANESH",
      "tray_image_file": "icon.png",
      "publisher_email": "feedbacktomyapp@gmail.com",
      "image_data_version": "1",
      "avoid_cache": false,
      "publisher_website": "https://sites.google.com/view/programmingwithganesh/home",
      "privacy_policy_website": "https://sites.google.com/view/programmingwithganesh/home",
      "license_agreement_website": "https://sites.google.com/view/programmingwithganesh/home",
      "stickers": [
        {
          "image_file": "20.webp",
          "emojis": [
            "☕",
            "🙂"
          ]
        },
        {
          "image_file": "19.webp",
          "emojis": [
            "☕",
            "🙂"
          ]
        },
        {
          "image_file": "18.webp",
          "emojis": [
            "☕",
            "🙂"
          ]
        },
        {
          "image_file": "17.webp",
          "emojis": [
            "☕",
            "🙂"
          ]
        },
        {
          "image_file": "16.webp",
          "emojis": [
            "☕",
            "🙂"
          ]
        },
        {
          "image_file": "15.webp",
          "emojis": [
            "☕",
            "🙂"
          ]
        },
        {
          "image_file": "14.webp",
          "emojis": [
            "☕",
            "🙂"
          ]
        },
        {
          "image_file": "13.webp",
          "emojis": [
            "☕",
            "🙂"
          ]
        },
        {
          "image_file": "12.webp",
          "emojis": [
            "☕",
            "🙂"
          ]
        },
        {
          "image_file": "11.webp",
          "emojis": [
            "☕",
            "🙂"
          ]
        },
        {
          "image_file": "5.webp",
          "emojis": [
            "☕",
            "🙂"
          ]
        },
        {
          "image_file": "4.webp",
          "emojis": [
            "☕",
            "🙂"
          ]
        },
        {
          "image_file": "10.webp",
          "emojis": [
            "☕",
            "🙂"
          ]
        },
        {
          "image_file": "9.webp",
          "emojis": [
            "☕",
            "🙂"
          ]
        },
        {
          "image_file": "8.webp",
          "emojis": [
            "☕",
            "🙂"
          ]
        },
        {
          "image_file": "7.webp",
          "emojis": [
            "☕",
            "🙂"
          ]
        },
        {
          "image_file": "6.webp",
          "emojis": [
            "☕",
            "🙂"
          ]
        },
        {
          "image_file": "3.webp",
          "emojis": [
            "☕",
            "🙂"
          ]
        },
        {
          "image_file": "2.webp",
          "emojis": [
            "☕",
            "🙂"
          ]
        },
        {
          "image_file": "1.webp"
        }
      ],
      "emojis": [
        "☕",
        "🙂"
      ]
    },
    {
      "identifier": "Pirate Panda",
      "name": "Pirate Panda",
      "publisher": "GANESH",
      "tray_image_file": "icon.png",
      "publisher_email": "feedbacktomyapp@gmail.com",
      "image_data_version": "1",
      "avoid_cache": false,
      "publisher_website": "https://sites.google.com/view/programmingwithganesh/home",
      "privacy_policy_website": "https://sites.google.com/view/programmingwithganesh/home",
      "license_agreement_website": "https://sites.google.com/view/programmingwithganesh/home",
      "stickers": [
        {
          "image_file": "20.webp",
          "emojis": [
            "☕",
            "🙂"
          ]
        },
        {
          "image_file": "19.webp",
          "emojis": [
            "☕",
            "🙂"
          ]
        },
        {
          "image_file": "18.webp",
          "emojis": [
            "☕",
            "🙂"
          ]
        },
        {
          "image_file": "17.webp",
          "emojis": [
            "☕",
            "🙂"
          ]
        },
        {
          "image_file": "16.webp",
          "emojis": [
            "☕",
            "🙂"
          ]
        },
        {
          "image_file": "15.webp",
          "emojis": [
            "☕",
            "🙂"
          ]
        },
        {
          "image_file": "14.webp",
          "emojis": [
            "☕",
            "🙂"
          ]
        },
        {
          "image_file": "13.webp",
          "emojis": [
            "☕",
            "🙂"
          ]
        },
        {
          "image_file": "12.webp",
          "emojis": [
            "☕",
            "🙂"
          ]
        },
        {
          "image_file": "11.webp",
          "emojis": [
            "☕",
            "🙂"
          ]
        },
        {
          "image_file": "5.webp",
          "emojis": [
            "☕",
            "🙂"
          ]
        },
        {
          "image_file": "4.webp",
          "emojis": [
            "☕",
            "🙂"
          ]
        },
        {
          "image_file": "10.webp",
          "emojis": [
            "☕",
            "🙂"
          ]
        },
        {
          "image_file": "9.webp",
          "emojis": [
            "☕",
            "🙂"
          ]
        },
        {
          "image_file": "8.webp",
          "emojis": [
            "☕",
            "🙂"
          ]
        },
        {
          "image_file": "7.webp",
          "emojis": [
            "☕",
            "🙂"
          ]
        },
        {
          "image_file": "6.webp",
          "emojis": [
            "☕",
            "🙂"
          ]
        },
        {
          "image_file": "3.webp",
          "emojis": [
            "☕",
            "🙂"
          ]
        },
        {
          "image_file": "2.webp",
          "emojis": [
            "☕",
            "🙂"
          ]
        },
        {
          "image_file": "1.webp"
        }
      ]
    }
  ]
}