{
  "android_play_store_link": "",
  "ios_app_store_link": "",
  "sticker_packs": [
    {
      "identifier": "1",
      "name": "Birthday 1",
      "publisher": "GANESH",
      "tray_image_file": "icon.png",
      "image_data_version": "1",
      "avoid_cache": false,
      "publisher_email":"feedbacktomyapp@gmail.com",
      "publisher_website": "https://sites.google.com/view/programmingwithganesh/home",
      "privacy_policy_website": "https://sites.google.com/view/programmingwithganesh/home",
      "license_agreement_website": "https://sites.google.com/view/programmingwithganesh/home",
      "animated_sticker_pack": false,
      "stickers": [
        {
          "image_file": "1.webp",
          "emojis": [
            "🥰",
            "😘",
            "❤️"
          ]
        },
        {
          "image_file": "2.webp",
          "emojis": [
            "✊",
            "💪",
            "🙏"
          ]
        },
        {
          "image_file": "3.webp",
          "emojis": [
            "❤️",
            "🥰",
            "💕"
          ]
        },
        {
          "image_file": "4.webp",
          "emojis": [
            "🖐",
            "🙌",
            "✋"
          ]
        },
        {
          "image_file": "5.webp",
          "emojis": [
            "📱",
            "👯❓",
            "👋"
          ]
        },
        {
          "image_file": "6.webp",
          "emojis": [
            "📱",
            "🙋‍♀",
            "🙋‍♂"
          ]
        },
        {
          "image_file": "7.webp",
          "emojis": [
            "❓👍",
            "👌",
            "🙂"
          ]
        },
        {
          "image_file": "8.webp",
          "emojis": [
            "👋",
            "❓",
            "📱"
          ]
        },
        {
          "image_file": "9.webp",
          "emojis": [
            "☕",
            "🍵",
            "🏠"
          ]
        },
        {
          "image_file": "10.webp",
          "emojis": [
            "👩‍💻❓",
            "👨‍💻",
            "🛏"
          ]
        },
        {
          "image_file": "11.webp",
          "emojis": [
            "❤️",
            "🥰",
            "🤙"
          ]
        },
        {
          "image_file": "12.webp",
          "emojis": [
            "🙏",
            "🦸‍♀️",
            "🦸"
          ]
        }
      ]
    },
    {
      "identifier": "2",
      "name": "Birthday 2",
      "publisher": "GANESH",
      "tray_image_file": "icon.png",
      "image_data_version": "1",
      "avoid_cache": false,
      "publisher_email":"feedbacktomyapp@gmail.com",
      "publisher_website": "https://sites.google.com/view/programmingwithganesh/home",
      "privacy_policy_website": "https://sites.google.com/view/programmingwithganesh/home",
      "license_agreement_website": "https://sites.google.com/view/programmingwithganesh/home",
      "animated_sticker_pack": false,
      "stickers": [
        {
          "image_file": "1.webp",
          "emojis": [
            "🥰",
            "😘",
            "❤️"
          ]
        },
        {
          "image_file": "2.webp",
          "emojis": [
            "✊",
            "💪",
            "🙏"
          ]
        },
        {
          "image_file": "3.webp",
          "emojis": [
            "❤️",
            "🥰",
            "💕"
          ]
        },
        {
          "image_file": "4.webp",
          "emojis": [
            "🖐",
            "🙌",
            "✋"
          ]
        },
        {
          "image_file": "5.webp",
          "emojis": [
            "📱",
            "👯❓",
            "👋"
          ]
        },
        {
          "image_file": "6.webp",
          "emojis": [
            "📱",
            "🙋‍♀",
            "🙋‍♂"
          ]
        },
        {
          "image_file": "7.webp",
          "emojis": [
            "🙏",
            "🦸‍♀️",
            "🦸"
          ]
        }
      ]
    },
    {
      "identifier": "3",
      "name": "Birthday 3",
      "publisher": "GANESH",
      "tray_image_file": "icon.png",
      "image_data_version": "1",
      "avoid_cache": false,
      "publisher_email":"feedbacktomyapp@gmail.com",
      "publisher_website": "https://sites.google.com/view/programmingwithganesh/home",
      "privacy_policy_website": "https://sites.google.com/view/programmingwithganesh/home",
      "license_agreement_website": "https://sites.google.com/view/programmingwithganesh/home",
      "animated_sticker_pack": false,
      "stickers": [
        {
          "image_file": "1.webp",
          "emojis": [
            "🥰",
            "😘",
            "❤️"
          ]
        },
        {
          "image_file": "2.webp",
          "emojis": [
            "✊",
            "💪",
            "🙏"
          ]
        },
        {
          "image_file": "3.webp",
          "emojis": [
            "❤️",
            "🥰",
            "💕"
          ]
        },
        {
          "image_file": "4.webp",
          "emojis": [
            "🖐",
            "🙌",
            "✋"
          ]
        },
        {
          "image_file": "5.webp",
          "emojis": [
            "📱",
            "👯❓",
            "👋"
          ]
        },
        {
          "image_file": "6.webp",
          "emojis": [
            "📱",
            "🙋‍♀",
            "🙋‍♂"
          ]
        },
        {
          "image_file": "7.webp",
          "emojis": [
            "❓👍",
            "👌",
            "🙂"
          ]
        },
        {
          "image_file": "8.webp",
          "emojis": [
            "👋",
            "❓",
            "📱"
          ]
        },
        {
          "image_file": "9.webp",
          "emojis": [
            "☕",
            "🍵",
            "🏠"
          ]
        },
        {
          "image_file": "10.webp",
          "emojis": [
            "👩‍💻❓",
            "👨‍💻",
            "🛏"
          ]
        },        
        {
          "image_file": "11.webp",
          "emojis": [
            "❤️",
            "🥰",
            "💕"
          ]
        },
        {
          "image_file": "12.webp",
          "emojis": [
            "❤️",
            "🐩❓",
            "💪"
          ]
        },
        {
          "image_file": "13.webp",
          "emojis": [
            "📰",
            "❓",
            "🔍"
          ]
        },
        {
          "image_file": "14.webp",
          "emojis": [
            "❤️",
            "🥰",
            "💕"
          ]
        },
        {
          "image_file": "15.webp",
          "emojis": [
            "🖐",
            "🙌",
            "✋"
          ]
        },        
        {
          "image_file": "16.webp",
          "emojis": [
            "🙏",
            "🦸‍♀️",
            "🦸"
          ]
        }
      ]
    },
    {
      "identifier": "4",
      "name": "Birthday 4",
      "publisher": "GANESH",
      "tray_image_file": "icon.png",
      "image_data_version": "1",
      "avoid_cache": false,
      "publisher_email":"feedbacktomyapp@gmail.com",
      "publisher_website": "https://sites.google.com/view/programmingwithganesh/home",
      "privacy_policy_website": "https://sites.google.com/view/programmingwithganesh/home",
      "license_agreement_website": "https://sites.google.com/view/programmingwithganesh/home",
      "animated_sticker_pack": false,
      "stickers": [
        {
          "image_file": "1.webp",
          "emojis": [
            "🥰",
            "😘",
            "❤️"
          ]
        },
        {
          "image_file": "2.webp",
          "emojis": [
            "✊",
            "💪",
            "🙏"
          ]
        },
        {
          "image_file": "3.webp",
          "emojis": [
            "❤️",
            "🥰",
            "💕"
          ]
        },
        {
          "image_file": "4.webp",
          "emojis": [
            "🖐",
            "🙌",
            "✋"
          ]
        },
        {
          "image_file": "5.webp",
          "emojis": [
            "📱",
            "👯❓",
            "👋"
          ]
        },
        {
          "image_file": "6.webp",
          "emojis": [
            "📱",
            "🙋‍♀",
            "🙋‍♂"
          ]
        },
        {
          "image_file": "7.webp",
          "emojis": [
            "❓👍",
            "👌",
            "🙂"
          ]
        },
        {
          "image_file": "8.webp",
          "emojis": [
            "👋",
            "❓",
            "📱"
          ]
        },
        {
          "image_file": "9.webp",
          "emojis": [
            "🙏",
            "🦸‍♀️",
            "🦸"
          ]
        }
      ]
    },
    {
      "identifier": "5",
      "name": "Birthday 5",
      "publisher": "GANESH",
      "tray_image_file": "icon.png",
      "image_data_version": "1",
      "avoid_cache": false,
      "publisher_email":"feedbacktomyapp@gmail.com",
      "publisher_website": "https://sites.google.com/view/programmingwithganesh/home",
      "privacy_policy_website": "https://sites.google.com/view/programmingwithganesh/home",
      "license_agreement_website": "https://sites.google.com/view/programmingwithganesh/home",
      "animated_sticker_pack": false,
      "stickers": [
        {
          "image_file": "1.webp",
          "emojis": [
            "🥰",
            "😘",
            "❤️"
          ]
        },
        {
          "image_file": "2.webp",
          "emojis": [
            "✊",
            "💪",
            "🙏"
          ]
        },
        {
          "image_file": "3.webp",
          "emojis": [
            "❤️",
            "🥰",
            "💕"
          ]
        },
        {
          "image_file": "4.webp",
          "emojis": [
            "🖐",
            "🙌",
            "✋"
          ]
        },
        {
          "image_file": "5.webp",
          "emojis": [
            "📱",
            "👯❓",
            "👋"
          ]
        },
        {
          "image_file": "6.webp",
          "emojis": [
            "📱",
            "🙋‍♀",
            "🙋‍♂"
          ]
        },
        {
          "image_file": "7.webp",
          "emojis": [
            "❓👍",
            "👌",
            "🙂"
          ]
        },
        {
          "image_file": "8.webp",
          "emojis": [
            "👋",
            "❓",
            "📱"
          ]
        },
        {
          "image_file": "9.webp",
          "emojis": [
            "☕",
            "🍵",
            "🏠"
          ]
        },
        {
          "image_file": "10.webp",
          "emojis": [
            "👩‍💻❓",
            "👨‍💻",
            "🛏"
          ]
        },
        {
          "image_file": "11.webp",
          "emojis": [
            "❤️",
            "🥰",
            "🤙"
          ]
        },
        {
          "image_file": "12.webp",
          "emojis": [
            "🥰",
            "🐩❓",
            "💪"
          ]
        },
        {
          "image_file": "13.webp",
          "emojis": [
            "📰",
            "❓🔎",
            "🔍"
          ]
        },
        {
          "image_file": "14.webp",
          "emojis": [
            "🐈",
            "🐱",
            "💻"
          ]
        },
        {
          "image_file": "15.webp",
          "emojis": [
            "👩‍💻",
            "🏠",
            "❓"
          ]
        },
        {
          "image_file": "16.webp",
          "emojis": [
            "👩‍💻",
            "🏠",
            "❓"
          ]
        },
        {
          "image_file": "17.webp",
          "emojis": [
            "📰",
            "❓🔎",
            "🔍"
          ]
        },
        {
          "image_file": "18.webp",
          "emojis": [
            "🐈",
            "🐱",
            "💻"
          ]
        },
        {
          "image_file": "19.webp",
          "emojis": [
            "👩‍💻",
            "🏠",
            "❓"
          ]
        },
        {
          "image_file": "20.webp",
          "emojis": [
            "👩‍💻",
            "🏠",
            "❓"
          ]
        },                        
        {
          "image_file": "21.webp",
          "emojis": [
            "🙏",
            "🦸‍♀️",
            "🦸"
          ]
        }
      ]
    },
    {
      "identifier": "6",
      "name": "Birthday 6",
      "publisher": "GANESH",
      "tray_image_file": "icon.png",
      "image_data_version": "1",
      "avoid_cache": false,
      "publisher_email":"feedbacktomyapp@gmail.com",
      "publisher_website": "https://sites.google.com/view/programmingwithganesh/home",
      "privacy_policy_website": "https://sites.google.com/view/programmingwithganesh/home",
      "license_agreement_website": "https://sites.google.com/view/programmingwithganesh/home",
      "animated_sticker_pack": false,
      "stickers": [
        {
          "image_file": "1.webp",
          "emojis": [
            "🥰",
            "😘",
            "❤️"
          ]
        },
        {
          "image_file": "2.webp",
          "emojis": [
            "✊",
            "💪",
            "🙏"
          ]
        },
        {
          "image_file": "3.webp",
          "emojis": [
            "❤️",
            "🥰",
            "💕"
          ]
        },
        {
          "image_file": "4.webp",
          "emojis": [
            "🖐",
            "🙌",
            "✋"
          ]
        },
        {
          "image_file": "5.webp",
          "emojis": [
            "📱",
            "👯❓",
            "👋"
          ]
        },
        {
          "image_file": "6.webp",
          "emojis": [
            "📱",
            "🙋‍♀",
            "🙋‍♂"
          ]
        },
        {
          "image_file": "7.webp",
          "emojis": [
            "❓👍",
            "👌",
            "🙂"
          ]
        },
        {
          "image_file": "8.webp",
          "emojis": [
            "👋",
            "❓",
            "📱"
          ]
        },
        {
          "image_file": "9.webp",
          "emojis": [
            "☕",
            "🍵",
            "🏠"
          ]
        },
        {
          "image_file": "10.webp",
          "emojis": [
            "🙏",
            "🦸‍♀️",
            "🦸"
          ]
        }
      ]
    },
    {
      "identifier": "7",
      "name": "Birthday 7",
      "publisher": "GANESH",
      "tray_image_file": "icon.png",
      "image_data_version": "1",
      "avoid_cache": false,
      "publisher_email":"feedbacktomyapp@gmail.com",
      "publisher_website": "https://sites.google.com/view/programmingwithganesh/home",
      "privacy_policy_website": "https://sites.google.com/view/programmingwithganesh/home",
      "license_agreement_website": "https://sites.google.com/view/programmingwithganesh/home",
      "animated_sticker_pack": false,
      "stickers": [
        {
          "image_file": "1.webp",
          "emojis": [
            "🥰",
            "😘",
            "❤️"
          ]
        },
        {
          "image_file": "2.webp",
          "emojis": [
            "✊",
            "💪",
            "🙏"
          ]
        },
        {
          "image_file": "3.webp",
          "emojis": [
            "❤️",
            "🥰",
            "💕"
          ]
        },
        {
          "image_file": "4.webp",
          "emojis": [
            "🖐",
            "🙌",
            "✋"
          ]
        },
        {
          "image_file": "5.webp",
          "emojis": [
            "📱",
            "👯❓",
            "👋"
          ]
        },
        {
          "image_file": "6.webp",
          "emojis": [
            "📱",
            "🙋‍♀",
            "🙋‍♂"
          ]
        },
        {
          "image_file": "7.webp",
          "emojis": [
            "❓👍",
            "👌",
            "🙂"
          ]
        },
        {
          "image_file": "8.webp",
          "emojis": [
            "👋",
            "❓",
            "📱"
          ]
        },
        {
          "image_file": "9.webp",
          "emojis": [
            "☕",
            "🍵",
            "🏠"
          ]
        },
        {
          "image_file": "10.webp",
          "emojis": [
            "👩‍💻❓",
            "👨‍💻",
            "🛏"
          ]
        },
        {
          "image_file": "11.webp",
          "emojis": [
            "❤️",
            "🥰",
            "🤙"
          ]
        },
        {
          "image_file": "12.webp",
          "emojis": [
            "🥰",
            "🐩❓",
            "💪"
          ]
        },
        {
          "image_file": "13.webp",
          "emojis": [
            "📰",
            "❓🔎",
            "🔍"
          ]
        },
        {
          "image_file": "14.webp",
          "emojis": [
            "🐈",
            "🐱",
            "💻"
          ]
        },
        {
          "image_file": "15.webp",
          "emojis": [
            "🙏",
            "🦸‍♀️",
            "🦸"
          ]
        }
      ]
    },
    {
      "identifier": "8",
      "name": "Birthday 8",
      "publisher": "GANESH",
      "tray_image_file": "icon.png",
      "image_data_version": "1",
      "avoid_cache": false,
      "publisher_email":"feedbacktomyapp@gmail.com",
      "publisher_website": "https://sites.google.com/view/programmingwithganesh/home",
      "privacy_policy_website": "https://sites.google.com/view/programmingwithganesh/home",
      "license_agreement_website": "https://sites.google.com/view/programmingwithganesh/home",
      "animated_sticker_pack": false,
      "stickers": [
        {
          "image_file": "1.webp",
          "emojis": [
            "🥰",
            "😘",
            "❤️"
          ]
        },
        {
          "image_file": "2.webp",
          "emojis": [
            "✊",
            "💪",
            "🙏"
          ]
        },
        {
          "image_file": "3.webp",
          "emojis": [
            "❤️",
            "🥰",
            "💕"
          ]
        },
        {
          "image_file": "4.webp",
          "emojis": [
            "🖐",
            "🙌",
            "✋"
          ]
        },
        {
          "image_file": "5.webp",
          "emojis": [
            "📱",
            "👯❓",
            "👋"
          ]
        },
        {
          "image_file": "6.webp",
          "emojis": [
            "📱",
            "🙋‍♀",
            "🙋‍♂"
          ]
        },
        {
          "image_file": "7.webp",
          "emojis": [
            "❓👍",
            "👌",
            "🙂"
          ]
        },
        {
          "image_file": "8.webp",
          "emojis": [
            "👋",
            "❓",
            "📱"
          ]
        },
        {
          "image_file": "9.webp",
          "emojis": [
            "☕",
            "🍵",
            "🏠"
          ]
        },
        {
          "image_file": "10.webp",
          "emojis": [
            "👩‍💻❓",
            "👨‍💻",
            "🛏"
          ]
        },
        {
          "image_file": "11.webp",
          "emojis": [
            "❤️",
            "🥰",
            "🤙"
          ]
        },
        {
          "image_file": "12.webp",
          "emojis": [
            "🥰",
            "🐩❓",
            "💪"
          ]
        },
        {
          "image_file": "13.webp",
          "emojis": [
            "📰",
            "❓🔎",
            "🔍"
          ]
        },
        {
          "image_file": "14.webp",
          "emojis": [
            "🙏",
            "🦸‍♀️",
            "🦸"
          ]
        }
      ]
    }
  ]
}
