{
  "android_play_store_link": "",
  "ios_app_store_link": "",
  "sticker_packs": [

    {
      "identifier": "1",
      "name": "BTS Sticker Pack 1",
      "publisher": "GANESH",
      "tray_image_file": "asset1.webp",
      "image_data_version": "1",
      "avoid_cache": false,
      "publisher_email":"feedbacktomyapp@gmail.com",
      "publisher_website": "https://sites.google.com/view/programmingwithganesh/home",
      "privacy_policy_website": "https://sites.google.com/view/programmingwithganesh/home",
      "license_agreement_website": "https://sites.google.com/view/programmingwithganesh/home",
      "stickers": [
        {
          "image_file": "asset1.webp",
          "emojis": [
            "☕",
            "🙂"
          ]
        },
        {
          "image_file": "asset2.webp",
          "emojis": [
            "☕",
            "🙂"
          ]
        },
        {
          "image_file": "asset3.webp",
          "emojis": [
            "☕",
            "🙂"
          ]
        },
        {
          "image_file": "asset4.webp",
          "emojis": [
            "☕",
            "🙂"
          ]
        },
        {
          "image_file": "asset5.webp",
          "emojis": [
            "☕",
            "🙂"
          ]
        },
        {
          "image_file": "asset6.webp",
          "emojis": [
            "☕",
            "🙂"
          ]
        },
        {
          "image_file": "asset7.webp",
          "emojis": [
            "☕",
            "🙂"
          ]
        },
        {
          "image_file": "asset8.webp",
          "emojis": [
            "☕",
            "🙂"
          ]
        },
        {
          "image_file": "asset9.webp",
          "emojis": [
            "☕",
            "🙂"
          ]
        },
        {
          "image_file": "asset10.webp",
          "emojis": [
            "☕",
            "🙂"
          ]
        },
        {
          "image_file": "asset11.webp",
          "emojis": [
            "☕",
            "🙂"
          ]
        },
        {
          "image_file": "asset12.webp",
          "emojis": [
            "☕",
            "🙂"
          ]
        },
        {
          "image_file": "asset13.webp",
          "emojis": [
            "☕",
            "🙂"
          ]
        },
        {
          "image_file": "asset14.webp",
          "emojis": [
            "☕",
            "🙂"
          ]
        },
        {
          "image_file": "asset15.webp",
          "emojis": [
            "☕",
            "🙂"
          ]
        },
        {
          "image_file": "asset16.webp",
          "emojis": [
            "☕",
            "🙂"
          ]
        },
        {
          "image_file": "asset17.webp",
          "emojis": [
            "☕",
            "🙂"
          ]
        },
        {
          "image_file": "asset18.webp",
          "emojis": [
            "☕",
            "🙂"
          ]
        },
        {
          "image_file": "asset19.webp",
          "emojis": [
            "☕",
            "🙂"
          ]
        },
        {
          "image_file": "asset20.webp",
          "emojis": [
            "☕",
            "🙂"
          ]
        },
        {
          "image_file": "asset21.webp",
          "emojis": [
            "☕",
            "🙂"
          ]
        },
        {
          "image_file": "asset22.webp",
          "emojis": [
            "☕",
            "🙂"
          ]
        },
        {
          "image_file": "asset23.webp",
          "emojis": [
            "☕",
            "🙂"
          ]
        },
        {
          "image_file": "asset24.webp",
          "emojis": [
            "☕",
            "🙂"
          ]
        },
        {
          "image_file": "asset25.webp",
          "emojis": [
            "☕",
            "🙂"
          ]
        },
        {
          "image_file": "asset26.webp",
          "emojis": [
            "☕",
            "🙂"
          ]
        },
        {
          "image_file": "asset27.webp",
          "emojis": [
            "☕",
            "🙂"
          ]
        },
        {
          "image_file": "asset28.webp",
          "emojis": [
            "☕",
            "🙂"
          ]
        },
        {
          "image_file": "asset29.webp",
          "emojis": [
            "☕",
            "🙂"
          ]
        },
        {
          "image_file": "asset30.webp",
          "emojis": [
            "☕",
            "🙂"
          ]
        }


      ]
    },
    {
      "identifier": "2",
      "name": "BTS Sticker Pack 2",
      "publisher": "GANESH",
      "tray_image_file": "asset1.webp",
      "image_data_version": "2",
      "avoid_cache": false,
      "publisher_email":"feedbacktomyapp@gmail.com",
      "publisher_website": "https://sites.google.com/view/programmingwithganesh/home",
      "privacy_policy_website": "https://sites.google.com/view/programmingwithganesh/home",
      "license_agreement_website": "https://sites.google.com/view/programmingwithganesh/home",
      "stickers": [
        {
          "image_file": "asset1.webp",
          "emojis": [
            "☕",
            "🙂"
          ]
        },
        {
          "image_file": "asset2.webp",
          "emojis": [
            "☕",
            "🙂"
          ]
        },
        {
          "image_file": "asset3.webp",
          "emojis": [
            "☕",
            "🙂"
          ]
        },
        {
          "image_file": "asset4.webp",
          "emojis": [
            "☕",
            "🙂"
          ]
        },
        {
          "image_file": "asset5.webp",
          "emojis": [
            "☕",
            "🙂"
          ]
        },
        {
          "image_file": "asset6.webp",
          "emojis": [
            "☕",
            "🙂"
          ]
        },
        {
          "image_file": "asset7.webp",
          "emojis": [
            "☕",
            "🙂"
          ]
        },
        {
          "image_file": "asset8.webp",
          "emojis": [
            "☕",
            "🙂"
          ]
        },
        {
          "image_file": "asset9.webp",
          "emojis": [
            "☕",
            "🙂"
          ]
        },
        {
          "image_file": "asset10.webp",
          "emojis": [
            "☕",
            "🙂"
          ]
        },
        {
          "image_file": "asset11.webp",
          "emojis": [
            "☕",
            "🙂"
          ]
        },
        {
          "image_file": "asset12.webp",
          "emojis": [
            "☕",
            "🙂"
          ]
        },
        {
          "image_file": "asset13.webp",
          "emojis": [
            "☕",
            "🙂"
          ]
        },
        {
          "image_file": "asset14.webp",
          "emojis": [
            "☕",
            "🙂"
          ]
        },
        {
          "image_file": "asset15.webp",
          "emojis": [
            "☕",
            "🙂"
          ]
        },
        {
          "image_file": "asset16.webp",
          "emojis": [
            "☕",
            "🙂"
          ]
        },
        {
          "image_file": "asset17.webp",
          "emojis": [
            "☕",
            "🙂"
          ]
        },
        {
          "image_file": "asset18.webp",
          "emojis": [
            "☕",
            "🙂"
          ]
        },
        {
          "image_file": "asset19.webp",
          "emojis": [
            "☕",
            "🙂"
          ]
        },
        {
          "image_file": "asset20.webp",
          "emojis": [
            "☕",
            "🙂"
          ]
        },
        {
          "image_file": "asset21.webp",
          "emojis": [
            "☕",
            "🙂"
          ]
        },
        {
          "image_file": "asset22.webp",
          "emojis": [
            "☕",
            "🙂"
          ]
        },
        {
          "image_file": "asset23.webp",
          "emojis": [
            "☕",
            "🙂"
          ]
        },
        {
          "image_file": "asset24.webp",
          "emojis": [
            "☕",
            "🙂"
          ]
        },
        {
          "image_file": "asset25.webp",
          "emojis": [
            "☕",
            "🙂"
          ]
        },
        {
          "image_file": "asset26.webp",
          "emojis": [
            "☕",
            "🙂"
          ]
        },
        {
          "image_file": "asset27.webp",
          "emojis": [
            "☕",
            "🙂"
          ]
        },
        {
          "image_file": "asset28.webp",
          "emojis": [
            "☕",
            "🙂"
          ]
        },
        {
          "image_file": "asset29.webp",
          "emojis": [
            "☕",
            "🙂"
          ]
        },
        {
          "image_file": "asset30.webp",
          "emojis": [
            "☕",
            "🙂"
          ]
        }


      ]
    },
    {
      "identifier": "3",
      "name": "BTS Sticker Pack 3",
      "publisher": "GANESH",
      "tray_image_file": "asset1.webp",
      "image_data_version": "3",
      "avoid_cache": false,
      "publisher_email":"feedbacktomyapp@gmail.com",
      "publisher_website": "https://sites.google.com/view/programmingwithganesh/home",
      "privacy_policy_website": "https://sites.google.com/view/programmingwithganesh/home",
      "license_agreement_website": "https://sites.google.com/view/programmingwithganesh/home",
      "stickers": [
        {
          "image_file": "asset1.webp",
          "emojis": [
            "☕",
            "🙂"
          ]
        },
        {
          "image_file": "asset2.webp",
          "emojis": [
            "☕",
            "🙂"
          ]
        },
        {
          "image_file": "asset3.webp",
          "emojis": [
            "☕",
            "🙂"
          ]
        },
        {
          "image_file": "asset4.webp",
          "emojis": [
            "☕",
            "🙂"
          ]
        },
        {
          "image_file": "asset5.webp",
          "emojis": [
            "☕",
            "🙂"
          ]
        },
        {
          "image_file": "asset6.webp",
          "emojis": [
            "☕",
            "🙂"
          ]
        },
        {
          "image_file": "asset7.webp",
          "emojis": [
            "☕",
            "🙂"
          ]
        },
        {
          "image_file": "asset8.webp",
          "emojis": [
            "☕",
            "🙂"
          ]
        },
        {
          "image_file": "asset9.webp",
          "emojis": [
            "☕",
            "🙂"
          ]
        },
        {
          "image_file": "asset10.webp",
          "emojis": [
            "☕",
            "🙂"
          ]
        },
        {
          "image_file": "asset11.webp",
          "emojis": [
            "☕",
            "🙂"
          ]
        },
        {
          "image_file": "asset12.webp",
          "emojis": [
            "☕",
            "🙂"
          ]
        },
        {
          "image_file": "asset13.webp",
          "emojis": [
            "☕",
            "🙂"
          ]
        },
        {
          "image_file": "asset14.webp",
          "emojis": [
            "☕",
            "🙂"
          ]
        },
        {
          "image_file": "asset15.webp",
          "emojis": [
            "☕",
            "🙂"
          ]
        },
        {
          "image_file": "asset16.webp",
          "emojis": [
            "☕",
            "🙂"
          ]
        },
        {
          "image_file": "asset17.webp",
          "emojis": [
            "☕",
            "🙂"
          ]
        },
        {
          "image_file": "asset18.webp",
          "emojis": [
            "☕",
            "🙂"
          ]
        },
        {
          "image_file": "asset19.webp",
          "emojis": [
            "☕",
            "🙂"
          ]
        },
        {
          "image_file": "asset20.webp",
          "emojis": [
            "☕",
            "🙂"
          ]
        },
        {
          "image_file": "asset21.webp",
          "emojis": [
            "☕",
            "🙂"
          ]
        },
        {
          "image_file": "asset22.webp",
          "emojis": [
            "☕",
            "🙂"
          ]
        },
        {
          "image_file": "asset23.webp",
          "emojis": [
            "☕",
            "🙂"
          ]
        },
        {
          "image_file": "asset24.webp",
          "emojis": [
            "☕",
            "🙂"
          ]
        },
        {
          "image_file": "asset25.webp",
          "emojis": [
            "☕",
            "🙂"
          ]
        },
        {
          "image_file": "asset26.webp",
          "emojis": [
            "☕",
            "🙂"
          ]
        },
        {
          "image_file": "asset27.webp",
          "emojis": [
            "☕",
            "🙂"
          ]
        },
        {
          "image_file": "asset28.webp",
          "emojis": [
            "☕",
            "🙂"
          ]
        },
        {
          "image_file": "asset29.webp",
          "emojis": [
            "☕",
            "🙂"
          ]
        },
        {
          "image_file": "asset30.webp",
          "emojis": [
            "☕",
            "🙂"
          ]
        }


      ]
    },
    {
      "identifier": "4",
      "name": "BTS Sticker Pack 4",
      "publisher": "GANESH",
      "tray_image_file": "asset1.webp",
      "image_data_version": "4",
      "avoid_cache": false,
      "publisher_email":"feedbacktomyapp@gmail.com",
      "publisher_website": "https://sites.google.com/view/programmingwithganesh/home",
      "privacy_policy_website": "https://sites.google.com/view/programmingwithganesh/home",
      "license_agreement_website": "https://sites.google.com/view/programmingwithganesh/home",
      "stickers": [
        {
          "image_file": "asset1.webp",
          "emojis": [
            "☕",
            "🙂"
          ]
        },
        {
          "image_file": "asset2.webp",
          "emojis": [
            "☕",
            "🙂"
          ]
        },
        {
          "image_file": "asset3.webp",
          "emojis": [
            "☕",
            "🙂"
          ]
        },
        {
          "image_file": "asset4.webp",
          "emojis": [
            "☕",
            "🙂"
          ]
        },
        {
          "image_file": "asset5.webp",
          "emojis": [
            "☕",
            "🙂"
          ]
        },
        {
          "image_file": "asset6.webp",
          "emojis": [
            "☕",
            "🙂"
          ]
        },
        {
          "image_file": "asset7.webp",
          "emojis": [
            "☕",
            "🙂"
          ]
        },
        {
          "image_file": "asset8.webp",
          "emojis": [
            "☕",
            "🙂"
          ]
        },
        {
          "image_file": "asset9.webp",
          "emojis": [
            "☕",
            "🙂"
          ]
        },
        {
          "image_file": "asset10.webp",
          "emojis": [
            "☕",
            "🙂"
          ]
        },
        {
          "image_file": "asset11.webp",
          "emojis": [
            "☕",
            "🙂"
          ]
        },
        {
          "image_file": "asset12.webp",
          "emojis": [
            "☕",
            "🙂"
          ]
        },
        {
          "image_file": "asset13.webp",
          "emojis": [
            "☕",
            "🙂"
          ]
        },
        {
          "image_file": "asset14.webp",
          "emojis": [
            "☕",
            "🙂"
          ]
        },
        {
          "image_file": "asset15.webp",
          "emojis": [
            "☕",
            "🙂"
          ]
        },
        {
          "image_file": "asset16.webp",
          "emojis": [
            "☕",
            "🙂"
          ]
        },
        {
          "image_file": "asset17.webp",
          "emojis": [
            "☕",
            "🙂"
          ]
        },
        {
          "image_file": "asset18.webp",
          "emojis": [
            "☕",
            "🙂"
          ]
        },
        {
          "image_file": "asset19.webp",
          "emojis": [
            "☕",
            "🙂"
          ]
        },
        {
          "image_file": "asset20.webp",
          "emojis": [
            "☕",
            "🙂"
          ]
        },
        {
          "image_file": "asset21.webp",
          "emojis": [
            "☕",
            "🙂"
          ]
        },
        {
          "image_file": "asset22.webp",
          "emojis": [
            "☕",
            "🙂"
          ]
        },
        {
          "image_file": "asset23.webp",
          "emojis": [
            "☕",
            "🙂"
          ]
        },
        {
          "image_file": "asset24.webp",
          "emojis": [
            "☕",
            "🙂"
          ]
        },
        {
          "image_file": "asset25.webp",
          "emojis": [
            "☕",
            "🙂"
          ]
        },
        {
          "image_file": "asset26.webp",
          "emojis": [
            "☕",
            "🙂"
          ]
        },
        {
          "image_file": "asset27.webp",
          "emojis": [
            "☕",
            "🙂"
          ]
        },
        {
          "image_file": "asset28.webp",
          "emojis": [
            "☕",
            "🙂"
          ]
        },
        {
          "image_file": "asset29.webp",
          "emojis": [
            "☕",
            "🙂"
          ]
        },
        {
          "image_file": "asset30.webp",
          "emojis": [
            "☕",
            "🙂"
          ]
        }


      ]
    },
    {
      "identifier": "5",
      "name": "BTS Sticker Pack 5",
      "publisher": "GANESH",
      "tray_image_file": "asset1.webp",
      "image_data_version": "5",
      "avoid_cache": false,
      "publisher_email":"feedbacktomyapp@gmail.com",
      "publisher_website": "https://sites.google.com/view/programmingwithganesh/home",
      "privacy_policy_website": "https://sites.google.com/view/programmingwithganesh/home",
      "license_agreement_website": "https://sites.google.com/view/programmingwithganesh/home",
      "stickers": [
        {
          "image_file": "asset1.webp",
          "emojis": [
            "☕",
            "🙂"
          ]
        },
        {
          "image_file": "asset2.webp",
          "emojis": [
            "☕",
            "🙂"
          ]
        },
        {
          "image_file": "asset3.webp",
          "emojis": [
            "☕",
            "🙂"
          ]
        },
        {
          "image_file": "asset4.webp",
          "emojis": [
            "☕",
            "🙂"
          ]
        },
        {
          "image_file": "asset5.webp",
          "emojis": [
            "☕",
            "🙂"
          ]
        },
        {
          "image_file": "asset6.webp",
          "emojis": [
            "☕",
            "🙂"
          ]
        },
        {
          "image_file": "asset7.webp",
          "emojis": [
            "☕",
            "🙂"
          ]
        },
        {
          "image_file": "asset8.webp",
          "emojis": [
            "☕",
            "🙂"
          ]
        },
        {
          "image_file": "asset9.webp",
          "emojis": [
            "☕",
            "🙂"
          ]
        },
        {
          "image_file": "asset10.webp",
          "emojis": [
            "☕",
            "🙂"
          ]
        },
        {
          "image_file": "asset11.webp",
          "emojis": [
            "☕",
            "🙂"
          ]
        },
        {
          "image_file": "asset12.webp",
          "emojis": [
            "☕",
            "🙂"
          ]
        },
        {
          "image_file": "asset13.webp",
          "emojis": [
            "☕",
            "🙂"
          ]
        },
        {
          "image_file": "asset14.webp",
          "emojis": [
            "☕",
            "🙂"
          ]
        },
        {
          "image_file": "asset15.webp",
          "emojis": [
            "☕",
            "🙂"
          ]
        },
        {
          "image_file": "asset16.webp",
          "emojis": [
            "☕",
            "🙂"
          ]
        },
        {
          "image_file": "asset17.webp",
          "emojis": [
            "☕",
            "🙂"
          ]
        },
        {
          "image_file": "asset18.webp",
          "emojis": [
            "☕",
            "🙂"
          ]
        },
        {
          "image_file": "asset19.webp",
          "emojis": [
            "☕",
            "🙂"
          ]
        },
        {
          "image_file": "asset20.webp",
          "emojis": [
            "☕",
            "🙂"
          ]
        },
        {
          "image_file": "asset21.webp",
          "emojis": [
            "☕",
            "🙂"
          ]
        },
        {
          "image_file": "asset22.webp",
          "emojis": [
            "☕",
            "🙂"
          ]
        },
        {
          "image_file": "asset23.webp",
          "emojis": [
            "☕",
            "🙂"
          ]
        },
        {
          "image_file": "asset24.webp",
          "emojis": [
            "☕",
            "🙂"
          ]
        },
        {
          "image_file": "asset25.webp",
          "emojis": [
            "☕",
            "🙂"
          ]
        },
        {
          "image_file": "asset26.webp",
          "emojis": [
            "☕",
            "🙂"
          ]
        },
        {
          "image_file": "asset27.webp",
          "emojis": [
            "☕",
            "🙂"
          ]
        },
        {
          "image_file": "asset28.webp",
          "emojis": [
            "☕",
            "🙂"
          ]
        },
        {
          "image_file": "asset29.webp",
          "emojis": [
            "☕",
            "🙂"
          ]
        },
        {
          "image_file": "asset30.webp",
          "emojis": [
            "☕",
            "🙂"
          ]
        }


      ]
    },
    {
      "identifier": "6",
      "name": "BTS Sticker Pack 6",
      "publisher": "GANESH",
      "tray_image_file": "asset1.webp",
      "image_data_version": "6",
      "avoid_cache": false,
      "publisher_email":"feedbacktomyapp@gmail.com",
      "publisher_website": "https://sites.google.com/view/programmingwithganesh/home",
      "privacy_policy_website": "https://sites.google.com/view/programmingwithganesh/home",
      "license_agreement_website": "https://sites.google.com/view/programmingwithganesh/home",
      "stickers": [
        {
          "image_file": "asset1.webp",
          "emojis": [
            "☕",
            "🙂"
          ]
        },
        {
          "image_file": "asset2.webp",
          "emojis": [
            "☕",
            "🙂"
          ]
        },
        {
          "image_file": "asset3.webp",
          "emojis": [
            "☕",
            "🙂"
          ]
        },
        {
          "image_file": "asset4.webp",
          "emojis": [
            "☕",
            "🙂"
          ]
        },
        {
          "image_file": "asset5.webp",
          "emojis": [
            "☕",
            "🙂"
          ]
        },
        {
          "image_file": "asset6.webp",
          "emojis": [
            "☕",
            "🙂"
          ]
        },
        {
          "image_file": "asset7.webp",
          "emojis": [
            "☕",
            "🙂"
          ]
        },
        {
          "image_file": "asset8.webp",
          "emojis": [
            "☕",
            "🙂"
          ]
        },
        {
          "image_file": "asset9.webp",
          "emojis": [
            "☕",
            "🙂"
          ]
        },
        {
          "image_file": "asset10.webp",
          "emojis": [
            "☕",
            "🙂"
          ]
        },
        {
          "image_file": "asset11.webp",
          "emojis": [
            "☕",
            "🙂"
          ]
        },
        {
          "image_file": "asset12.webp",
          "emojis": [
            "☕",
            "🙂"
          ]
        },
        {
          "image_file": "asset13.webp",
          "emojis": [
            "☕",
            "🙂"
          ]
        },
        {
          "image_file": "asset14.webp",
          "emojis": [
            "☕",
            "🙂"
          ]
        },
        {
          "image_file": "asset15.webp",
          "emojis": [
            "☕",
            "🙂"
          ]
        },
        {
          "image_file": "asset16.webp",
          "emojis": [
            "☕",
            "🙂"
          ]
        },
        {
          "image_file": "asset17.webp",
          "emojis": [
            "☕",
            "🙂"
          ]
        },
        {
          "image_file": "asset18.webp",
          "emojis": [
            "☕",
            "🙂"
          ]
        },
        {
          "image_file": "asset19.webp",
          "emojis": [
            "☕",
            "🙂"
          ]
        },
        {
          "image_file": "asset20.webp",
          "emojis": [
            "☕",
            "🙂"
          ]
        },
        {
          "image_file": "asset21.webp",
          "emojis": [
            "☕",
            "🙂"
          ]
        },
        {
          "image_file": "asset22.webp",
          "emojis": [
            "☕",
            "🙂"
          ]
        },
        {
          "image_file": "asset23.webp",
          "emojis": [
            "☕",
            "🙂"
          ]
        },
        {
          "image_file": "asset24.webp",
          "emojis": [
            "☕",
            "🙂"
          ]
        },
        {
          "image_file": "asset25.webp",
          "emojis": [
            "☕",
            "🙂"
          ]
        },
        {
          "image_file": "asset26.webp",
          "emojis": [
            "☕",
            "🙂"
          ]
        },
        {
          "image_file": "asset27.webp",
          "emojis": [
            "☕",
            "🙂"
          ]
        },
        {
          "image_file": "asset28.webp",
          "emojis": [
            "☕",
            "🙂"
          ]
        },
        {
          "image_file": "asset29.webp",
          "emojis": [
            "☕",
            "🙂"
          ]
        },
        {
          "image_file": "asset30.webp",
          "emojis": [
            "☕",
            "🙂"
          ]
        }


      ]
    },
    {
      "identifier": "7",
      "name": "BTS Sticker Pack 7",
      "publisher": "GANESH",
      "tray_image_file": "asset1.webp",
      "image_data_version": "7",
      "avoid_cache": false,
      "publisher_email":"feedbacktomyapp@gmail.com",
      "publisher_website": "https://sites.google.com/view/programmingwithganesh/home",
      "privacy_policy_website": "https://sites.google.com/view/programmingwithganesh/home",
      "license_agreement_website": "https://sites.google.com/view/programmingwithganesh/home",
      "stickers": [
        {
          "image_file": "asset1.webp",
          "emojis": [
            "☕",
            "🙂"
          ]
        },
        {
          "image_file": "asset2.webp",
          "emojis": [
            "☕",
            "🙂"
          ]
        },
        {
          "image_file": "asset3.webp",
          "emojis": [
            "☕",
            "🙂"
          ]
        },
        {
          "image_file": "asset4.webp",
          "emojis": [
            "☕",
            "🙂"
          ]
        },
        {
          "image_file": "asset5.webp",
          "emojis": [
            "☕",
            "🙂"
          ]
        },
        {
          "image_file": "asset6.webp",
          "emojis": [
            "☕",
            "🙂"
          ]
        },
        {
          "image_file": "asset7.webp",
          "emojis": [
            "☕",
            "🙂"
          ]
        },
        {
          "image_file": "asset8.webp",
          "emojis": [
            "☕",
            "🙂"
          ]
        },
        {
          "image_file": "asset9.webp",
          "emojis": [
            "☕",
            "🙂"
          ]
        },
        {
          "image_file": "asset10.webp",
          "emojis": [
            "☕",
            "🙂"
          ]
        },
        {
          "image_file": "asset11.webp",
          "emojis": [
            "☕",
            "🙂"
          ]
        },
        {
          "image_file": "asset12.webp",
          "emojis": [
            "☕",
            "🙂"
          ]
        },
        {
          "image_file": "asset13.webp",
          "emojis": [
            "☕",
            "🙂"
          ]
        },
        {
          "image_file": "asset14.webp",
          "emojis": [
            "☕",
            "🙂"
          ]
        },
        {
          "image_file": "asset15.webp",
          "emojis": [
            "☕",
            "🙂"
          ]
        },
        {
          "image_file": "asset16.webp",
          "emojis": [
            "☕",
            "🙂"
          ]
        },
        {
          "image_file": "asset17.webp",
          "emojis": [
            "☕",
            "🙂"
          ]
        },
        {
          "image_file": "asset18.webp",
          "emojis": [
            "☕",
            "🙂"
          ]
        },
        {
          "image_file": "asset19.webp",
          "emojis": [
            "☕",
            "🙂"
          ]
        },
        {
          "image_file": "asset20.webp",
          "emojis": [
            "☕",
            "🙂"
          ]
        },
        {
          "image_file": "asset21.webp",
          "emojis": [
            "☕",
            "🙂"
          ]
        },
        {
          "image_file": "asset22.webp",
          "emojis": [
            "☕",
            "🙂"
          ]
        },
        {
          "image_file": "asset23.webp",
          "emojis": [
            "☕",
            "🙂"
          ]
        },
        {
          "image_file": "asset24.webp",
          "emojis": [
            "☕",
            "🙂"
          ]
        },
        {
          "image_file": "asset25.webp",
          "emojis": [
            "☕",
            "🙂"
          ]
        },
        {
          "image_file": "asset26.webp",
          "emojis": [
            "☕",
            "🙂"
          ]
        },
        {
          "image_file": "asset27.webp",
          "emojis": [
            "☕",
            "🙂"
          ]
        },
        {
          "image_file": "asset28.webp",
          "emojis": [
            "☕",
            "🙂"
          ]
        },
        {
          "image_file": "asset29.webp",
          "emojis": [
            "☕",
            "🙂"
          ]
        },
        {
          "image_file": "asset30.webp",
          "emojis": [
            "☕",
            "🙂"
          ]
        }


      ]
    },
    {
      "identifier": "8",
      "name": "BTS Sticker Pack 8",
      "publisher": "GANESH",
      "tray_image_file": "asset1.webp",
      "image_data_version": "8",
      "avoid_cache": false,
      "publisher_email":"feedbacktomyapp@gmail.com",
      "publisher_website": "https://sites.google.com/view/programmingwithganesh/home",
      "privacy_policy_website": "https://sites.google.com/view/programmingwithganesh/home",
      "license_agreement_website": "https://sites.google.com/view/programmingwithganesh/home",
      "stickers": [
        {
          "image_file": "asset1.webp",
          "emojis": [
            "☕",
            "🙂"
          ]
        },
        {
          "image_file": "asset2.webp",
          "emojis": [
            "☕",
            "🙂"
          ]
        },
        {
          "image_file": "asset3.webp",
          "emojis": [
            "☕",
            "🙂"
          ]
        },
        {
          "image_file": "asset4.webp",
          "emojis": [
            "☕",
            "🙂"
          ]
        },
        {
          "image_file": "asset5.webp",
          "emojis": [
            "☕",
            "🙂"
          ]
        },
        {
          "image_file": "asset6.webp",
          "emojis": [
            "☕",
            "🙂"
          ]
        },
        {
          "image_file": "asset7.webp",
          "emojis": [
            "☕",
            "🙂"
          ]
        },
        {
          "image_file": "asset8.webp",
          "emojis": [
            "☕",
            "🙂"
          ]
        },
        {
          "image_file": "asset9.webp",
          "emojis": [
            "☕",
            "🙂"
          ]
        },
        {
          "image_file": "asset10.webp",
          "emojis": [
            "☕",
            "🙂"
          ]
        },
        {
          "image_file": "asset11.webp",
          "emojis": [
            "☕",
            "🙂"
          ]
        },
        {
          "image_file": "asset12.webp",
          "emojis": [
            "☕",
            "🙂"
          ]
        },
        {
          "image_file": "asset13.webp",
          "emojis": [
            "☕",
            "🙂"
          ]
        },
        {
          "image_file": "asset14.webp",
          "emojis": [
            "☕",
            "🙂"
          ]
        },
        {
          "image_file": "asset15.webp",
          "emojis": [
            "☕",
            "🙂"
          ]
        },
        {
          "image_file": "asset16.webp",
          "emojis": [
            "☕",
            "🙂"
          ]
        },
        {
          "image_file": "asset17.webp",
          "emojis": [
            "☕",
            "🙂"
          ]
        },
        {
          "image_file": "asset18.webp",
          "emojis": [
            "☕",
            "🙂"
          ]
        },
        {
          "image_file": "asset19.webp",
          "emojis": [
            "☕",
            "🙂"
          ]
        },
        {
          "image_file": "asset20.webp",
          "emojis": [
            "☕",
            "🙂"
          ]
        },
        {
          "image_file": "asset21.webp",
          "emojis": [
            "☕",
            "🙂"
          ]
        },
        {
          "image_file": "asset22.webp",
          "emojis": [
            "☕",
            "🙂"
          ]
        },
        {
          "image_file": "asset23.webp",
          "emojis": [
            "☕",
            "🙂"
          ]
        },
        {
          "image_file": "asset24.webp",
          "emojis": [
            "☕",
            "🙂"
          ]
        },
        {
          "image_file": "asset25.webp",
          "emojis": [
            "☕",
            "🙂"
          ]
        },
        {
          "image_file": "asset26.webp",
          "emojis": [
            "☕",
            "🙂"
          ]
        },
        {
          "image_file": "asset27.webp",
          "emojis": [
            "☕",
            "🙂"
          ]
        },
        {
          "image_file": "asset28.webp",
          "emojis": [
            "☕",
            "🙂"
          ]
        },
        {
          "image_file": "asset29.webp",
          "emojis": [
            "☕",
            "🙂"
          ]
        },
        {
          "image_file": "asset30.webp",
          "emojis": [
            "☕",
            "🙂"
          ]
        }


      ]
    },
    {
      "identifier": "9",
      "name": "BTS Sticker Pack 9",
      "publisher": "GANESH",
      "tray_image_file": "asset1.webp",
      "image_data_version": "9",
      "avoid_cache": false,
      "publisher_email":"feedbacktomyapp@gmail.com",
      "publisher_website": "https://sites.google.com/view/programmingwithganesh/home",
      "privacy_policy_website": "https://sites.google.com/view/programmingwithganesh/home",
      "license_agreement_website": "https://sites.google.com/view/programmingwithganesh/home",
      "stickers": [
        {
          "image_file": "asset1.webp",
          "emojis": [
            "☕",
            "🙂"
          ]
        },
        {
          "image_file": "asset2.webp",
          "emojis": [
            "☕",
            "🙂"
          ]
        },
        {
          "image_file": "asset3.webp",
          "emojis": [
            "☕",
            "🙂"
          ]
        },
        {
          "image_file": "asset4.webp",
          "emojis": [
            "☕",
            "🙂"
          ]
        },
        {
          "image_file": "asset5.webp",
          "emojis": [
            "☕",
            "🙂"
          ]
        },
        {
          "image_file": "asset6.webp",
          "emojis": [
            "☕",
            "🙂"
          ]
        },
        {
          "image_file": "asset7.webp",
          "emojis": [
            "☕",
            "🙂"
          ]
        },
        {
          "image_file": "asset8.webp",
          "emojis": [
            "☕",
            "🙂"
          ]
        },
        {
          "image_file": "asset9.webp",
          "emojis": [
            "☕",
            "🙂"
          ]
        },
        {
          "image_file": "asset10.webp",
          "emojis": [
            "☕",
            "🙂"
          ]
        },
        {
          "image_file": "asset11.webp",
          "emojis": [
            "☕",
            "🙂"
          ]
        },
        {
          "image_file": "asset12.webp",
          "emojis": [
            "☕",
            "🙂"
          ]
        },
        {
          "image_file": "asset13.webp",
          "emojis": [
            "☕",
            "🙂"
          ]
        },
        {
          "image_file": "asset14.webp",
          "emojis": [
            "☕",
            "🙂"
          ]
        },
        {
          "image_file": "asset15.webp",
          "emojis": [
            "☕",
            "🙂"
          ]
        },
        {
          "image_file": "asset16.webp",
          "emojis": [
            "☕",
            "🙂"
          ]
        },
        {
          "image_file": "asset17.webp",
          "emojis": [
            "☕",
            "🙂"
          ]
        },
        {
          "image_file": "asset18.webp",
          "emojis": [
            "☕",
            "🙂"
          ]
        },
        {
          "image_file": "asset19.webp",
          "emojis": [
            "☕",
            "🙂"
          ]
        },
        {
          "image_file": "asset20.webp",
          "emojis": [
            "☕",
            "🙂"
          ]
        },
        {
          "image_file": "asset21.webp",
          "emojis": [
            "☕",
            "🙂"
          ]
        },
        {
          "image_file": "asset22.webp",
          "emojis": [
            "☕",
            "🙂"
          ]
        },
        {
          "image_file": "asset23.webp",
          "emojis": [
            "☕",
            "🙂"
          ]
        },
        {
          "image_file": "asset24.webp",
          "emojis": [
            "☕",
            "🙂"
          ]
        },
        {
          "image_file": "asset25.webp",
          "emojis": [
            "☕",
            "🙂"
          ]
        },
        {
          "image_file": "asset26.webp",
          "emojis": [
            "☕",
            "🙂"
          ]
        },
        {
          "image_file": "asset27.webp",
          "emojis": [
            "☕",
            "🙂"
          ]
        },
        {
          "image_file": "asset28.webp",
          "emojis": [
            "☕",
            "🙂"
          ]
        },
        {
          "image_file": "asset29.webp",
          "emojis": [
            "☕",
            "🙂"
          ]
        },
        {
          "image_file": "asset30.webp",
          "emojis": [
            "☕",
            "🙂"
          ]
        }


      ]
    },
    {
      "identifier": "10",
      "name": "BTS Sticker Pack 10",
      "publisher": "GANESH",
      "tray_image_file": "asset1.webp",
      "image_data_version": "10",
      "avoid_cache": false,
      "publisher_email":"feedbacktomyapp@gmail.com",
      "publisher_website": "https://sites.google.com/view/programmingwithganesh/home",
      "privacy_policy_website": "https://sites.google.com/view/programmingwithganesh/home",
      "license_agreement_website": "https://sites.google.com/view/programmingwithganesh/home",
      "stickers": [
        {
          "image_file": "asset1.webp",
          "emojis": [
            "☕",
            "🙂"
          ]
        },
        {
          "image_file": "asset2.webp",
          "emojis": [
            "☕",
            "🙂"
          ]
        },
        {
          "image_file": "asset3.webp",
          "emojis": [
            "☕",
            "🙂"
          ]
        },
        {
          "image_file": "asset4.webp",
          "emojis": [
            "☕",
            "🙂"
          ]
        },
        {
          "image_file": "asset5.webp",
          "emojis": [
            "☕",
            "🙂"
          ]
        },
        {
          "image_file": "asset6.webp",
          "emojis": [
            "☕",
            "🙂"
          ]
        },
        {
          "image_file": "asset7.webp",
          "emojis": [
            "☕",
            "🙂"
          ]
        },
        {
          "image_file": "asset8.webp",
          "emojis": [
            "☕",
            "🙂"
          ]
        },
        {
          "image_file": "asset9.webp",
          "emojis": [
            "☕",
            "🙂"
          ]
        },
        {
          "image_file": "asset10.webp",
          "emojis": [
            "☕",
            "🙂"
          ]
        },
        {
          "image_file": "asset11.webp",
          "emojis": [
            "☕",
            "🙂"
          ]
        },
        {
          "image_file": "asset12.webp",
          "emojis": [
            "☕",
            "🙂"
          ]
        },
        {
          "image_file": "asset13.webp",
          "emojis": [
            "☕",
            "🙂"
          ]
        },
        {
          "image_file": "asset14.webp",
          "emojis": [
            "☕",
            "🙂"
          ]
        },
        {
          "image_file": "asset15.webp",
          "emojis": [
            "☕",
            "🙂"
          ]
        },
        {
          "image_file": "asset16.webp",
          "emojis": [
            "☕",
            "🙂"
          ]
        },
        {
          "image_file": "asset17.webp",
          "emojis": [
            "☕",
            "🙂"
          ]
        },
        {
          "image_file": "asset18.webp",
          "emojis": [
            "☕",
            "🙂"
          ]
        },
        {
          "image_file": "asset19.webp",
          "emojis": [
            "☕",
            "🙂"
          ]
        },
        {
          "image_file": "asset20.webp",
          "emojis": [
            "☕",
            "🙂"
          ]
        },
        {
          "image_file": "asset21.webp",
          "emojis": [
            "☕",
            "🙂"
          ]
        },
        {
          "image_file": "asset22.webp",
          "emojis": [
            "☕",
            "🙂"
          ]
        },
        {
          "image_file": "asset23.webp",
          "emojis": [
            "☕",
            "🙂"
          ]
        },
        {
          "image_file": "asset24.webp",
          "emojis": [
            "☕",
            "🙂"
          ]
        },
        {
          "image_file": "asset25.webp",
          "emojis": [
            "☕",
            "🙂"
          ]
        },
        {
          "image_file": "asset26.webp",
          "emojis": [
            "☕",
            "🙂"
          ]
        },
        {
          "image_file": "asset27.webp",
          "emojis": [
            "☕",
            "🙂"
          ]
        },
        {
          "image_file": "asset28.webp",
          "emojis": [
            "☕",
            "🙂"
          ]
        },
        {
          "image_file": "asset29.webp",
          "emojis": [
            "☕",
            "🙂"
          ]
        },
        {
          "image_file": "asset30.webp",
          "emojis": [
            "☕",
            "🙂"
          ]
        }


      ]
    },
    {
      "identifier": "11",
      "name": "BTS Sticker Pack 11",
      "publisher": "GANESH",
      "tray_image_file": "asset1.webp",
      "image_data_version": "11",
      "avoid_cache": false,
      "publisher_email":"feedbacktomyapp@gmail.com",
      "publisher_website": "https://sites.google.com/view/programmingwithganesh/home",
      "privacy_policy_website": "https://sites.google.com/view/programmingwithganesh/home",
      "license_agreement_website": "https://sites.google.com/view/programmingwithganesh/home",
      "stickers": [
        {
          "image_file": "asset1.webp",
          "emojis": [
            "☕",
            "🙂"
          ]
        },
        {
          "image_file": "asset2.webp",
          "emojis": [
            "☕",
            "🙂"
          ]
        },
        {
          "image_file": "asset3.webp",
          "emojis": [
            "☕",
            "🙂"
          ]
        },
        {
          "image_file": "asset4.webp",
          "emojis": [
            "☕",
            "🙂"
          ]
        },
        {
          "image_file": "asset5.webp",
          "emojis": [
            "☕",
            "🙂"
          ]
        },
        {
          "image_file": "asset6.webp",
          "emojis": [
            "☕",
            "🙂"
          ]
        },
        {
          "image_file": "asset7.webp",
          "emojis": [
            "☕",
            "🙂"
          ]
        },
        {
          "image_file": "asset8.webp",
          "emojis": [
            "☕",
            "🙂"
          ]
        },
        {
          "image_file": "asset9.webp",
          "emojis": [
            "☕",
            "🙂"
          ]
        },
        {
          "image_file": "asset10.webp",
          "emojis": [
            "☕",
            "🙂"
          ]
        },
        {
          "image_file": "asset11.webp",
          "emojis": [
            "☕",
            "🙂"
          ]
        },
        {
          "image_file": "asset12.webp",
          "emojis": [
            "☕",
            "🙂"
          ]
        },
        {
          "image_file": "asset13.webp",
          "emojis": [
            "☕",
            "🙂"
          ]
        },
        {
          "image_file": "asset14.webp",
          "emojis": [
            "☕",
            "🙂"
          ]
        },
        {
          "image_file": "asset15.webp",
          "emojis": [
            "☕",
            "🙂"
          ]
        },
        {
          "image_file": "asset16.webp",
          "emojis": [
            "☕",
            "🙂"
          ]
        },
        {
          "image_file": "asset17.webp",
          "emojis": [
            "☕",
            "🙂"
          ]
        },
        {
          "image_file": "asset18.webp",
          "emojis": [
            "☕",
            "🙂"
          ]
        },
        {
          "image_file": "asset19.webp",
          "emojis": [
            "☕",
            "🙂"
          ]
        },
        {
          "image_file": "asset20.webp",
          "emojis": [
            "☕",
            "🙂"
          ]
        },
        {
          "image_file": "asset21.webp",
          "emojis": [
            "☕",
            "🙂"
          ]
        },
        {
          "image_file": "asset22.webp",
          "emojis": [
            "☕",
            "🙂"
          ]
        },
        {
          "image_file": "asset23.webp",
          "emojis": [
            "☕",
            "🙂"
          ]
        },
        {
          "image_file": "asset24.webp",
          "emojis": [
            "☕",
            "🙂"
          ]
        },
        {
          "image_file": "asset25.webp",
          "emojis": [
            "☕",
            "🙂"
          ]
        },
        {
          "image_file": "asset26.webp",
          "emojis": [
            "☕",
            "🙂"
          ]
        },
        {
          "image_file": "asset27.webp",
          "emojis": [
            "☕",
            "🙂"
          ]
        },
        {
          "image_file": "asset28.webp",
          "emojis": [
            "☕",
            "🙂"
          ]
        },
        {
          "image_file": "asset29.webp",
          "emojis": [
            "☕",
            "🙂"
          ]
        },
        {
          "image_file": "asset30.webp",
          "emojis": [
            "☕",
            "🙂"
          ]
        }


      ]
    },
    {
      "identifier": "12",
      "name": "BTS Sticker Pack 12",
      "publisher": "GANESH",
      "tray_image_file": "asset1.webp",
      "image_data_version": "12",
      "avoid_cache": false,
      "publisher_email":"feedbacktomyapp@gmail.com",
      "publisher_website": "https://sites.google.com/view/programmingwithganesh/home",
      "privacy_policy_website": "https://sites.google.com/view/programmingwithganesh/home",
      "license_agreement_website": "https://sites.google.com/view/programmingwithganesh/home",
      "stickers": [
        {
          "image_file": "asset1.webp",
          "emojis": [
            "☕",
            "🙂"
          ]
        },
        {
          "image_file": "asset2.webp",
          "emojis": [
            "☕",
            "🙂"
          ]
        },
        {
          "image_file": "asset3.webp",
          "emojis": [
            "☕",
            "🙂"
          ]
        },
        {
          "image_file": "asset4.webp",
          "emojis": [
            "☕",
            "🙂"
          ]
        },
        {
          "image_file": "asset5.webp",
          "emojis": [
            "☕",
            "🙂"
          ]
        },
        {
          "image_file": "asset6.webp",
          "emojis": [
            "☕",
            "🙂"
          ]
        },
        {
          "image_file": "asset7.webp",
          "emojis": [
            "☕",
            "🙂"
          ]
        },
        {
          "image_file": "asset8.webp",
          "emojis": [
            "☕",
            "🙂"
          ]
        },
        {
          "image_file": "asset9.webp",
          "emojis": [
            "☕",
            "🙂"
          ]
        },
        {
          "image_file": "asset10.webp",
          "emojis": [
            "☕",
            "🙂"
          ]
        },
        {
          "image_file": "asset11.webp",
          "emojis": [
            "☕",
            "🙂"
          ]
        },
        {
          "image_file": "asset12.webp",
          "emojis": [
            "☕",
            "🙂"
          ]
        },
        {
          "image_file": "asset13.webp",
          "emojis": [
            "☕",
            "🙂"
          ]
        },
        {
          "image_file": "asset14.webp",
          "emojis": [
            "☕",
            "🙂"
          ]
        },
        {
          "image_file": "asset15.webp",
          "emojis": [
            "☕",
            "🙂"
          ]
        },
        {
          "image_file": "asset16.webp",
          "emojis": [
            "☕",
            "🙂"
          ]
        },
        {
          "image_file": "asset17.webp",
          "emojis": [
            "☕",
            "🙂"
          ]
        },
        {
          "image_file": "asset18.webp",
          "emojis": [
            "☕",
            "🙂"
          ]
        },
        {
          "image_file": "asset19.webp",
          "emojis": [
            "☕",
            "🙂"
          ]
        },
        {
          "image_file": "asset20.webp",
          "emojis": [
            "☕",
            "🙂"
          ]
        },
        {
          "image_file": "asset21.webp",
          "emojis": [
            "☕",
            "🙂"
          ]
        },
        {
          "image_file": "asset22.webp",
          "emojis": [
            "☕",
            "🙂"
          ]
        },
        {
          "image_file": "asset23.webp",
          "emojis": [
            "☕",
            "🙂"
          ]
        },
        {
          "image_file": "asset24.webp",
          "emojis": [
            "☕",
            "🙂"
          ]
        },
        {
          "image_file": "asset25.webp",
          "emojis": [
            "☕",
            "🙂"
          ]
        },
        {
          "image_file": "asset26.webp",
          "emojis": [
            "☕",
            "🙂"
          ]
        },
        {
          "image_file": "asset27.webp",
          "emojis": [
            "☕",
            "🙂"
          ]
        },
        {
          "image_file": "asset28.webp",
          "emojis": [
            "☕",
            "🙂"
          ]
        },
        {
          "image_file": "asset29.webp",
          "emojis": [
            "☕",
            "🙂"
          ]
        },
        {
          "image_file": "asset30.webp",
          "emojis": [
            "☕",
            "🙂"
          ]
        }


      ]
    },
    {
      "identifier": "13",
      "name": "BTS Sticker Pack 13",
      "publisher": "GANESH",
      "tray_image_file": "asset1.webp",
      "image_data_version": "13",
      "avoid_cache": false,
      "publisher_email":"feedbacktomyapp@gmail.com",
      "publisher_website": "https://sites.google.com/view/programmingwithganesh/home",
      "privacy_policy_website": "https://sites.google.com/view/programmingwithganesh/home",
      "license_agreement_website": "https://sites.google.com/view/programmingwithganesh/home",
      "stickers": [
        {
          "image_file": "asset1.webp",
          "emojis": [
            "☕",
            "🙂"
          ]
        },
        {
          "image_file": "asset2.webp",
          "emojis": [
            "☕",
            "🙂"
          ]
        },
        {
          "image_file": "asset3.webp",
          "emojis": [
            "☕",
            "🙂"
          ]
        },
        {
          "image_file": "asset4.webp",
          "emojis": [
            "☕",
            "🙂"
          ]
        },
        {
          "image_file": "asset5.webp",
          "emojis": [
            "☕",
            "🙂"
          ]
        },
        {
          "image_file": "asset6.webp",
          "emojis": [
            "☕",
            "🙂"
          ]
        },
        {
          "image_file": "asset7.webp",
          "emojis": [
            "☕",
            "🙂"
          ]
        },
        {
          "image_file": "asset8.webp",
          "emojis": [
            "☕",
            "🙂"
          ]
        },
        {
          "image_file": "asset9.webp",
          "emojis": [
            "☕",
            "🙂"
          ]
        },
        {
          "image_file": "asset10.webp",
          "emojis": [
            "☕",
            "🙂"
          ]
        },
        {
          "image_file": "asset11.webp",
          "emojis": [
            "☕",
            "🙂"
          ]
        },
        {
          "image_file": "asset12.webp",
          "emojis": [
            "☕",
            "🙂"
          ]
        },
        {
          "image_file": "asset13.webp",
          "emojis": [
            "☕",
            "🙂"
          ]
        },
        {
          "image_file": "asset14.webp",
          "emojis": [
            "☕",
            "🙂"
          ]
        },
        {
          "image_file": "asset15.webp",
          "emojis": [
            "☕",
            "🙂"
          ]
        },
        {
          "image_file": "asset16.webp",
          "emojis": [
            "☕",
            "🙂"
          ]
        },
        {
          "image_file": "asset17.webp",
          "emojis": [
            "☕",
            "🙂"
          ]
        },
        {
          "image_file": "asset18.webp",
          "emojis": [
            "☕",
            "🙂"
          ]
        },
        {
          "image_file": "asset19.webp",
          "emojis": [
            "☕",
            "🙂"
          ]
        },
        {
          "image_file": "asset20.webp",
          "emojis": [
            "☕",
            "🙂"
          ]
        },
        {
          "image_file": "asset21.webp",
          "emojis": [
            "☕",
            "🙂"
          ]
        },
        {
          "image_file": "asset22.webp",
          "emojis": [
            "☕",
            "🙂"
          ]
        },
        {
          "image_file": "asset23.webp",
          "emojis": [
            "☕",
            "🙂"
          ]
        },
        {
          "image_file": "asset24.webp",
          "emojis": [
            "☕",
            "🙂"
          ]
        },
        {
          "image_file": "asset25.webp",
          "emojis": [
            "☕",
            "🙂"
          ]
        },
        {
          "image_file": "asset26.webp",
          "emojis": [
            "☕",
            "🙂"
          ]
        },
        {
          "image_file": "asset27.webp",
          "emojis": [
            "☕",
            "🙂"
          ]
        },
        {
          "image_file": "asset28.webp",
          "emojis": [
            "☕",
            "🙂"
          ]
        },
        {
          "image_file": "asset29.webp",
          "emojis": [
            "☕",
            "🙂"
          ]
        },
        {
          "image_file": "asset30.webp",
          "emojis": [
            "☕",
            "🙂"
          ]
        }


      ]
    },
    {
      "identifier": "14",
      "name": "BTS Sticker Pack 14",
      "publisher": "GANESH",
      "tray_image_file": "asset1.webp",
      "image_data_version": "14",
      "avoid_cache": false,
      "publisher_email":"feedbacktomyapp@gmail.com",
      "publisher_website": "https://sites.google.com/view/programmingwithganesh/home",
      "privacy_policy_website": "https://sites.google.com/view/programmingwithganesh/home",
      "license_agreement_website": "https://sites.google.com/view/programmingwithganesh/home",
      "stickers": [
        {
          "image_file": "asset1.webp",
          "emojis": [
            "☕",
            "🙂"
          ]
        },
        {
          "image_file": "asset2.webp",
          "emojis": [
            "☕",
            "🙂"
          ]
        },
        {
          "image_file": "asset3.webp",
          "emojis": [
            "☕",
            "🙂"
          ]
        },
        {
          "image_file": "asset4.webp",
          "emojis": [
            "☕",
            "🙂"
          ]
        },
        {
          "image_file": "asset5.webp",
          "emojis": [
            "☕",
            "🙂"
          ]
        },
        {
          "image_file": "asset6.webp",
          "emojis": [
            "☕",
            "🙂"
          ]
        },
        {
          "image_file": "asset7.webp",
          "emojis": [
            "☕",
            "🙂"
          ]
        },
        {
          "image_file": "asset8.webp",
          "emojis": [
            "☕",
            "🙂"
          ]
        },
        {
          "image_file": "asset9.webp",
          "emojis": [
            "☕",
            "🙂"
          ]
        },
        {
          "image_file": "asset10.webp",
          "emojis": [
            "☕",
            "🙂"
          ]
        },
        {
          "image_file": "asset11.webp",
          "emojis": [
            "☕",
            "🙂"
          ]
        },
        {
          "image_file": "asset12.webp",
          "emojis": [
            "☕",
            "🙂"
          ]
        },
        {
          "image_file": "asset13.webp",
          "emojis": [
            "☕",
            "🙂"
          ]
        },
        {
          "image_file": "asset14.webp",
          "emojis": [
            "☕",
            "🙂"
          ]
        },
        {
          "image_file": "asset15.webp",
          "emojis": [
            "☕",
            "🙂"
          ]
        },
        {
          "image_file": "asset16.webp",
          "emojis": [
            "☕",
            "🙂"
          ]
        },
        {
          "image_file": "asset17.webp",
          "emojis": [
            "☕",
            "🙂"
          ]
        },
        {
          "image_file": "asset18.webp",
          "emojis": [
            "☕",
            "🙂"
          ]
        },
        {
          "image_file": "asset19.webp",
          "emojis": [
            "☕",
            "🙂"
          ]
        },
        {
          "image_file": "asset20.webp",
          "emojis": [
            "☕",
            "🙂"
          ]
        },
        {
          "image_file": "asset21.webp",
          "emojis": [
            "☕",
            "🙂"
          ]
        },
        {
          "image_file": "asset22.webp",
          "emojis": [
            "☕",
            "🙂"
          ]
        },
        {
          "image_file": "asset23.webp",
          "emojis": [
            "☕",
            "🙂"
          ]
        },
        {
          "image_file": "asset24.webp",
          "emojis": [
            "☕",
            "🙂"
          ]
        },
        {
          "image_file": "asset25.webp",
          "emojis": [
            "☕",
            "🙂"
          ]
        },
        {
          "image_file": "asset26.webp",
          "emojis": [
            "☕",
            "🙂"
          ]
        },
        {
          "image_file": "asset27.webp",
          "emojis": [
            "☕",
            "🙂"
          ]
        },
        {
          "image_file": "asset28.webp",
          "emojis": [
            "☕",
            "🙂"
          ]
        },
        {
          "image_file": "asset29.webp",
          "emojis": [
            "☕",
            "🙂"
          ]
        },
        {
          "image_file": "asset30.webp",
          "emojis": [
            "☕",
            "🙂"
          ]
        }


      ]
    },
    {
      "identifier": "15",
      "name": "BTS Sticker Pack 15",
      "publisher": "GANESH",
      "tray_image_file": "asset1.webp",
      "image_data_version": "15",
      "avoid_cache": false,
      "publisher_email":"feedbacktomyapp@gmail.com",
      "publisher_website": "https://sites.google.com/view/programmingwithganesh/home",
      "privacy_policy_website": "https://sites.google.com/view/programmingwithganesh/home",
      "license_agreement_website": "https://sites.google.com/view/programmingwithganesh/home",
      "stickers": [
        {
          "image_file": "asset1.webp",
          "emojis": [
            "☕",
            "🙂"
          ]
        },
        {
          "image_file": "asset2.webp",
          "emojis": [
            "☕",
            "🙂"
          ]
        },
        {
          "image_file": "asset3.webp",
          "emojis": [
            "☕",
            "🙂"
          ]
        },
        {
          "image_file": "asset4.webp",
          "emojis": [
            "☕",
            "🙂"
          ]
        },
        {
          "image_file": "asset5.webp",
          "emojis": [
            "☕",
            "🙂"
          ]
        },
        {
          "image_file": "asset6.webp",
          "emojis": [
            "☕",
            "🙂"
          ]
        },
        {
          "image_file": "asset7.webp",
          "emojis": [
            "☕",
            "🙂"
          ]
        },
        {
          "image_file": "asset8.webp",
          "emojis": [
            "☕",
            "🙂"
          ]
        },
        {
          "image_file": "asset9.webp",
          "emojis": [
            "☕",
            "🙂"
          ]
        },
        {
          "image_file": "asset10.webp",
          "emojis": [
            "☕",
            "🙂"
          ]
        },
        {
          "image_file": "asset11.webp",
          "emojis": [
            "☕",
            "🙂"
          ]
        },
        {
          "image_file": "asset12.webp",
          "emojis": [
            "☕",
            "🙂"
          ]
        },
        {
          "image_file": "asset13.webp",
          "emojis": [
            "☕",
            "🙂"
          ]
        },
        {
          "image_file": "asset14.webp",
          "emojis": [
            "☕",
            "🙂"
          ]
        },
        {
          "image_file": "asset15.webp",
          "emojis": [
            "☕",
            "🙂"
          ]
        },
        {
          "image_file": "asset16.webp",
          "emojis": [
            "☕",
            "🙂"
          ]
        },
        {
          "image_file": "asset17.webp",
          "emojis": [
            "☕",
            "🙂"
          ]
        },
        {
          "image_file": "asset18.webp",
          "emojis": [
            "☕",
            "🙂"
          ]
        },
        {
          "image_file": "asset19.webp",
          "emojis": [
            "☕",
            "🙂"
          ]
        },
        {
          "image_file": "asset20.webp",
          "emojis": [
            "☕",
            "🙂"
          ]
        },
        {
          "image_file": "asset21.webp",
          "emojis": [
            "☕",
            "🙂"
          ]
        },
        {
          "image_file": "asset22.webp",
          "emojis": [
            "☕",
            "🙂"
          ]
        },
        {
          "image_file": "asset23.webp",
          "emojis": [
            "☕",
            "🙂"
          ]
        },
        {
          "image_file": "asset24.webp",
          "emojis": [
            "☕",
            "🙂"
          ]
        },
        {
          "image_file": "asset25.webp",
          "emojis": [
            "☕",
            "🙂"
          ]
        },
        {
          "image_file": "asset26.webp",
          "emojis": [
            "☕",
            "🙂"
          ]
        },
        {
          "image_file": "asset27.webp",
          "emojis": [
            "☕",
            "🙂"
          ]
        },
        {
          "image_file": "asset28.webp",
          "emojis": [
            "☕",
            "🙂"
          ]
        },
        {
          "image_file": "asset29.webp",
          "emojis": [
            "☕",
            "🙂"
          ]
        },
        {
          "image_file": "asset30.webp",
          "emojis": [
            "☕",
            "🙂"
          ]
        }


      ]
    },
    {
      "identifier": "16",
      "name": "BTS Sticker Pack 16",
      "publisher": "GANESH",
      "tray_image_file": "asset1.webp",
      "image_data_version": "16",
      "avoid_cache": false,
      "publisher_email":"feedbacktomyapp@gmail.com",
      "publisher_website": "https://sites.google.com/view/programmingwithganesh/home",
      "privacy_policy_website": "https://sites.google.com/view/programmingwithganesh/home",
      "license_agreement_website": "https://sites.google.com/view/programmingwithganesh/home",
      "stickers": [
        {
          "image_file": "asset1.webp",
          "emojis": [
            "☕",
            "🙂"
          ]
        },
        {
          "image_file": "asset2.webp",
          "emojis": [
            "☕",
            "🙂"
          ]
        },
        {
          "image_file": "asset3.webp",
          "emojis": [
            "☕",
            "🙂"
          ]
        },
        {
          "image_file": "asset4.webp",
          "emojis": [
            "☕",
            "🙂"
          ]
        },
        {
          "image_file": "asset5.webp",
          "emojis": [
            "☕",
            "🙂"
          ]
        },
        {
          "image_file": "asset6.webp",
          "emojis": [
            "☕",
            "🙂"
          ]
        },
        {
          "image_file": "asset7.webp",
          "emojis": [
            "☕",
            "🙂"
          ]
        },
        {
          "image_file": "asset8.webp",
          "emojis": [
            "☕",
            "🙂"
          ]
        },
        {
          "image_file": "asset9.webp",
          "emojis": [
            "☕",
            "🙂"
          ]
        },
        {
          "image_file": "asset10.webp",
          "emojis": [
            "☕",
            "🙂"
          ]
        },
        {
          "image_file": "asset11.webp",
          "emojis": [
            "☕",
            "🙂"
          ]
        },
        {
          "image_file": "asset12.webp",
          "emojis": [
            "☕",
            "🙂"
          ]
        },
        {
          "image_file": "asset13.webp",
          "emojis": [
            "☕",
            "🙂"
          ]
        },
        {
          "image_file": "asset14.webp",
          "emojis": [
            "☕",
            "🙂"
          ]
        },
        {
          "image_file": "asset15.webp",
          "emojis": [
            "☕",
            "🙂"
          ]
        },
        {
          "image_file": "asset16.webp",
          "emojis": [
            "☕",
            "🙂"
          ]
        },
        {
          "image_file": "asset17.webp",
          "emojis": [
            "☕",
            "🙂"
          ]
        },
        {
          "image_file": "asset18.webp",
          "emojis": [
            "☕",
            "🙂"
          ]
        },
        {
          "image_file": "asset19.webp",
          "emojis": [
            "☕",
            "🙂"
          ]
        },
        {
          "image_file": "asset20.webp",
          "emojis": [
            "☕",
            "🙂"
          ]
        },
        {
          "image_file": "asset21.webp",
          "emojis": [
            "☕",
            "🙂"
          ]
        },
        {
          "image_file": "asset22.webp",
          "emojis": [
            "☕",
            "🙂"
          ]
        },
        {
          "image_file": "asset23.webp",
          "emojis": [
            "☕",
            "🙂"
          ]
        },
        {
          "image_file": "asset24.webp",
          "emojis": [
            "☕",
            "🙂"
          ]
        },
        {
          "image_file": "asset25.webp",
          "emojis": [
            "☕",
            "🙂"
          ]
        },
        {
          "image_file": "asset26.webp",
          "emojis": [
            "☕",
            "🙂"
          ]
        },
        {
          "image_file": "asset27.webp",
          "emojis": [
            "☕",
            "🙂"
          ]
        },
        {
          "image_file": "asset28.webp",
          "emojis": [
            "☕",
            "🙂"
          ]
        },
        {
          "image_file": "asset29.webp",
          "emojis": [
            "☕",
            "🙂"
          ]
        },
        {
          "image_file": "asset30.webp",
          "emojis": [
            "☕",
            "🙂"
          ]
        }


      ]
    },
    {
      "identifier": "17",
      "name": "BTS Sticker Pack 17",
      "publisher": "GANESH",
      "tray_image_file": "asset1.webp",
      "image_data_version": "17",
      "avoid_cache": false,
      "publisher_email":"feedbacktomyapp@gmail.com",
      "publisher_website": "https://sites.google.com/view/programmingwithganesh/home",
      "privacy_policy_website": "https://sites.google.com/view/programmingwithganesh/home",
      "license_agreement_website": "https://sites.google.com/view/programmingwithganesh/home",
      "stickers": [
        {
          "image_file": "asset1.webp",
          "emojis": [
            "☕",
            "🙂"
          ]
        },
        {
          "image_file": "asset2.webp",
          "emojis": [
            "☕",
            "🙂"
          ]
        },
        {
          "image_file": "asset3.webp",
          "emojis": [
            "☕",
            "🙂"
          ]
        },
        {
          "image_file": "asset4.webp",
          "emojis": [
            "☕",
            "🙂"
          ]
        },
        {
          "image_file": "asset5.webp",
          "emojis": [
            "☕",
            "🙂"
          ]
        },
        {
          "image_file": "asset6.webp",
          "emojis": [
            "☕",
            "🙂"
          ]
        },
        {
          "image_file": "asset7.webp",
          "emojis": [
            "☕",
            "🙂"
          ]
        },
        {
          "image_file": "asset8.webp",
          "emojis": [
            "☕",
            "🙂"
          ]
        },
        {
          "image_file": "asset9.webp",
          "emojis": [
            "☕",
            "🙂"
          ]
        },
        {
          "image_file": "asset10.webp",
          "emojis": [
            "☕",
            "🙂"
          ]
        },
        {
          "image_file": "asset11.webp",
          "emojis": [
            "☕",
            "🙂"
          ]
        },
        {
          "image_file": "asset12.webp",
          "emojis": [
            "☕",
            "🙂"
          ]
        },
        {
          "image_file": "asset13.webp",
          "emojis": [
            "☕",
            "🙂"
          ]
        },
        {
          "image_file": "asset14.webp",
          "emojis": [
            "☕",
            "🙂"
          ]
        },
        {
          "image_file": "asset15.webp",
          "emojis": [
            "☕",
            "🙂"
          ]
        },
        {
          "image_file": "asset16.webp",
          "emojis": [
            "☕",
            "🙂"
          ]
        },
        {
          "image_file": "asset17.webp",
          "emojis": [
            "☕",
            "🙂"
          ]
        },
        {
          "image_file": "asset18.webp",
          "emojis": [
            "☕",
            "🙂"
          ]
        },
        {
          "image_file": "asset19.webp",
          "emojis": [
            "☕",
            "🙂"
          ]
        },
        {
          "image_file": "asset20.webp",
          "emojis": [
            "☕",
            "🙂"
          ]
        },
        {
          "image_file": "asset21.webp",
          "emojis": [
            "☕",
            "🙂"
          ]
        },
        {
          "image_file": "asset22.webp",
          "emojis": [
            "☕",
            "🙂"
          ]
        },
        {
          "image_file": "asset23.webp",
          "emojis": [
            "☕",
            "🙂"
          ]
        },
        {
          "image_file": "asset24.webp",
          "emojis": [
            "☕",
            "🙂"
          ]
        },
        {
          "image_file": "asset25.webp",
          "emojis": [
            "☕",
            "🙂"
          ]
        },
        {
          "image_file": "asset26.webp",
          "emojis": [
            "☕",
            "🙂"
          ]
        },
        {
          "image_file": "asset27.webp",
          "emojis": [
            "☕",
            "🙂"
          ]
        },
        {
          "image_file": "asset28.webp",
          "emojis": [
            "☕",
            "🙂"
          ]
        },
        {
          "image_file": "asset29.webp",
          "emojis": [
            "☕",
            "🙂"
          ]
        },
        {
          "image_file": "asset30.webp",
          "emojis": [
            "☕",
            "🙂"
          ]
        }


      ]
    },
    {
      "identifier": "18",
      "name": "BTS Sticker Pack 18",
      "publisher": "GANESH",
      "tray_image_file": "asset1.webp",
      "image_data_version": "18",
      "avoid_cache": false,
      "publisher_email":"feedbacktomyapp@gmail.com",
      "publisher_website": "https://sites.google.com/view/programmingwithganesh/home",
      "privacy_policy_website": "https://sites.google.com/view/programmingwithganesh/home",
      "license_agreement_website": "https://sites.google.com/view/programmingwithganesh/home",
      "stickers": [
        {
          "image_file": "asset1.webp",
          "emojis": [
            "☕",
            "🙂"
          ]
        },
        {
          "image_file": "asset2.webp",
          "emojis": [
            "☕",
            "🙂"
          ]
        },
        {
          "image_file": "asset3.webp",
          "emojis": [
            "☕",
            "🙂"
          ]
        },
        {
          "image_file": "asset4.webp",
          "emojis": [
            "☕",
            "🙂"
          ]
        },
        {
          "image_file": "asset5.webp",
          "emojis": [
            "☕",
            "🙂"
          ]
        },
        {
          "image_file": "asset6.webp",
          "emojis": [
            "☕",
            "🙂"
          ]
        },
        {
          "image_file": "asset7.webp",
          "emojis": [
            "☕",
            "🙂"
          ]
        },
        {
          "image_file": "asset8.webp",
          "emojis": [
            "☕",
            "🙂"
          ]
        },
        {
          "image_file": "asset9.webp",
          "emojis": [
            "☕",
            "🙂"
          ]
        },
        {
          "image_file": "asset10.webp",
          "emojis": [
            "☕",
            "🙂"
          ]
        },
        {
          "image_file": "asset11.webp",
          "emojis": [
            "☕",
            "🙂"
          ]
        },
        {
          "image_file": "asset12.webp",
          "emojis": [
            "☕",
            "🙂"
          ]
        },
        {
          "image_file": "asset13.webp",
          "emojis": [
            "☕",
            "🙂"
          ]
        },
        {
          "image_file": "asset14.webp",
          "emojis": [
            "☕",
            "🙂"
          ]
        },
        {
          "image_file": "asset15.webp",
          "emojis": [
            "☕",
            "🙂"
          ]
        },
        {
          "image_file": "asset16.webp",
          "emojis": [
            "☕",
            "🙂"
          ]
        },
        {
          "image_file": "asset17.webp",
          "emojis": [
            "☕",
            "🙂"
          ]
        },
        {
          "image_file": "asset18.webp",
          "emojis": [
            "☕",
            "🙂"
          ]
        },
        {
          "image_file": "asset19.webp",
          "emojis": [
            "☕",
            "🙂"
          ]
        },
        {
          "image_file": "asset20.webp",
          "emojis": [
            "☕",
            "🙂"
          ]
        },
        {
          "image_file": "asset21.webp",
          "emojis": [
            "☕",
            "🙂"
          ]
        },
        {
          "image_file": "asset22.webp",
          "emojis": [
            "☕",
            "🙂"
          ]
        },
        {
          "image_file": "asset23.webp",
          "emojis": [
            "☕",
            "🙂"
          ]
        },
        {
          "image_file": "asset24.webp",
          "emojis": [
            "☕",
            "🙂"
          ]
        },
        {
          "image_file": "asset25.webp",
          "emojis": [
            "☕",
            "🙂"
          ]
        },
        {
          "image_file": "asset26.webp",
          "emojis": [
            "☕",
            "🙂"
          ]
        },
        {
          "image_file": "asset27.webp",
          "emojis": [
            "☕",
            "🙂"
          ]
        },
        {
          "image_file": "asset28.webp",
          "emojis": [
            "☕",
            "🙂"
          ]
        },
        {
          "image_file": "asset29.webp",
          "emojis": [
            "☕",
            "🙂"
          ]
        },
        {
          "image_file": "asset30.webp",
          "emojis": [
            "☕",
            "🙂"
          ]
        }


      ]
    },
    {
      "identifier": "19",
      "name": "BTS Sticker Pack 19",
      "publisher": "GANESH",
      "tray_image_file": "asset1.webp",
      "image_data_version": "19",
      "avoid_cache": false,
      "publisher_email":"feedbacktomyapp@gmail.com",
      "publisher_website": "https://sites.google.com/view/programmingwithganesh/home",
      "privacy_policy_website": "https://sites.google.com/view/programmingwithganesh/home",
      "license_agreement_website": "https://sites.google.com/view/programmingwithganesh/home",
      "stickers": [
        {
          "image_file": "asset1.webp",
          "emojis": [
            "☕",
            "🙂"
          ]
        },
        {
          "image_file": "asset2.webp",
          "emojis": [
            "☕",
            "🙂"
          ]
        },
        {
          "image_file": "asset3.webp",
          "emojis": [
            "☕",
            "🙂"
          ]
        },
        {
          "image_file": "asset4.webp",
          "emojis": [
            "☕",
            "🙂"
          ]
        },
        {
          "image_file": "asset5.webp",
          "emojis": [
            "☕",
            "🙂"
          ]
        },
        {
          "image_file": "asset6.webp",
          "emojis": [
            "☕",
            "🙂"
          ]
        },
        {
          "image_file": "asset7.webp",
          "emojis": [
            "☕",
            "🙂"
          ]
        },
        {
          "image_file": "asset8.webp",
          "emojis": [
            "☕",
            "🙂"
          ]
        },
        {
          "image_file": "asset9.webp",
          "emojis": [
            "☕",
            "🙂"
          ]
        },
        {
          "image_file": "asset10.webp",
          "emojis": [
            "☕",
            "🙂"
          ]
        },
        {
          "image_file": "asset11.webp",
          "emojis": [
            "☕",
            "🙂"
          ]
        },
        {
          "image_file": "asset12.webp",
          "emojis": [
            "☕",
            "🙂"
          ]
        },
        {
          "image_file": "asset13.webp",
          "emojis": [
            "☕",
            "🙂"
          ]
        },
        {
          "image_file": "asset14.webp",
          "emojis": [
            "☕",
            "🙂"
          ]
        },
        {
          "image_file": "asset15.webp",
          "emojis": [
            "☕",
            "🙂"
          ]
        },
        {
          "image_file": "asset16.webp",
          "emojis": [
            "☕",
            "🙂"
          ]
        },
        {
          "image_file": "asset17.webp",
          "emojis": [
            "☕",
            "🙂"
          ]
        },
        {
          "image_file": "asset18.webp",
          "emojis": [
            "☕",
            "🙂"
          ]
        },
        {
          "image_file": "asset19.webp",
          "emojis": [
            "☕",
            "🙂"
          ]
        },
        {
          "image_file": "asset20.webp",
          "emojis": [
            "☕",
            "🙂"
          ]
        },
        {
          "image_file": "asset21.webp",
          "emojis": [
            "☕",
            "🙂"
          ]
        },
        {
          "image_file": "asset22.webp",
          "emojis": [
            "☕",
            "🙂"
          ]
        },
        {
          "image_file": "asset23.webp",
          "emojis": [
            "☕",
            "🙂"
          ]
        },
        {
          "image_file": "asset24.webp",
          "emojis": [
            "☕",
            "🙂"
          ]
        },
        {
          "image_file": "asset25.webp",
          "emojis": [
            "☕",
            "🙂"
          ]
        },
        {
          "image_file": "asset26.webp",
          "emojis": [
            "☕",
            "🙂"
          ]
        },
        {
          "image_file": "asset27.webp",
          "emojis": [
            "☕",
            "🙂"
          ]
        },
        {
          "image_file": "asset28.webp",
          "emojis": [
            "☕",
            "🙂"
          ]
        },
        {
          "image_file": "asset29.webp",
          "emojis": [
            "☕",
            "🙂"
          ]
        },
        {
          "image_file": "asset30.webp",
          "emojis": [
            "☕",
            "🙂"
          ]
        }


      ]
    }

  ]
}
