{
  "android_play_store_link": "",
  "ios_app_store_link": "",
  "sticker_packs": [
    {
      "identifier": "1",
      "name": "BTS Sticker Pack 1",
      "publisher": "GANESH",
      "tray_image_file": "asset1.webp",
      "image_data_version": "1",
      "avoid_cache": false,
      "publisher_email":"feedbacktomyapp@gmail.com",
      "publisher_website": "https://sites.google.com/view/programmingwithganesh/home",
      "privacy_policy_website": "https://sites.google.com/view/programmingwithganesh/home",
      "license_agreement_website": "https://sites.google.com/view/programmingwithganesh/home",
      "stickers": [
        {
          "image_file": "asset1.webp",
          "emojis": [
            "☕",
            "🙂"
          ]
        },
        {
          "image_file": "asset2.webp",
          "emojis": [
            "☕",
            "🙂"
          ]
        },
        {
          "image_file": "asset3.webp",
          "emojis": [
            "☕",
            "🙂"
          ]
        },
        {
          "image_file": "asset4.webp",
          "emojis": [
            "☕",
            "🙂"
          ]
        },
        {
          "image_file": "asset5.webp",
          "emojis": [
            "☕",
            "🙂"
          ]
        },
        {
          "image_file": "asset6.webp",
          "emojis": [
            "☕",
            "🙂"
          ]
        },
        {
          "image_file": "asset7.webp",
          "emojis": [
            "☕",
            "🙂"
          ]
        },
        {
          "image_file": "asset8.webp",
          "emojis": [
            "☕",
            "🙂"
          ]
        },
        {
          "image_file": "asset9.webp",
          "emojis": [
            "☕",
            "🙂"
          ]
        },
        {
          "image_file": "asset10.webp",
          "emojis": [
            "☕",
            "🙂"
          ]
        },
        {
          "image_file": "asset11.webp",
          "emojis": [
            "☕",
            "🙂"
          ]
        },
        {
          "image_file": "asset12.webp",
          "emojis": [
            "☕",
            "🙂"
          ]
        },
        {
          "image_file": "asset13.webp",
          "emojis": [
            "☕",
            "🙂"
          ]
        },
        {
          "image_file": "asset14.webp",
          "emojis": [
            "☕",
            "🙂"
          ]
        },
        {
          "image_file": "asset15.webp",
          "emojis": [
            "☕",
            "🙂"
          ]
        },
        {
          "image_file": "asset16.webp",
          "emojis": [
            "☕",
            "🙂"
          ]
        },
        {
          "image_file": "asset17.webp",
          "emojis": [
            "☕",
            "🙂"
          ]
        },
        {
          "image_file": "asset18.webp",
          "emojis": [
            "☕",
            "🙂"
          ]
        },
        {
          "image_file": "asset19.webp",
          "emojis": [
            "☕",
            "🙂"
          ]
        },
        {
          "image_file": "asset20.webp",
          "emojis": [
            "☕",
            "🙂"
          ]
        },
        {
          "image_file": "asset21.webp",
          "emojis": [
            "☕",
            "🙂"
          ]
        },
        {
          "image_file": "asset22.webp",
          "emojis": [
            "☕",
            "🙂"
          ]
        },
        {
          "image_file": "asset23.webp",
          "emojis": [
            "☕",
            "🙂"
          ]
        },
        {
          "image_file": "asset24.webp",
          "emojis": [
            "☕",
            "🙂"
          ]
        },
        {
          "image_file": "asset25.webp",
          "emojis": [
            "☕",
            "🙂"
          ]
        },
        {
          "image_file": "asset26.webp",
          "emojis": [
            "☕",
            "🙂"
          ]
        },
        {
          "image_file": "asset27.webp",
          "emojis": [
            "☕",
            "🙂"
          ]
        },
        {
          "image_file": "asset28.webp",
          "emojis": [
            "☕",
            "🙂"
          ]
        },
        {
          "image_file": "asset29.webp",
          "emojis": [
            "☕",
            "🙂"
          ]
        },
        {
          "image_file": "asset30.webp",
          "emojis": [
            "☕",
            "🙂"
          ]
        }
      ]
    },
    {
      "identifier": "2",
      "name": "BTS Sticker Pack 2",
      "publisher": "GANESH",
      "tray_image_file": "asset1.webp",
      "image_data_version": "2",
      "avoid_cache": false,
      "publisher_email":"feedbacktomyapp@gmail.com",
      "publisher_website": "https://sites.google.com/view/programmingwithganesh/home",
      "privacy_policy_website": "https://sites.google.com/view/programmingwithganesh/home",
      "license_agreement_website": "https://sites.google.com/view/programmingwithganesh/home",
      "stickers": [
        {
          "image_file": "asset1.webp",
          "emojis": [
            "☕",
            "🙂"
          ]
        },
        {
          "image_file": "asset2.webp",
          "emojis": [
            "☕",
            "🙂"
          ]
        },
        {
          "image_file": "asset3.webp",
          "emojis": [
            "☕",
            "🙂"
          ]
        },
        {
          "image_file": "asset4.webp",
          "emojis": [
            "☕",
            "🙂"
          ]
        },
        {
          "image_file": "asset5.webp",
          "emojis": [
            "☕",
            "🙂"
          ]
        },
        {
          "image_file": "asset6.webp",
          "emojis": [
            "☕",
            "🙂"
          ]
        },
        {
          "image_file": "asset7.webp",
          "emojis": [
            "☕",
            "🙂"
          ]
        },
        {
          "image_file": "asset8.webp",
          "emojis": [
            "☕",
            "🙂"
          ]
        },
        {
          "image_file": "asset9.webp",
          "emojis": [
            "☕",
            "🙂"
          ]
        },
        {
          "image_file": "asset10.webp",
          "emojis": [
            "☕",
            "🙂"
          ]
        },
        {
          "image_file": "asset11.webp",
          "emojis": [
            "☕",
            "🙂"
          ]
        },
        {
          "image_file": "asset12.webp",
          "emojis": [
            "☕",
            "🙂"
          ]
        },
        {
          "image_file": "asset13.webp",
          "emojis": [
            "☕",
            "🙂"
          ]
        },
        {
          "image_file": "asset14.webp",
          "emojis": [
            "☕",
            "🙂"
          ]
        },
        {
          "image_file": "asset15.webp",
          "emojis": [
            "☕",
            "🙂"
          ]
        }
      ]
    },
    {
      "identifier": "3",
      "name": "BTS Sticker Pack 3",
      "publisher": "GANESH",
      "tray_image_file": "asset16.webp",
      "image_data_version": "3",
      "avoid_cache": false,
      "publisher_email":"feedbacktomyapp@gmail.com",
      "publisher_website": "https://sites.google.com/view/programmingwithganesh/home",
      "privacy_policy_website": "https://sites.google.com/view/programmingwithganesh/home",
      "license_agreement_website": "https://sites.google.com/view/programmingwithganesh/home",
      "stickers": [
        {
          "image_file": "asset16.webp",
          "emojis": [
            "☕",
            "🙂"
          ]
        },
        {
          "image_file": "asset17.webp",
          "emojis": [
            "☕",
            "🙂"
          ]
        },
        {
          "image_file": "asset18.webp",
          "emojis": [
            "☕",
            "🙂"
          ]
        },
        {
          "image_file": "asset19.webp",
          "emojis": [
            "☕",
            "🙂"
          ]
        },
        {
          "image_file": "asset20.webp",
          "emojis": [
            "☕",
            "🙂"
          ]
        },
        {
          "image_file": "asset21.webp",
          "emojis": [
            "☕",
            "🙂"
          ]
        },
        {
          "image_file": "asset22.webp",
          "emojis": [
            "☕",
            "🙂"
          ]
        },
        {
          "image_file": "asset23.webp",
          "emojis": [
            "☕",
            "🙂"
          ]
        },
        {
          "image_file": "asset24.webp",
          "emojis": [
            "☕",
            "🙂"
          ]
        },
        {
          "image_file": "asset25.webp",
          "emojis": [
            "☕",
            "🙂"
          ]
        },
        {
          "image_file": "asset26.webp",
          "emojis": [
            "☕",
            "🙂"
          ]
        },
        {
          "image_file": "asset27.webp",
          "emojis": [
            "☕",
            "🙂"
          ]
        },
        {
          "image_file": "asset28.webp",
          "emojis": [
            "☕",
            "🙂"
          ]
        },
        {
          "image_file": "asset29.webp",
          "emojis": [
            "☕",
            "🙂"
          ]
        },
        {
          "image_file": "asset30.webp",
          "emojis": [
            "☕",
            "🙂"
          ]
        }
      ]
    },
    {
      "identifier": "4",
      "name": "BTS Sticker Pack 4",
      "publisher": "GANESH",
      "tray_image_file": "asset1.webp",
      "image_data_version": "4",
      "avoid_cache": false,
      "publisher_email":"feedbacktomyapp@gmail.com",
      "publisher_website": "https://sites.google.com/view/programmingwithganesh/home",
      "privacy_policy_website": "https://sites.google.com/view/programmingwithganesh/home",
      "license_agreement_website": "https://sites.google.com/view/programmingwithganesh/home",
      "stickers": [
        {
          "image_file": "asset1.webp",
          "emojis": [
            "☕",
            "🙂"
          ]
        },
        {
          "image_file": "asset2.webp",
          "emojis": [
            "☕",
            "🙂"
          ]
        },
        {
          "image_file": "asset3.webp",
          "emojis": [
            "☕",
            "🙂"
          ]
        },
        {
          "image_file": "asset4.webp",
          "emojis": [
            "☕",
            "🙂"
          ]
        },
        {
          "image_file": "asset5.webp",
          "emojis": [
            "☕",
            "🙂"
          ]
        },
        {
          "image_file": "asset6.webp",
          "emojis": [
            "☕",
            "🙂"
          ]
        },
        {
          "image_file": "asset7.webp",
          "emojis": [
            "☕",
            "🙂"
          ]
        },
        {
          "image_file": "asset8.webp",
          "emojis": [
            "☕",
            "🙂"
          ]
        },
        {
          "image_file": "asset9.webp",
          "emojis": [
            "☕",
            "🙂"
          ]
        },
        {
          "image_file": "asset10.webp",
          "emojis": [
            "☕",
            "🙂"
          ]
        },
        {
          "image_file": "asset11.webp",
          "emojis": [
            "☕",
            "🙂"
          ]
        },
        {
          "image_file": "asset12.webp",
          "emojis": [
            "☕",
            "🙂"
          ]
        },
        {
          "image_file": "asset13.webp",
          "emojis": [
            "☕",
            "🙂"
          ]
        },
        {
          "image_file": "asset14.webp",
          "emojis": [
            "☕",
            "🙂"
          ]
        },
        {
          "image_file": "asset15.webp",
          "emojis": [
            "☕",
            "🙂"
          ]
        }
      ]
    },
    {
      "identifier": "5",
      "name": "BTS Sticker Pack 5",
      "publisher": "GANESH",
      "tray_image_file": "asset16.webp",
      "image_data_version": "5",
      "avoid_cache": false,
      "publisher_email":"feedbacktomyapp@gmail.com",
      "publisher_website": "https://sites.google.com/view/programmingwithganesh/home",
      "privacy_policy_website": "https://sites.google.com/view/programmingwithganesh/home",
      "license_agreement_website": "https://sites.google.com/view/programmingwithganesh/home",
      "stickers": [
        {
          "image_file": "asset16.webp",
          "emojis": [
            "☕",
            "🙂"
          ]
        },
        {
          "image_file": "asset17.webp",
          "emojis": [
            "☕",
            "🙂"
          ]
        },
        {
          "image_file": "asset18.webp",
          "emojis": [
            "☕",
            "🙂"
          ]
        },
        {
          "image_file": "asset19.webp",
          "emojis": [
            "☕",
            "🙂"
          ]
        },
        {
          "image_file": "asset20.webp",
          "emojis": [
            "☕",
            "🙂"
          ]
        },
        {
          "image_file": "asset21.webp",
          "emojis": [
            "☕",
            "🙂"
          ]
        },
        {
          "image_file": "asset22.webp",
          "emojis": [
            "☕",
            "🙂"
          ]
        },
        {
          "image_file": "asset23.webp",
          "emojis": [
            "☕",
            "🙂"
          ]
        },
        {
          "image_file": "asset24.webp",
          "emojis": [
            "☕",
            "🙂"
          ]
        },
        {
          "image_file": "asset25.webp",
          "emojis": [
            "☕",
            "🙂"
          ]
        },
        {
          "image_file": "asset26.webp",
          "emojis": [
            "☕",
            "🙂"
          ]
        },
        {
          "image_file": "asset27.webp",
          "emojis": [
            "☕",
            "🙂"
          ]
        },
        {
          "image_file": "asset28.webp",
          "emojis": [
            "☕",
            "🙂"
          ]
        },
        {
          "image_file": "asset29.webp",
          "emojis": [
            "☕",
            "🙂"
          ]
        },
        {
          "image_file": "asset30.webp",
          "emojis": [
            "☕",
            "🙂"
          ]
        }
      ]
    }
  ]
}