{
    "android_play_store_link": "",
    "ios_app_store_link": "",
    "sticker_packs": [
     {
        "identifier": "1",
        "category":"1",
        "name": "Morning",
        "publisher": "Codeplay",
        "tray_image_file": "pack1.webp",
        "image_data_version":"1",
        "avoid_cache":false,
        "publisher_email":"",
        "publisher_website": "",
        "privacy_policy_website": "",
        "license_agreement_website": "",
        "stickers": [
          {
            "image_file": "1.webp"
          ,"emojis": ["😫","😖","😫"]
          },
          {
            "image_file": "2.webp"
          ,"emojis": ["😭","😣","😖"]
          },
          {
            "image_file": "3.webp"
          ,"emojis": ["😰","😭","😵"]
          },
          {
            "image_file": "4.webp"
          ,"emojis": ["😁","😬","🤐"]
          },
          {
            "image_file": "5.webp"
          ,"emojis": ["😢","😭","😩"]
          },
          {
            "image_file": "6.webp"
          ,"emojis": ["😢","😭","😫"]
          },
          {
            "image_file": "7.webp"
          ,"emojis": ["😁","😬","🤐"]
          },
          {
            "image_file": "8.webp"
          ,"emojis": ["🥴","😟","🙄"]
          },
          {
            "image_file": "9.webp"
          ,"emojis": ["😁","😬","🤐"]
          },
          {
            "image_file": "10.webp"
          ,"emojis": ["😏","😕","🥺"]
          },
          {
            "image_file": "11.webp"
          ,"emojis": ["🤔","😒","🤨"]
          },
          {
            "image_file": "12.webp"
          ,"emojis": ["🤨","🧐","😏"]
          },
          {
            "image_file": "13.webp"
          ,"emojis": ["🤨","🧐","😏"]
          },
          {
            "image_file": "14.webp"
          ,"emojis": ["🤔","😒","🤨"]
          },
          {
            "image_file": "15.webp"
          ,"emojis": ["🤨","🧐","😏"]
          },
          {
            "image_file": "16.webp"
          ,"emojis": ["🤨","🧐","😏"]
          },
          {
            "image_file": "17.webp"
          ,"emojis": ["🤔","😒","🤨"]
          },
          {
            "image_file": "18.webp"
          ,"emojis": ["🤨","🧐","😏"]
          },
          {
            "image_file": "19.webp"
          ,"emojis": ["🤨","🧐","😏"]
          },
          {
            "image_file": "20.webp"
          ,"emojis": ["🤔","😒","🤨"]
          },
          {
            "image_file": "21.webp"
          ,"emojis": ["🤨","🧐","😏"]
          },
          {
            "image_file": "22.webp"
          ,"emojis": ["🤨","🧐","😏"]
          },
          {
            "image_file": "23.webp"
          ,"emojis": ["🤨","🧐","😏"]
          },
          {
            "image_file": "24.webp"
          ,"emojis": ["🤨","🧐","😏"]
          },
          {
            "image_file": "25.webp"
          ,"emojis": ["🤨","🧐","😏"]
          },
          {
            "image_file": "26.webp"
          ,"emojis": ["🤨","🧐","😏"]
          },
          {
            "image_file": "27.webp"
          ,"emojis": ["🤨","🧐","😏"]
          }
        ]},
      {
        "identifier": "2",
        "category":"2",
        "name": "Happy 1",
        "publisher": "Codeplay",
        "tray_image_file": "pack2.webp",
        "image_data_version":"1",
        "avoid_cache":false,
        "publisher_email":"",
        "publisher_website": "",
        "privacy_policy_website": "",
        "license_agreement_website": "",
        "stickers": [
          {
            "image_file": "1.webp"
          ,"emojis": ["😫","😖","😫"]
          },
          {
            "image_file": "2.webp"
          ,"emojis": ["😭","😣","😖"]
          },
          {
            "image_file": "3.webp"
          ,"emojis": ["😰","😭","😵"]
          },
          {
            "image_file": "4.webp"
          ,"emojis": ["😁","😬","🤐"]
          },
          {
            "image_file": "5.webp"
          ,"emojis": ["😢","😭","😩"]
          },
          {
            "image_file": "6.webp"
          ,"emojis": ["😢","😭","😫"]
          },
          {
            "image_file": "7.webp"
          ,"emojis": ["😁","😬","🤐"]
          },
          {
            "image_file": "8.webp"
          ,"emojis": ["🥴","😟","🙄"]
          },
          {
            "image_file": "9.webp"
          ,"emojis": ["😁","😬","🤐"]
          },
          {
            "image_file": "10.webp"
          ,"emojis": ["😏","😕","🥺"]
          },
          {
            "image_file": "11.webp"
          ,"emojis": ["🤔","😒","🤨"]
          },
          {
            "image_file": "12.webp"
          ,"emojis": ["🤨","🧐","😏"]
          },
          {
            "image_file": "13.webp"
          ,"emojis": ["🤨","🧐","😏"]
          },
          {
            "image_file": "14.webp"
          ,"emojis": ["🤔","😒","🤨"]
          },
          {
            "image_file": "15.webp"
          ,"emojis": ["🤨","🧐","😏"]
          },
          {
            "image_file": "16.webp"
          ,"emojis": ["🤨","🧐","😏"]
          },
          {
            "image_file": "17.webp"
          ,"emojis": ["🤔","😒","🤨"]
          },
          {
            "image_file": "18.webp"
          ,"emojis": ["🤨","🧐","😏"]
          },
          {
            "image_file": "19.webp"
          ,"emojis": ["🤨","🧐","😏"]
          },
          {
            "image_file": "20.webp"
          ,"emojis": ["🤔","😒","🤨"]
          },
          {
            "image_file": "21.webp"
          ,"emojis": ["🤨","🧐","😏"]
          },
          {
            "image_file": "22.webp"
          ,"emojis": ["🤨","🧐","😏"]
          },
          {
            "image_file": "23.webp"
          ,"emojis": ["🤨","🧐","😏"]
          },
          {
            "image_file": "24.webp"
          ,"emojis": ["🤨","🧐","😏"]
          }
        ]
      },
      {
        "identifier": "3",
        "category":"6",
        "name": "Dialouge 1",
        "publisher": "Codeplay",
        "tray_image_file": "pack3.webp",
        "image_data_version":"1",
        "avoid_cache":false,
        "publisher_email":"",
        "publisher_website": "",
        "privacy_policy_website": "",
        "license_agreement_website": "",
        "stickers": [
          {
            "image_file": "1.webp"
          ,"emojis": ["😫","😖","😫"]
          },
          {
            "image_file": "2.webp"
          ,"emojis": ["😭","😣","😖"]
          },
          {
            "image_file": "3.webp"
          ,"emojis": ["😰","😭","😵"]
          },
          {
            "image_file": "4.webp"
          ,"emojis": ["😁","😬","🤐"]
          },
          {
            "image_file": "5.webp"
          ,"emojis": ["😢","😭","😩"]
          },
          {
            "image_file": "6.webp"
          ,"emojis": ["😢","😭","😫"]
          },
          {
            "image_file": "7.webp"
          ,"emojis": ["😁","😬","🤐"]
          },
          {
            "image_file": "8.webp"
          ,"emojis": ["🥴","😟","🙄"]
          },
          {
            "image_file": "9.webp"
          ,"emojis": ["😁","😬","🤐"]
          },
          {
            "image_file": "10.webp"
          ,"emojis": ["😏","😕","🥺"]
          },
          {
            "image_file": "11.webp"
          ,"emojis": ["🤔","😒","🤨"]
          },
          {
            "image_file": "12.webp"
          ,"emojis": ["🤨","🧐","😏"]
          },
          {
            "image_file": "13.webp"
          ,"emojis": ["🤨","🧐","😏"]
          },
          {
            "image_file": "14.webp"
          ,"emojis": ["🤔","😒","🤨"]
          },
          {
            "image_file": "15.webp"
          ,"emojis": ["🤨","🧐","😏"]
          },
          {
            "image_file": "16.webp"
          ,"emojis": ["🤨","🧐","😏"]
          },
          {
            "image_file": "17.webp"
          ,"emojis": ["🤔","😒","🤨"]
          },
          {
            "image_file": "18.webp"
          ,"emojis": ["🤨","🧐","😏"]
          },
          {
            "image_file": "19.webp"
          ,"emojis": ["🤨","🧐","😏"]
          },
          {
            "image_file": "20.webp"
          ,"emojis": ["🤔","😒","🤨"]
          },
          {
            "image_file": "21.webp"
          ,"emojis": ["🤨","🧐","😏"]
          },
          {
            "image_file": "22.webp"
          ,"emojis": ["🤨","🧐","😏"]
          },
          {
            "image_file": "23.webp"
          ,"emojis": ["🤨","🧐","😏"]
          },
          {
            "image_file": "24.webp"
          ,"emojis": ["🤨","🧐","😏"]
          },
          {
            "image_file": "25.webp"
          ,"emojis": ["🤨","🧐","😏"]
          },
          {
            "image_file": "26.webp"
          ,"emojis": ["🤨","🧐","😏"]
          },
          {
            "image_file": "27.webp"
          ,"emojis": ["🤨","🧐","😏"]
          },
          {
            "image_file": "28.webp"
          ,"emojis": ["🤨","🧐","😏"]
          },
          {
            "image_file": "29.webp"
          ,"emojis": ["🤨","🧐","😏"]
          },
          {
            "image_file": "30.webp"
          ,"emojis": ["🤨","🧐","😏"]
          }
        ]
      },
      
      {
        "identifier": "4",
        "category":"3",
        "name": "Bye",
        "publisher": "Codeplay",
        "tray_image_file": "pack4.webp",
        "image_data_version":"1",
        "avoid_cache":false,
        "publisher_email":"",
        "publisher_website": "",
        "privacy_policy_website": "",
        "license_agreement_website": "",
        "stickers": [
          {
            "image_file": "1.webp"
          ,"emojis": ["😫","😖","😫"]
          },
          {
            "image_file": "2.webp"
          ,"emojis": ["😭","😣","😖"]
          },
          {
            "image_file": "3.webp"
          ,"emojis": ["😰","😭","😵"]
          },
          {
            "image_file": "4.webp"
          ,"emojis": ["😁","😬","🤐"]
          },
          {
            "image_file": "5.webp"
          ,"emojis": ["😢","😭","😩"]
          },
          {
            "image_file": "6.webp"
          ,"emojis": ["😢","😭","😫"]
          },
          {
            "image_file": "7.webp"
          ,"emojis": ["😁","😬","🤐"]
          },
          {
            "image_file": "8.webp"
          ,"emojis": ["🥴","😟","🙄"]
          },
          {
            "image_file": "9.webp"
          ,"emojis": ["😁","😬","🤐"]
          },
          {
            "image_file": "10.webp"
          ,"emojis": ["😏","😕","🥺"]
          },
          {
            "image_file": "11.webp"
          ,"emojis": ["🤔","😒","🤨"]
          },
          {
            "image_file": "12.webp"
          ,"emojis": ["🤨","🧐","😏"]
          },
          {
            "image_file": "13.webp"
          ,"emojis": ["🤨","🧐","😏"]
          },
          {
            "image_file": "14.webp"
          ,"emojis": ["🤔","😒","🤨"]
          },
          {
            "image_file": "15.webp"
          ,"emojis": ["🤨","🧐","😏"]
          },
          {
            "image_file": "16.webp"
          ,"emojis": ["🤨","🧐","😏"]
          },
          {
            "image_file": "17.webp"
          ,"emojis": ["🤔","😒","🤨"]
          }
        ]
      },
      
      {
        "identifier": "5",
        "category":"2",
        "name": "Happy 2",
        "publisher": "Codeplay",
        "tray_image_file": "pack5.webp",
        "image_data_version":"1",
        "avoid_cache":false,
        "publisher_email":"",
        "publisher_website": "",
        "privacy_policy_website": "",
        "license_agreement_website": "",
        "stickers": [
          {
            "image_file": "1.webp"
          ,"emojis": ["😫","😖","😫"]
          },
          {
            "image_file": "2.webp"
          ,"emojis": ["😭","😣","😖"]
          },
          {
            "image_file": "3.webp"
          ,"emojis": ["😰","😭","😵"]
          },
          {
            "image_file": "4.webp"
          ,"emojis": ["😁","😬","🤐"]
          },
          {
            "image_file": "5.webp"
          ,"emojis": ["😢","😭","😩"]
          },
          {
            "image_file": "6.webp"
          ,"emojis": ["😢","😭","😫"]
          },
          {
            "image_file": "7.webp"
          ,"emojis": ["😁","😬","🤐"]
          },
          {
            "image_file": "8.webp"
          ,"emojis": ["🥴","😟","🙄"]
          },
          {
            "image_file": "9.webp"
          ,"emojis": ["😁","😬","🤐"]
          },
          {
            "image_file": "10.webp"
          ,"emojis": ["😏","😕","🥺"]
          },
          {
            "image_file": "11.webp"
          ,"emojis": ["🤔","😒","🤨"]
          },
          {
            "image_file": "12.webp"
          ,"emojis": ["🤨","🧐","😏"]
          },
          {
            "image_file": "13.webp"
          ,"emojis": ["🤨","🧐","😏"]
          },
          {
            "image_file": "14.webp"
          ,"emojis": ["🤔","😒","🤨"]
          },
          {
            "image_file": "15.webp"
          ,"emojis": ["🤨","🧐","😏"]
          },
          {
            "image_file": "16.webp"
          ,"emojis": ["🤨","🧐","😏"]
          },
          {
            "image_file": "17.webp"
          ,"emojis": ["🤔","😒","🤨"]
          },
          {
            "image_file": "18.webp"
          ,"emojis": ["🤨","🧐","😏"]
          },
          {
            "image_file": "19.webp"
          ,"emojis": ["🤨","🧐","😏"]
          },
          {
            "image_file": "20.webp"
          ,"emojis": ["🤔","😒","🤨"]
          },
          {
            "image_file": "21.webp"
          ,"emojis": ["🤨","🧐","😏"]
          },
          {
            "image_file": "22.webp"
          ,"emojis": ["🤨","🧐","😏"]
          }
        ]
      },
      
      {
        "identifier": "6",
        "category":"6",
        "name": "Dialouge 2",
        "publisher": "Codeplay",
        "tray_image_file": "pack6.webp",
        "image_data_version":"1",
        "avoid_cache":false,
        "publisher_email":"",
        "publisher_website": "",
        "privacy_policy_website": "",
        "license_agreement_website": "",
        "stickers": [
          {
            "image_file": "1.webp"
          ,"emojis": ["😫","😖","😫"]
          },
          {
            "image_file": "2.webp"
          ,"emojis": ["😭","😣","😖"]
          },
          {
            "image_file": "3.webp"
          ,"emojis": ["😰","😭","😵"]
          },
          {
            "image_file": "4.webp"
          ,"emojis": ["😁","😬","🤐"]
          },
          {
            "image_file": "5.webp"
          ,"emojis": ["😢","😭","😩"]
          },
          {
            "image_file": "6.webp"
          ,"emojis": ["😢","😭","😫"]
          },
          {
            "image_file": "7.webp"
          ,"emojis": ["😁","😬","🤐"]
          },
          {
            "image_file": "8.webp"
          ,"emojis": ["🥴","😟","🙄"]
          },
          {
            "image_file": "9.webp"
          ,"emojis": ["😁","😬","🤐"]
          },
          {
            "image_file": "10.webp"
          ,"emojis": ["😏","😕","🥺"]
          },
          {
            "image_file": "11.webp"
          ,"emojis": ["🤔","😒","🤨"]
          },
          {
            "image_file": "12.webp"
          ,"emojis": ["🤨","🧐","😏"]
          },
          {
            "image_file": "13.webp"
          ,"emojis": ["🤨","🧐","😏"]
          },
          {
            "image_file": "14.webp"
          ,"emojis": ["🤔","😒","🤨"]
          },
          {
            "image_file": "15.webp"
          ,"emojis": ["🤨","🧐","😏"]
          },
          {
            "image_file": "16.webp"
          ,"emojis": ["🤨","🧐","😏"]
          },
          {
            "image_file": "17.webp"
          ,"emojis": ["🤔","😒","🤨"]
          },
          {
            "image_file": "18.webp"
          ,"emojis": ["🤨","🧐","😏"]
          },
          {
            "image_file": "19.webp"
          ,"emojis": ["🤨","🧐","😏"]
          },
          {
            "image_file": "20.webp"
          ,"emojis": ["🤔","😒","🤨"]
          },
          {
            "image_file": "21.webp"
          ,"emojis": ["🤨","🧐","😏"]
          },
          {
            "image_file": "22.webp"
          ,"emojis": ["🤨","🧐","😏"]
          },
          {
            "image_file": "23.webp"
          ,"emojis": ["🤨","🧐","😏"]
          },
          {
            "image_file": "24.webp"
          ,"emojis": ["🤨","🧐","😏"]
          },
          {
            "image_file": "25.webp"
          ,"emojis": ["🤨","🧐","😏"]
          },
          {
            "image_file": "26.webp"
          ,"emojis": ["🤨","🧐","😏"]
          },
          {
            "image_file": "27.webp"
          ,"emojis": ["🤨","🧐","😏"]
          },
          {
            "image_file": "28.webp"
          ,"emojis": ["🤨","🧐","😏"]
          },
          {
            "image_file": "29.webp"
          ,"emojis": ["🤨","🧐","😏"]
          },
          {
            "image_file": "30.webp"
          ,"emojis": ["🤨","🧐","😏"]
          }
        ]
      },
      
      {
        "identifier": "7",
        "category":"6",
        "name": "Dialouge 3",
        "publisher": "Codeplay",
        "tray_image_file": "pack7.webp",
        "image_data_version":"1",
        "avoid_cache":false,
        "publisher_email":"",
        "publisher_website": "",
        "privacy_policy_website": "",
        "license_agreement_website": "",
        "stickers": [
          {
            "image_file": "1.webp"
          ,"emojis": ["😫","😖","😫"]
          },
          {
            "image_file": "2.webp"
          ,"emojis": ["😭","😣","😖"]
          },
          {
            "image_file": "3.webp"
          ,"emojis": ["😰","😭","😵"]
          },
          {
            "image_file": "4.webp"
          ,"emojis": ["😁","😬","🤐"]
          },
          {
            "image_file": "5.webp"
          ,"emojis": ["😢","😭","😩"]
          },
          {
            "image_file": "6.webp"
          ,"emojis": ["😢","😭","😫"]
          },
          {
            "image_file": "7.webp"
          ,"emojis": ["😁","😬","🤐"]
          },
          {
            "image_file": "8.webp"
          ,"emojis": ["🥴","😟","🙄"]
          },
          {
            "image_file": "9.webp"
          ,"emojis": ["😁","😬","🤐"]
          },
          {
            "image_file": "10.webp"
          ,"emojis": ["😏","😕","🥺"]
          },
          {
            "image_file": "11.webp"
          ,"emojis": ["🤔","😒","🤨"]
          },
          {
            "image_file": "12.webp"
          ,"emojis": ["🤨","🧐","😏"]
          },
          {
            "image_file": "13.webp"
          ,"emojis": ["🤨","🧐","😏"]
          },
          {
            "image_file": "14.webp"
          ,"emojis": ["🤔","😒","🤨"]
          },
          {
            "image_file": "15.webp"
          ,"emojis": ["🤨","🧐","😏"]
          },
          {
            "image_file": "16.webp"
          ,"emojis": ["🤨","🧐","😏"]
          },
          {
            "image_file": "17.webp"
          ,"emojis": ["🤔","😒","🤨"]
          },
          {
            "image_file": "18.webp"
          ,"emojis": ["🤨","🧐","😏"]
          },
          {
            "image_file": "19.webp"
          ,"emojis": ["🤨","🧐","😏"]
          },
          {
            "image_file": "20.webp"
          ,"emojis": ["🤔","😒","🤨"]
          },
          {
            "image_file": "21.webp"
          ,"emojis": ["🤨","🧐","😏"]
          },
          {
            "image_file": "22.webp"
          ,"emojis": ["🤨","🧐","😏"]
          },
          {
            "image_file": "23.webp"
          ,"emojis": ["🤨","🧐","😏"]
          },
          {
            "image_file": "24.webp"
          ,"emojis": ["🤨","🧐","😏"]
          },
          {
            "image_file": "25.webp"
          ,"emojis": ["🤨","🧐","😏"]
          },
          {
            "image_file": "26.webp"
          ,"emojis": ["🤨","🧐","😏"]
          },
          {
            "image_file": "27.webp"
          ,"emojis": ["🤨","🧐","😏"]
          },
          {
            "image_file": "28.webp"
          ,"emojis": ["🤨","🧐","😏"]
          },
          {
            "image_file": "29.webp"
          ,"emojis": ["🤨","🧐","😏"]
          },
          {
            "image_file": "30.webp"
          ,"emojis": ["🤨","🧐","😏"]
          }
        ]
      },
      
      {
        "identifier": "8",
        "category":"2",
        "name": "Happy 3",
        "publisher": "Codeplay",
        "tray_image_file": "pack8.webp",
        "image_data_version":"1",
        "avoid_cache":false,
        "publisher_email":"",
        "publisher_website": "",
        "privacy_policy_website": "",
        "license_agreement_website": "",
        "stickers": [
          {
            "image_file": "1.webp"
          ,"emojis": ["😫","😖","😫"]
          },
          {
            "image_file": "2.webp"
          ,"emojis": ["😭","😣","😖"]
          },
          {
            "image_file": "3.webp"
          ,"emojis": ["😰","😭","😵"]
          },
          {
            "image_file": "4.webp"
          ,"emojis": ["😁","😬","🤐"]
          },
          {
            "image_file": "5.webp"
          ,"emojis": ["😢","😭","😩"]
          },
          {
            "image_file": "6.webp"
          ,"emojis": ["😢","😭","😫"]
          },
          {
            "image_file": "7.webp"
          ,"emojis": ["😁","😬","🤐"]
          },
          {
            "image_file": "8.webp"
          ,"emojis": ["🥴","😟","🙄"]
          },
          {
            "image_file": "9.webp"
          ,"emojis": ["😁","😬","🤐"]
          },
          {
            "image_file": "10.webp"
          ,"emojis": ["😏","😕","🥺"]
          },
          {
            "image_file": "11.webp"
          ,"emojis": ["🤔","😒","🤨"]
          },
          {
            "image_file": "12.webp"
          ,"emojis": ["🤨","🧐","😏"]
          },
          {
            "image_file": "13.webp"
          ,"emojis": ["🤨","🧐","😏"]
          },
          {
            "image_file": "14.webp"
          ,"emojis": ["🤔","😒","🤨"]
          },
          {
            "image_file": "15.webp"
          ,"emojis": ["🤨","🧐","😏"]
          },
          {
            "image_file": "16.webp"
          ,"emojis": ["🤨","🧐","😏"]
          },
          {
            "image_file": "17.webp"
          ,"emojis": ["🤔","😒","🤨"]
          },
          {
            "image_file": "18.webp"
          ,"emojis": ["🤨","🧐","😏"]
          },
          {
            "image_file": "19.webp"
          ,"emojis": ["🤨","🧐","😏"]
          },
          {
            "image_file": "20.webp"
          ,"emojis": ["🤔","😒","🤨"]
          }
        ]
      },
      
      {
        "identifier": "9",
        "category":"6",
        "name": "Dialouge 4",
        "publisher": "Codeplay",
        "tray_image_file": "pack9.webp",
        "image_data_version":"1",
        "avoid_cache":false,
        "publisher_email":"",
        "publisher_website": "",
        "privacy_policy_website": "",
        "license_agreement_website": "",
        "stickers": [
          {
            "image_file": "1.webp"
          ,"emojis": ["😫","😖","😫"]
          },
          {
            "image_file": "2.webp"
          ,"emojis": ["😭","😣","😖"]
          },
          {
            "image_file": "3.webp"
          ,"emojis": ["😰","😭","😵"]
          },
          {
            "image_file": "4.webp"
          ,"emojis": ["😁","😬","🤐"]
          },
          {
            "image_file": "5.webp"
          ,"emojis": ["😢","😭","😩"]
          },
          {
            "image_file": "6.webp"
          ,"emojis": ["😢","😭","😫"]
          },
          {
            "image_file": "7.webp"
          ,"emojis": ["😁","😬","🤐"]
          },
          {
            "image_file": "8.webp"
          ,"emojis": ["🥴","😟","🙄"]
          },
          {
            "image_file": "9.webp"
          ,"emojis": ["😁","😬","🤐"]
          },
          {
            "image_file": "10.webp"
          ,"emojis": ["😏","😕","🥺"]
          },
          {
            "image_file": "11.webp"
          ,"emojis": ["🤔","😒","🤨"]
          },
          {
            "image_file": "12.webp"
          ,"emojis": ["🤨","🧐","😏"]
          },
          {
            "image_file": "13.webp"
          ,"emojis": ["🤨","🧐","😏"]
          },
          {
            "image_file": "14.webp"
          ,"emojis": ["🤔","😒","🤨"]
          },
          {
            "image_file": "15.webp"
          ,"emojis": ["🤨","🧐","😏"]
          },
          {
            "image_file": "16.webp"
          ,"emojis": ["🤨","🧐","😏"]
          },
          {
            "image_file": "17.webp"
          ,"emojis": ["🤔","😒","🤨"]
          },
          {
            "image_file": "18.webp"
          ,"emojis": ["🤨","🧐","😏"]
          },
          {
            "image_file": "19.webp"
          ,"emojis": ["🤨","🧐","😏"]
          },
          {
            "image_file": "20.webp"
          ,"emojis": ["🤔","😒","🤨"]
          },
          {
            "image_file": "21.webp"
          ,"emojis": ["🤨","🧐","😏"]
          },
          {
            "image_file": "22.webp"
          ,"emojis": ["🤨","🧐","😏"]
          },
          {
            "image_file": "23.webp"
          ,"emojis": ["🤨","🧐","😏"]
          },
          {
            "image_file": "24.webp"
          ,"emojis": ["🤨","🧐","😏"]
          },
          {
            "image_file": "25.webp"
          ,"emojis": ["🤨","🧐","😏"]
          },
          {
            "image_file": "26.webp"
          ,"emojis": ["🤨","🧐","😏"]
          },
          {
            "image_file": "27.webp"
          ,"emojis": ["🤨","🧐","😏"]
          },
          {
            "image_file": "28.webp"
          ,"emojis": ["🤨","🧐","😏"]
          },
          {
            "image_file": "29.webp"
          ,"emojis": ["🤨","🧐","😏"]
          },
          {
            "image_file": "30.webp"
          ,"emojis": ["🤨","🧐","😏"]
          }
        ]
      },
      
      {
        "identifier": "10",
        "category":"6",
        "name": "Dialouge 5",
        "publisher": "Codeplay",
        "tray_image_file": "pack10.webp",
        "image_data_version":"1",
        "avoid_cache":false,
        "publisher_email":"",
        "publisher_website": "",
        "privacy_policy_website": "",
        "license_agreement_website": "",
        "stickers": [
          {
            "image_file": "1.webp"
          ,"emojis": ["😫","😖","😫"]
          },
          {
            "image_file": "2.webp"
          ,"emojis": ["😭","😣","😖"]
          },
          {
            "image_file": "3.webp"
          ,"emojis": ["😰","😭","😵"]
          },
          {
            "image_file": "4.webp"
          ,"emojis": ["😁","😬","🤐"]
          },
          {
            "image_file": "5.webp"
          ,"emojis": ["😢","😭","😩"]
          },
          {
            "image_file": "6.webp"
          ,"emojis": ["😢","😭","😫"]
          },
          {
            "image_file": "7.webp"
          ,"emojis": ["😁","😬","🤐"]
          },
          {
            "image_file": "8.webp"
          ,"emojis": ["🥴","😟","🙄"]
          },
          {
            "image_file": "9.webp"
          ,"emojis": ["😁","😬","🤐"]
          },
          {
            "image_file": "10.webp"
          ,"emojis": ["😏","😕","🥺"]
          },
          {
            "image_file": "11.webp"
          ,"emojis": ["🤔","😒","🤨"]
          },
          {
            "image_file": "12.webp"
          ,"emojis": ["🤨","🧐","😏"]
          },
          {
            "image_file": "13.webp"
          ,"emojis": ["🤨","🧐","😏"]
          },
          {
            "image_file": "14.webp"
          ,"emojis": ["🤔","😒","🤨"]
          },
          {
            "image_file": "15.webp"
          ,"emojis": ["🤨","🧐","😏"]
          },
          {
            "image_file": "16.webp"
          ,"emojis": ["🤨","🧐","😏"]
          },
          {
            "image_file": "17.webp"
          ,"emojis": ["🤔","😒","🤨"]
          },
          {
            "image_file": "18.webp"
          ,"emojis": ["🤨","🧐","😏"]
          },
          {
            "image_file": "19.webp"
          ,"emojis": ["🤨","🧐","😏"]
          },
          {
            "image_file": "20.webp"
          ,"emojis": ["🤔","😒","🤨"]
          },
          {
            "image_file": "21.webp"
          ,"emojis": ["🤨","🧐","😏"]
          },
          {
            "image_file": "22.webp"
          ,"emojis": ["🤨","🧐","😏"]
          },
          {
            "image_file": "23.webp"
          ,"emojis": ["🤨","🧐","😏"]
          },
          {
            "image_file": "24.webp"
          ,"emojis": ["🤨","🧐","😏"]
          },
          {
            "image_file": "25.webp"
          ,"emojis": ["🤨","🧐","😏"]
          },
          {
            "image_file": "26.webp"
          ,"emojis": ["🤨","🧐","😏"]
          },
          {
            "image_file": "27.webp"
          ,"emojis": ["🤨","🧐","😏"]
          },
          {
            "image_file": "28.webp"
          ,"emojis": ["🤨","🧐","😏"]
          },
          {
            "image_file": "29.webp"
          ,"emojis": ["🤨","🧐","😏"]
          },
          {
            "image_file": "30.webp"
          ,"emojis": ["🤨","🧐","😏"]
          }
        ]
      },
      
      
      {
        "identifier": "11",
        "category":"6",
        "name": "Dialouge 6",
        "publisher": "Codeplay",
        "tray_image_file": "pack11.webp",
        "image_data_version":"1",
        "avoid_cache":false,
        "publisher_email":"",
        "publisher_website": "",
        "privacy_policy_website": "",
        "license_agreement_website": "",
        "stickers": [
          {
            "image_file": "1.webp"
          ,"emojis": ["😫","😖","😫"]
          },
          {
            "image_file": "2.webp"
          ,"emojis": ["😭","😣","😖"]
          },
          {
            "image_file": "3.webp"
          ,"emojis": ["😰","😭","😵"]
          },
          {
            "image_file": "4.webp"
          ,"emojis": ["🤦‍♀️","🤦‍♂️","🙆‍♀️"]
          },
          {
            "image_file": "5.webp"
          ,"emojis": ["😢","😭","😩"]
          },
          {
            "image_file": "6.webp"
          ,"emojis": ["😢","😭","😫"]
          },
          {
            "image_file": "7.webp"
          ,"emojis": ["😁","😬","🤐"]
          },
          {
            "image_file": "8.webp"
          ,"emojis": ["🥴","😟","🙄"]
          },
          {
            "image_file": "9.webp"
          ,"emojis": ["🙆‍♀️","🤦‍♀️","🙆‍♂️"]
          },
          {
            "image_file": "10.webp"
          ,"emojis": ["😏","😕","🥺"]
          },
          {
            "image_file": "11.webp"
          ,"emojis": ["🤔","😒","🤨"]
          },
          {
            "image_file": "12.webp"
          ,"emojis": ["🤨","🧐","😏"]
          },
          {
            "image_file": "13.webp"
          ,"emojis": ["🤨","🧐","😏"]
          },
          {
            "image_file": "14.webp"
          ,"emojis": ["🤔","😒","🤨"]
          },
          {
            "image_file": "15.webp"
          ,"emojis": ["🤨","🧐","😏"]
          },
          {
            "image_file": "16.webp"
          ,"emojis": ["🤨","🧐","😏"]
          },
          {
            "image_file": "17.webp"
          ,"emojis": ["🤔","😒","🤨"]
          },
          {
            "image_file": "18.webp"
          ,"emojis": ["🤨","🧐","😏"]
          },
          {
            "image_file": "19.webp"
          ,"emojis": ["🤨","🧐","😏"]
          },
          {
            "image_file": "20.webp"
          ,"emojis": ["🤔","😒","🤨"]
          },
          {
            "image_file": "21.webp"
          ,"emojis": ["🤨","🧐","😏"]
          },
          {
            "image_file": "22.webp"
          ,"emojis": ["🤨","🧐","😏"]
          },
          {
            "image_file": "23.webp"
          ,"emojis": ["🤨","🧐","😏"]
          },
          {
            "image_file": "24.webp"
          ,"emojis": ["🤨","🧐","😏"]
          },
          {
            "image_file": "25.webp"
          ,"emojis": ["🤨","🧐","😏"]
          },
          {
            "image_file": "26.webp"
          ,"emojis": ["🤨","🧐","😏"]
          },
          {
            "image_file": "27.webp"
          ,"emojis": ["🤨","🧐","😏"]
          },
          {
            "image_file": "28.webp"
          ,"emojis": ["🤨","🧐","😏"]
          },
          {
            "image_file": "29.webp"
          ,"emojis": ["🤨","🧐","😏"]
          },
          {
            "image_file": "30.webp"
          ,"emojis": ["🤨","🧐","😏"]
          }
        ]
      },
      
      {
        "identifier": "12",
        "category":"6",
        "name": "Dialouge 7",
        "publisher": "Codeplay",
        "tray_image_file": "pack12.webp",
        "image_data_version":"1",
        "avoid_cache":false,
        "publisher_email":"",
        "publisher_website": "",
        "privacy_policy_website": "",
        "license_agreement_website": "",
        "stickers": [
          {
            "image_file": "1.webp"
          ,"emojis": ["😫","😖","😫"]
          },
          {
            "image_file": "2.webp"
          ,"emojis": ["😭","😣","😖"]
          },
          {
            "image_file": "3.webp"
          ,"emojis": ["😰","😭","😵"]
          },
          {
            "image_file": "4.webp"
          ,"emojis": ["🤦‍♀️","🤦‍♂️","🙆‍♀️"]
          },
          {
            "image_file": "5.webp"
          ,"emojis": ["😢","😭","😩"]
          },
          {
            "image_file": "6.webp"
          ,"emojis": ["😢","😭","😫"]
          },
          {
            "image_file": "7.webp"
          ,"emojis": ["😁","😬","🤐"]
          },
          {
            "image_file": "8.webp"
          ,"emojis": ["🥴","😟","🙄"]
          },
          {
            "image_file": "9.webp"
          ,"emojis": ["🙆‍♀️","🤦‍♀️","🙆‍♂️"]
          },
          {
            "image_file": "10.webp"
          ,"emojis": ["😏","😕","🥺"]
          },
          {
            "image_file": "11.webp"
          ,"emojis": ["🤔","😒","🤨"]
          },
          {
            "image_file": "12.webp"
          ,"emojis": ["🤨","🧐","😏"]
          },
          {
            "image_file": "13.webp"
          ,"emojis": ["🤨","🧐","😏"]
          },
          {
            "image_file": "14.webp"
          ,"emojis": ["🤔","😒","🤨"]
          },
          {
            "image_file": "15.webp"
          ,"emojis": ["🤨","🧐","😏"]
          },
          {
            "image_file": "16.webp"
          ,"emojis": ["🤨","🧐","😏"]
          },
          {
            "image_file": "17.webp"
          ,"emojis": ["🤔","😒","🤨"]
          },
          {
            "image_file": "18.webp"
          ,"emojis": ["🤨","🧐","😏"]
          },
          {
            "image_file": "19.webp"
          ,"emojis": ["🤨","🧐","😏"]
          },
          {
            "image_file": "20.webp"
          ,"emojis": ["🤔","😒","🤨"]
          },
          {
            "image_file": "21.webp"
          ,"emojis": ["🤨","🧐","😏"]
          },
          {
            "image_file": "22.webp"
          ,"emojis": ["🤨","🧐","😏"]
          },
          {
            "image_file": "23.webp"
          ,"emojis": ["🤨","🧐","😏"]
          },
          {
            "image_file": "24.webp"
          ,"emojis": ["🤨","🧐","😏"]
          },
          {
            "image_file": "25.webp"
          ,"emojis": ["🤨","🧐","😏"]
          },
          {
            "image_file": "26.webp"
          ,"emojis": ["🤨","🧐","😏"]
          },
          {
            "image_file": "27.webp"
          ,"emojis": ["🤨","🧐","😏"]
          },
          {
            "image_file": "28.webp"
          ,"emojis": ["🤨","🧐","😏"]
          },
          {
            "image_file": "29.webp"
          ,"emojis": ["🤨","🧐","😏"]
          },
          {
            "image_file": "30.webp"
          ,"emojis": ["🤨","🧐","😏"]
          }
        ]
      },
      {
        "identifier": "13",
        "category":"7",
        "name": "Love",
        "publisher": "Codeplay",
        "tray_image_file": "pack13.webp",
        "image_data_version":"1",
        "avoid_cache":false,
        "publisher_email":"",
        "publisher_website": "",
        "privacy_policy_website": "",
        "license_agreement_website": "",
        "stickers": [
          {
            "image_file": "1.webp"
          ,"emojis": ["😫","😖","😫"]
          },
          {
            "image_file": "2.webp"
          ,"emojis": ["😭","😣","😖"]
          },
          {
            "image_file": "3.webp"
          ,"emojis": ["😰","😭","😵"]
          },
          {
            "image_file": "4.webp"
          ,"emojis": ["🤦‍♀️","🤦‍♂️","🙆‍♀️"]
          },
          {
            "image_file": "5.webp"
          ,"emojis": ["😢","😭","😩"]
          },
          {
            "image_file": "6.webp"
          ,"emojis": ["😢","😭","😫"]
          },
          {
            "image_file": "7.webp"
          ,"emojis": ["😁","😬","🤐"]
          },
          {
            "image_file": "8.webp"
          ,"emojis": ["🥴","😟","🙄"]
          },
          {
            "image_file": "9.webp"
          ,"emojis": ["🙆‍♀️","🤦‍♀️","🙆‍♂️"]
          },
          {
            "image_file": "10.webp"
          ,"emojis": ["😏","😕","🥺"]
          },
          {
            "image_file": "11.webp"
          ,"emojis": ["🤔","😒","🤨"]
          },
          {
            "image_file": "12.webp"
          ,"emojis": ["🤨","🧐","😏"]
          },
          {
            "image_file": "13.webp"
          ,"emojis": ["🤨","🧐","😏"]
          },
          {
            "image_file": "14.webp"
          ,"emojis": ["🤔","😒","🤨"]
          },
          {
            "image_file": "15.webp"
          ,"emojis": ["🤨","🧐","😏"]
          },
          {
            "image_file": "16.webp"
          ,"emojis": ["🤨","🧐","😏"]
          },
          {
            "image_file": "17.webp"
          ,"emojis": ["🤔","😒","🤨"]
          },
          {
            "image_file": "18.webp"
          ,"emojis": ["🤨","🧐","😏"]
          },
          {
            "image_file": "19.webp"
          ,"emojis": ["🤨","🧐","😏"]
          },
          {
            "image_file": "20.webp"
          ,"emojis": ["🤔","😒","🤨"]
          },
          {
            "image_file": "21.webp"
          ,"emojis": ["🤨","🧐","😏"]
          },
          {
            "image_file": "22.webp"
          ,"emojis": ["🤨","🧐","😏"]
          },
          {
            "image_file": "23.webp"
          ,"emojis": ["🤨","🧐","😏"]
          },
          {
            "image_file": "24.webp"
          ,"emojis": ["🤨","🧐","😏"]
          },
          {
            "image_file": "25.webp"
          ,"emojis": ["🤨","🧐","😏"]
          },
          {
            "image_file": "26.webp"
          ,"emojis": ["🤨","🧐","😏"]
          },
          {
            "image_file": "27.webp"
          ,"emojis": ["🤨","🧐","😏"]
          },
          {
            "image_file": "28.webp"
          ,"emojis": ["🤨","🧐","😏"]
          },
          {
            "image_file": "29.webp"
          ,"emojis": ["🤨","🧐","😏"]
          }
        ]
      },
      {
        "identifier": "14",
        "category":"8",
        "name": "Thanks",
        "publisher": "Codeplay",
        "tray_image_file": "pack14.webp",
        "image_data_version":"1",
        "avoid_cache":false,
        "publisher_email":"",
        "publisher_website": "",
        "privacy_policy_website": "",
        "license_agreement_website": "",
        "stickers": [
          {
            "image_file": "1.webp"
          ,"emojis": ["😫","😖","😫"]
          },
          {
            "image_file": "2.webp"
          ,"emojis": ["😭","😣","😖"]
          },
          {
            "image_file": "3.webp"
          ,"emojis": ["😰","😭","😵"]
          },
          {
            "image_file": "4.webp"
          ,"emojis": ["🤦‍♀️","🤦‍♂️","🙆‍♀️"]
          },
          {
            "image_file": "5.webp"
          ,"emojis": ["😢","😭","😩"]
          },
          {
            "image_file": "6.webp"
          ,"emojis": ["😢","😭","😫"]
          },
          {
            "image_file": "7.webp"
          ,"emojis": ["😁","😬","🤐"]
          },
          {
            "image_file": "8.webp"
          ,"emojis": ["🥴","😟","🙄"]
          },
          {
            "image_file": "9.webp"
          ,"emojis": ["🙆‍♀️","🤦‍♀️","🙆‍♂️"]
          },
          {
            "image_file": "10.webp"
          ,"emojis": ["😏","😕","🥺"]
          },
          {
            "image_file": "11.webp"
          ,"emojis": ["🤔","😒","🤨"]
          },
          {
            "image_file": "12.webp"
          ,"emojis": ["🤨","🧐","😏"]
          },
          {
            "image_file": "13.webp"
          ,"emojis": ["🤨","🧐","😏"]
          },
          {
            "image_file": "14.webp"
          ,"emojis": ["🤔","😒","🤨"]
          },
          {
            "image_file": "15.webp"
          ,"emojis": ["🤨","🧐","😏"]
          },
          {
            "image_file": "16.webp"
          ,"emojis": ["🤨","🧐","😏"]
          },
          {
            "image_file": "17.webp"
          ,"emojis": ["🤔","😒","🤨"]
          },
          {
            "image_file": "18.webp"
          ,"emojis": ["🤨","🧐","😏"]
          },
          {
            "image_file": "19.webp"
          ,"emojis": ["🤨","🧐","😏"]
          },
          {
            "image_file": "20.webp"
          ,"emojis": ["🤔","😒","🤨"]
          },
          {
            "image_file": "21.webp"
          ,"emojis": ["🤨","🧐","😏"]
          },
          {
            "image_file": "22.webp"
          ,"emojis": ["🤨","🧐","😏"]
          },
          {
            "image_file": "23.webp"
          ,"emojis": ["🤨","🧐","😏"]
          },
          {
            "image_file": "24.webp"
          ,"emojis": ["🤨","🧐","😏"]
          },
          {
            "image_file": "25.webp"
          ,"emojis": ["🤨","🧐","😏"]
          },
          {
            "image_file": "26.webp"
          ,"emojis": ["🤨","🧐","😏"]
          },
          {
            "image_file": "27.webp"
          ,"emojis": ["🤨","🧐","😏"]
          },
          {
            "image_file": "28.webp"
          ,"emojis": ["🤨","🧐","😏"]
          }
          
        ]
      },
      
      {
        "identifier": "15",
        "category":"5",
        "name": "Wish 1",
        "publisher": "Codeplay",
        "tray_image_file": "pack15.webp",
        "image_data_version":"1",
        "avoid_cache":false,
        "publisher_email":"",
        "publisher_website": "",
        "privacy_policy_website": "",
        "license_agreement_website": "",
        "stickers": [
          {
            "image_file": "1.webp"
          ,"emojis": ["😫","😖","😫"]
          },
          {
            "image_file": "2.webp"
          ,"emojis": ["😭","😣","😖"]
          },
          {
            "image_file": "3.webp"
          ,"emojis": ["😰","😭","😵"]
          },
          {
            "image_file": "4.webp"
          ,"emojis": ["🤦‍♀️","🤦‍♂️","🙆‍♀️"]
          },
          {
            "image_file": "5.webp"
          ,"emojis": ["😢","😭","😩"]
          },
          {
            "image_file": "6.webp"
          ,"emojis": ["😢","😭","😫"]
          },
          {
            "image_file": "7.webp"
          ,"emojis": ["😁","😬","🤐"]
          },
          {
            "image_file": "8.webp"
          ,"emojis": ["🥴","😟","🙄"]
          },
          {
            "image_file": "9.webp"
          ,"emojis": ["🙆‍♀️","🤦‍♀️","🙆‍♂️"]
          },
          {
            "image_file": "10.webp"
          ,"emojis": ["😏","😕","🥺"]
          },
          {
            "image_file": "11.webp"
          ,"emojis": ["🤔","😒","🤨"]
          },
          {
            "image_file": "12.webp"
          ,"emojis": ["🤨","🧐","😏"]
          },
          {
            "image_file": "13.webp"
          ,"emojis": ["🤨","🧐","😏"]
          },
          {
            "image_file": "14.webp"
          ,"emojis": ["🤔","😒","🤨"]
          },
          {
            "image_file": "15.webp"
          ,"emojis": ["🤨","🧐","😏"]
          },
          {
            "image_file": "16.webp"
          ,"emojis": ["🤨","🧐","😏"]
          },
          {
            "image_file": "17.webp"
          ,"emojis": ["🤔","😒","🤨"]
          },
          {
            "image_file": "18.webp"
          ,"emojis": ["🤨","🧐","😏"]
          },
          {
            "image_file": "19.webp"
          ,"emojis": ["🤨","🧐","😏"]
          },
          {
            "image_file": "20.webp"
          ,"emojis": ["🤔","😒","🤨"]
          },
          {
            "image_file": "21.webp"
          ,"emojis": ["🤨","🧐","😏"]
          },
          {
            "image_file": "22.webp"
          ,"emojis": ["🤨","🧐","😏"]
          }
        ]
      },
      {
        "identifier": "16",
        "category":"5",
        "name": "Wish 2",
        "publisher": "Codeplay",
        "tray_image_file": "pack16.webp",
        "image_data_version":"1",
        "avoid_cache":false,
        "publisher_email":"",
        "publisher_website": "",
        "privacy_policy_website": "",
        "license_agreement_website": "",
        "stickers": [
          {
            "image_file": "1.webp"
          ,"emojis": ["😫","😖","😫"]
          },
          {
            "image_file": "2.webp"
          ,"emojis": ["😭","😣","😖"]
          },
          {
            "image_file": "3.webp"
          ,"emojis": ["😰","😭","😵"]
          },
          {
            "image_file": "4.webp"
          ,"emojis": ["🤦‍♀️","🤦‍♂️","🙆‍♀️"]
          },
          {
            "image_file": "5.webp"
          ,"emojis": ["😢","😭","😩"]
          },
          {
            "image_file": "6.webp"
          ,"emojis": ["😢","😭","😫"]
          },
          {
            "image_file": "7.webp"
          ,"emojis": ["😁","😬","🤐"]
          },
          {
            "image_file": "8.webp"
          ,"emojis": ["🥴","😟","🙄"]
          },
          {
            "image_file": "9.webp"
          ,"emojis": ["🙆‍♀️","🤦‍♀️","🙆‍♂️"]
          },
          {
            "image_file": "10.webp"
          ,"emojis": ["😏","😕","🥺"]
          },
          {
            "image_file": "11.webp"
          ,"emojis": ["🤔","😒","🤨"]
          },
          {
            "image_file": "12.webp"
          ,"emojis": ["🤨","🧐","😏"]
          },
          {
            "image_file": "13.webp"
          ,"emojis": ["🤨","🧐","😏"]
          },
          {
            "image_file": "14.webp"
          ,"emojis": ["🤔","😒","🤨"]
          },
          {
            "image_file": "15.webp"
          ,"emojis": ["🤨","🧐","😏"]
          },
          {
            "image_file": "16.webp"
          ,"emojis": ["🤨","🧐","😏"]
          },
          {
            "image_file": "17.webp"
          ,"emojis": ["🤔","😒","🤨"]
          },
          {
            "image_file": "18.webp"
          ,"emojis": ["🤨","🧐","😏"]
          },
          {
            "image_file": "19.webp"
          ,"emojis": ["🤨","🧐","😏"]
          },
          {
            "image_file": "20.webp"
          ,"emojis": ["🤔","😒","🤨"]
          }
        ]
      },
      {
        "identifier": "17",
        "category":"4",
        "name": "Emotion",
        "publisher": "Codeplay",
        "tray_image_file": "pack17.webp",
        "image_data_version":"1",
        "avoid_cache":false,
        "publisher_email":"",
        "publisher_website": "",
        "privacy_policy_website": "",
        "license_agreement_website": "",
        "stickers": [
          {
            "image_file": "1.webp"
          ,"emojis": ["😫","😖","😫"]
          },
          {
            "image_file": "2.webp"
          ,"emojis": ["😭","😣","😖"]
          },
          {
            "image_file": "3.webp"
          ,"emojis": ["😰","😭","😵"]
          },
          {
            "image_file": "4.webp"
          ,"emojis": ["🤦‍♀️","🤦‍♂️","🙆‍♀️"]
          },
          {
            "image_file": "5.webp"
          ,"emojis": ["😢","😭","😩"]
          },
          {
            "image_file": "6.webp"
          ,"emojis": ["😢","😭","😫"]
          },
          {
            "image_file": "7.webp"
          ,"emojis": ["😁","😬","🤐"]
          },
          {
            "image_file": "8.webp"
          ,"emojis": ["🥴","😟","🙄"]
          },
          {
            "image_file": "9.webp"
          ,"emojis": ["🙆‍♀️","🤦‍♀️","🙆‍♂️"]
          },
          {
            "image_file": "10.webp"
          ,"emojis": ["😏","😕","🥺"]
          },
          {
            "image_file": "11.webp"
          ,"emojis": ["🤔","😒","🤨"]
          },
          {
            "image_file": "12.webp"
          ,"emojis": ["🤨","🧐","😏"]
          },
          {
            "image_file": "13.webp"
          ,"emojis": ["🤨","🧐","😏"]
          },
          {
            "image_file": "14.webp"
          ,"emojis": ["🤔","😒","🤨"]
          },
          {
            "image_file": "15.webp"
          ,"emojis": ["🤨","🧐","😏"]
          },
          {
            "image_file": "16.webp"
          ,"emojis": ["🤨","🧐","😏"]
          },
          {
            "image_file": "17.webp"
          ,"emojis": ["🤔","😒","🤨"]
          },
          {
            "image_file": "18.webp"
          ,"emojis": ["🤨","🧐","😏"]
          },
          {
            "image_file": "19.webp"
          ,"emojis": ["🤨","🧐","😏"]
          },
          {
            "image_file": "20.webp"
          ,"emojis": ["🤔","😒","🤨"]
          },
          {
            "image_file": "21.webp"
          ,"emojis": ["🤨","🧐","😏"]
          },
          {
            "image_file": "22.webp"
          ,"emojis": ["🤨","🧐","😏"]
          },
          {
            "image_file": "23.webp"
          ,"emojis": ["🤨","🧐","😏"]
          },
          {
            "image_file": "24.webp"
          ,"emojis": ["🤨","🧐","😏"]
          }
        ]
      }
      
      
    ]
  }
  