﻿{
  "android_play_store_link": "",
  "ios_app_store_link": "",
  "sticker_packs": [
      {
      "identifier": "1",
      "name": "Good Morning 1",
      "publisher": "GANESH",
      "tray_image_file": "7.webp",
      "image_data_version":"1",
      "avoid_cache":false,	  
      "publisher_email":"feedbacktomyapp@gmail.com",
      "publisher_website": "https://sites.google.com/view/programmingwithganesh/home",
      "privacy_policy_website": "https://sites.google.com/view/programmingwithganesh/home",
      "license_agreement_website": "https://sites.google.com/view/programmingwithganesh/home",
      "stickers": [
        {
          "image_file": "1.webp",
          "emojis": ["в•","рџ™‚"]
        },
        {
          "image_file": "2.webp",
          "emojis": ["рџ„","рџЂ"]
        },
        {
          "image_file": "3.webp",
          "emojis": ["рџ†","рџ‚"]
        },
        {
          "image_file": "4.webp",
          "emojis": ["рџ©","рџ°"]
        },
        {
          "image_file": "5.webp",
          "emojis": ["рџ­","рџ’§"]
        },
        {
          "image_file": "6.webp",
          "emojis": ["рџЌ","в™Ґ"]
        },
        {
          "image_file": "7.webp",
          "emojis": ["рџ’”","рџ‘Ћ"]
        },
        {
          "image_file": "8.webp",
          "emojis": ["рџЌ","рџ’‘"]
        },
        {
          "image_file": "9.webp",
          "emojis": ["рџ","рџЌЄ"]
        },
        {
          "image_file": "10.webp",
          "emojis": ["рџ¤”","рџђ"]
        },
        {
          "image_file": "11.webp",
          "emojis": ["рџ±","рџµ"]
        },
        {
          "image_file": "12.webp",
          "emojis": ["рџЎ","рџ "]
        },
        {
          "image_file": "13.webp",
          "emojis": ["вќ“","рџ¤”"]
        },
        {
          "image_file": "14.webp",
          "emojis": ["рџЊ€","рџњ"]
        },
        {
          "image_file": "15.webp",
          "emojis": ["рџ’»","рџ©"]
        },
        {
          "image_file": "16.webp",
          "emojis": ["рџЎ","рџ¤"]
        },
        {
          "image_file": "17.webp",
          "emojis": ["рџ©","рџЁ"]
        },
        {
          "image_file": "18.webp",
          "emojis": ["рџ’»","рџЊѓ"]
        },
        {
          "image_file": "19.webp",
          "emojis": ["рџЋ‰","вњЁ"]
        },
        {
          "image_file": "20.webp",
          "emojis": ["рџ¤®","рџ‘Ћ"]
        }
      ]
    },
    {
      "identifier": "2",
      "name": "Good Morning 2",
      "publisher": "GANESH",
      "tray_image_file": "8.webp",
      "image_data_version":"1",
      "avoid_cache":false,	  
      "publisher_email":"feedbacktomyapp@gmail.com",
      "publisher_website": "https://sites.google.com/view/programmingwithganesh/home",
      "privacy_policy_website": "https://sites.google.com/view/programmingwithganesh/home",
      "license_agreement_website": "https://sites.google.com/view/programmingwithganesh/home",
      "stickers": [
        {
          "image_file": "1.webp",
          "emojis": ["в•","рџ™‚"]
        },
        {
          "image_file": "2.webp",
          "emojis": ["рџ„","рџЂ"]
        },
        {
          "image_file": "3.webp",
          "emojis": ["рџ†","рџ‚"]
        },
        {
          "image_file": "4.webp",
          "emojis": ["рџ©","рџ°"]
        },
        {
          "image_file": "5.webp",
          "emojis": ["рџ­","рџ’§"]
        },
        {
          "image_file": "6.webp",
          "emojis": ["рџЌ","в™Ґ"]
        },
        {
          "image_file": "7.webp",
          "emojis": ["рџ’”","рџ‘Ћ"]
        },
        {
          "image_file": "8.webp",
          "emojis": ["рџЌ","рџ’‘"]
        },
        {
          "image_file": "9.webp",
          "emojis": ["рџ","рџЌЄ"]
        },
        {
          "image_file": "10.webp",
          "emojis": ["рџ¤”","рџђ"]
        },
        {
          "image_file": "11.webp",
          "emojis": ["рџ±","рџµ"]
        },
        {
          "image_file": "12.webp",
          "emojis": ["рџЎ","рџ "]
        },
        {
          "image_file": "13.webp",
          "emojis": ["вќ“","рџ¤”"]
        },
        {
          "image_file": "14.webp",
          "emojis": ["рџЊ€","рџњ"]
        },
        {
          "image_file": "15.webp",
          "emojis": ["рџ’»","рџ©"]
        },
        {
          "image_file": "16.webp",
          "emojis": ["рџЎ","рџ¤"]
        },
        {
          "image_file": "17.webp",
          "emojis": ["рџ©","рџЁ"]
        }
      ]
    },
    {
      "identifier": "3",
      "name": "Good Morning 3",
      "publisher": "GANESH",
      "tray_image_file": "9.webp",
      "image_data_version":"1",
      "avoid_cache":false,	  
      "publisher_email":"feedbacktomyapp@gmail.com",
      "publisher_website": "https://sites.google.com/view/programmingwithganesh/home",
      "privacy_policy_website": "https://sites.google.com/view/programmingwithganesh/home",
      "license_agreement_website": "https://sites.google.com/view/programmingwithganesh/home",
      "stickers": [
        {
          "image_file": "1.webp",
          "emojis": ["в•","рџ™‚"]
        },
        {
          "image_file": "2.webp",
          "emojis": ["рџ„","рџЂ"]
        },
        {
          "image_file": "3.webp",
          "emojis": ["рџ†","рџ‚"]
        },
        {
          "image_file": "4.webp",
          "emojis": ["рџ©","рџ°"]
        },
        {
          "image_file": "5.webp",
          "emojis": ["рџ­","рџ’§"]
        },
        {
          "image_file": "6.webp",
          "emojis": ["рџЌ","в™Ґ"]
        },
        {
          "image_file": "7.webp",
          "emojis": ["рџ’”","рџ‘Ћ"]
        },
        {
          "image_file": "8.webp",
          "emojis": ["рџЌ","рџ’‘"]
        },
        {
          "image_file": "9.webp",
          "emojis": ["рџ","рџЌЄ"]
        },
        {
          "image_file": "10.webp",
          "emojis": ["рџ¤”","рџђ"]
        },
        {
          "image_file": "11.webp",
          "emojis": ["рџ±","рџµ"]
        },
        {
          "image_file": "12.webp",
          "emojis": ["рџЎ","рџ "]
        },
        {
          "image_file": "13.webp",
          "emojis": ["вќ“","рџ¤”"]
        },
        {
          "image_file": "14.webp",
          "emojis": ["рџЊ€","рџњ"]
        },
        {
          "image_file": "15.webp",
          "emojis": ["рџ’»","рџ©"]
        },
        {
          "image_file": "16.webp",
          "emojis": ["рџЎ","рџ¤"]
        },
        {
          "image_file": "17.webp",
          "emojis": ["рџ©","рџЁ"]
        },
        {
          "image_file": "18.webp",
          "emojis": ["рџ’»","рџЊѓ"]
        },
        {
          "image_file": "19.webp",
          "emojis": ["рџЋ‰","вњЁ"]
        },
        {
          "image_file": "20.webp",
          "emojis": ["рџ¤®","рџ‘Ћ"]
        },
        {
          "image_file": "21.webp",
          "emojis": ["рџ±","рџµ"]
        },
        {
          "image_file": "22.webp",
          "emojis": ["рџЎ","рџ "]
        },
        {
          "image_file": "23.webp",
          "emojis": ["вќ“","рџ¤”"]
        },
        {
          "image_file": "24.webp",
          "emojis": ["рџЊ€","рџњ"]
        },
        {
          "image_file": "25.webp",
          "emojis": ["рџ’»","рџ©"]
        }
      ]
    },
    {
      "identifier": "4",
      "name": "Good Morning 4",
      "publisher": "GANESH",
      "tray_image_file": "8.webp",
      "image_data_version":"1",
      "avoid_cache":false,	  
      "publisher_email":"feedbacktomyapp@gmail.com",
      "publisher_website": "https://sites.google.com/view/programmingwithganesh/home",
      "privacy_policy_website": "https://sites.google.com/view/programmingwithganesh/home",
      "license_agreement_website": "https://sites.google.com/view/programmingwithganesh/home",
      "stickers": [
        {
          "image_file": "1.webp",
          "emojis": ["в•","рџ™‚"]
        },
        {
          "image_file": "2.webp",
          "emojis": ["рџ„","рџЂ"]
        },
        {
          "image_file": "3.webp",
          "emojis": ["рџ†","рџ‚"]
        },
        {
          "image_file": "4.webp",
          "emojis": ["рџ©","рџ°"]
        },
        {
          "image_file": "5.webp",
          "emojis": ["рџ­","рџ’§"]
        },
        {
          "image_file": "6.webp",
          "emojis": ["рџЌ","в™Ґ"]
        },
        {
          "image_file": "7.webp",
          "emojis": ["рџ’”","рџ‘Ћ"]
        },
        {
          "image_file": "8.webp",
          "emojis": ["рџЌ","рџ’‘"]
        },
        {
          "image_file": "9.webp",
          "emojis": ["рџ","рџЌЄ"]
        },
        {
          "image_file": "10.webp",
          "emojis": ["рџ¤”","рџђ"]
        },
        {
          "image_file": "11.webp",
          "emojis": ["рџ±","рџµ"]
        },
        {
          "image_file": "12.webp",
          "emojis": ["рџЎ","рџ "]
        },
        {
          "image_file": "13.webp",
          "emojis": ["вќ“","рџ¤”"]
        },
        {
          "image_file": "14.webp",
          "emojis": ["рџЊ€","рџњ"]
        },
        {
          "image_file": "15.webp",
          "emojis": ["рџ’»","рџ©"]
        },
        {
          "image_file": "16.webp",
          "emojis": ["рџЎ","рџ¤"]
        },
        {
          "image_file": "17.webp",
          "emojis": ["рџ©","рџЁ"]
        },
        {
          "image_file": "18.webp",
          "emojis": ["рџ’»","рџЊѓ"]
        },
        {
          "image_file": "19.webp",
          "emojis": ["рџЋ‰","вњЁ"]
        },
        {
          "image_file": "20.webp",
          "emojis": ["рџ¤®","рџ‘Ћ"]
        }
      ]
    },
    {
      "identifier": "5",
      "name": "Good Morning 5",
      "publisher": "GANESH",
      "tray_image_file": "8.webp",
      "image_data_version":"1",
      "avoid_cache":false,	  
      "publisher_email":"feedbacktomyapp@gmail.com",
      "publisher_website": "https://sites.google.com/view/programmingwithganesh/home",
      "privacy_policy_website": "https://sites.google.com/view/programmingwithganesh/home",
      "license_agreement_website": "https://sites.google.com/view/programmingwithganesh/home",
      "stickers": [
        {
          "image_file": "1.webp",
          "emojis": ["в•","рџ™‚"]
        },
        {
          "image_file": "2.webp",
          "emojis": ["рџ„","рџЂ"]
        },
        {
          "image_file": "3.webp",
          "emojis": ["рџ†","рџ‚"]
        },
        {
          "image_file": "4.webp",
          "emojis": ["рџ©","рџ°"]
        },
        {
          "image_file": "5.webp",
          "emojis": ["рџ­","рџ’§"]
        },
        {
          "image_file": "6.webp",
          "emojis": ["рџЌ","в™Ґ"]
        },
        {
          "image_file": "7.webp",
          "emojis": ["рџ’”","рџ‘Ћ"]
        },
        {
          "image_file": "8.webp",
          "emojis": ["рџЌ","рџ’‘"]
        },
        {
          "image_file": "9.webp",
          "emojis": ["рџ","рџЌЄ"]
        },
        {
          "image_file": "10.webp",
          "emojis": ["рџ¤”","рџђ"]
        },
        {
          "image_file": "11.webp",
          "emojis": ["рџ±","рџµ"]
        },
        {
          "image_file": "12.webp",
          "emojis": ["рџЎ","рџ "]
        },
        {
          "image_file": "13.webp",
          "emojis": ["вќ“","рџ¤”"]
        },
        {
          "image_file": "14.webp",
          "emojis": ["рџЊ€","рџњ"]
        },
        {
          "image_file": "15.webp",
          "emojis": ["рџ’»","рџ©"]
        },
        {
          "image_file": "16.webp",
          "emojis": ["рџЎ","рџ¤"]
        },
        {
          "image_file": "17.webp",
          "emojis": ["рџ©","рџЁ"]
        },
        {
          "image_file": "18.webp",
          "emojis": ["рџ’»","рџЊѓ"]
        },
        {
          "image_file": "19.webp",
          "emojis": ["рџЋ‰","вњЁ"]
        },
        {
          "image_file": "20.webp",
          "emojis": ["рџ¤®","рџ‘Ћ"]
        }
      ]
    },
    {
      "identifier": "6",
      "name": "Good Morning 6",
      "publisher": "GANESH",
      "tray_image_file": "8.webp",
      "image_data_version":"1",
      "avoid_cache":false,	  
      "publisher_email":"feedbacktomyapp@gmail.com",
      "publisher_website": "https://sites.google.com/view/programmingwithganesh/home",
      "privacy_policy_website": "https://sites.google.com/view/programmingwithganesh/home",
      "license_agreement_website": "https://sites.google.com/view/programmingwithganesh/home",
      "stickers": [
        {
          "image_file": "1.webp",
          "emojis": ["в•","рџ™‚"]
        },
        {
          "image_file": "2.webp",
          "emojis": ["рџ„","рџЂ"]
        },
        {
          "image_file": "3.webp",
          "emojis": ["рџ†","рџ‚"]
        },
        {
          "image_file": "4.webp",
          "emojis": ["рџ©","рџ°"]
        },
        {
          "image_file": "5.webp",
          "emojis": ["рџ­","рџ’§"]
        },
        {
          "image_file": "6.webp",
          "emojis": ["рџЌ","в™Ґ"]
        },
        {
          "image_file": "7.webp",
          "emojis": ["рџ’”","рџ‘Ћ"]
        },
        {
          "image_file": "8.webp",
          "emojis": ["рџЌ","рџ’‘"]
        },
        {
          "image_file": "9.webp",
          "emojis": ["рџ","рџЌЄ"]
        },
        {
          "image_file": "10.webp",
          "emojis": ["рџ¤”","рџђ"]
        },
        {
          "image_file": "11.webp",
          "emojis": ["рџ±","рџµ"]
        },
        {
          "image_file": "12.webp",
          "emojis": ["рџЎ","рџ "]
        },
        {
          "image_file": "13.webp",
          "emojis": ["вќ“","рџ¤”"]
        },
        {
          "image_file": "14.webp",
          "emojis": ["рџЊ€","рџњ"]
        },
        {
          "image_file": "15.webp",
          "emojis": ["рџ’»","рџ©"]
        },
        {
          "image_file": "16.webp",
          "emojis": ["рџЎ","рџ¤"]
        },
        {
          "image_file": "17.webp",
          "emojis": ["рџ©","рџЁ"]
        },
        {
          "image_file": "18.webp",
          "emojis": ["рџ’»","рџЊѓ"]
        },
        {
          "image_file": "19.webp",
          "emojis": ["рџЋ‰","вњЁ"]
        },
        {
          "image_file": "20.webp",
          "emojis": ["рџ¤®","рџ‘Ћ"]
        }
      ]
    },
    {
      "identifier": "7",
      "name": "Good Morning 7",
      "publisher": "GANESH",
      "tray_image_file": "8.webp",
      "image_data_version":"1",
      "avoid_cache":false,	  
      "publisher_email":"feedbacktomyapp@gmail.com",
      "publisher_website": "https://sites.google.com/view/programmingwithganesh/home",
      "privacy_policy_website": "https://sites.google.com/view/programmingwithganesh/home",
      "license_agreement_website": "https://sites.google.com/view/programmingwithganesh/home",
      "stickers": [
        {
          "image_file": "1.webp",
          "emojis": ["в•","рџ™‚"]
        },
        {
          "image_file": "2.webp",
          "emojis": ["рџ„","рџЂ"]
        },
        {
          "image_file": "3.webp",
          "emojis": ["рџ†","рџ‚"]
        },
        {
          "image_file": "4.webp",
          "emojis": ["рџ©","рџ°"]
        },
        {
          "image_file": "5.webp",
          "emojis": ["рџ­","рџ’§"]
        },
        {
          "image_file": "6.webp",
          "emojis": ["рџЌ","в™Ґ"]
        },
        {
          "image_file": "7.webp",
          "emojis": ["рџ’”","рџ‘Ћ"]
        },
        {
          "image_file": "8.webp",
          "emojis": ["рџЌ","рџ’‘"]
        },
        {
          "image_file": "9.webp",
          "emojis": ["рџ","рџЌЄ"]
        },
        {
          "image_file": "10.webp",
          "emojis": ["рџ¤”","рџђ"]
        },
        {
          "image_file": "11.webp",
          "emojis": ["рџ±","рџµ"]
        },
        {
          "image_file": "12.webp",
          "emojis": ["рџЎ","рџ "]
        },
        {
          "image_file": "13.webp",
          "emojis": ["вќ“","рџ¤”"]
        },
        {
          "image_file": "14.webp",
          "emojis": ["рџЊ€","рџњ"]
        },
        {
          "image_file": "15.webp",
          "emojis": ["рџ’»","рџ©"]
        },
        {
          "image_file": "16.webp",
          "emojis": ["рџЎ","рџ¤"]
        },
        {
          "image_file": "17.webp",
          "emojis": ["рџ©","рџЁ"]
        },
        {
          "image_file": "18.webp",
          "emojis": ["рџ’»","рџЊѓ"]
        },
        {
          "image_file": "19.webp",
          "emojis": ["рџЋ‰","вњЁ"]
        },
        {
          "image_file": "20.webp",
          "emojis": ["рџ¤®","рџ‘Ћ"]
        }
      ]
    },
    {
      "identifier": "8",
      "name": "Good Morning 8",
      "publisher": "GANESH",
      "tray_image_file": "8.webp",
      "image_data_version":"1",
      "avoid_cache":false,	  
      "publisher_email":"feedbacktomyapp@gmail.com",
      "publisher_website": "https://sites.google.com/view/programmingwithganesh/home",
      "privacy_policy_website": "https://sites.google.com/view/programmingwithganesh/home",
      "license_agreement_website": "https://sites.google.com/view/programmingwithganesh/home",
      "stickers": [
        {
          "image_file": "1.webp",
          "emojis": ["в•","рџ™‚"]
        },
        {
          "image_file": "2.webp",
          "emojis": ["рџ„","рџЂ"]
        },
        {
          "image_file": "3.webp",
          "emojis": ["рџ†","рџ‚"]
        },
        {
          "image_file": "4.webp",
          "emojis": ["рџ©","рџ°"]
        },
        {
          "image_file": "5.webp",
          "emojis": ["рџ­","рџ’§"]
        },
        {
          "image_file": "6.webp",
          "emojis": ["рџЌ","в™Ґ"]
        },
        {
          "image_file": "7.webp",
          "emojis": ["рџ’”","рџ‘Ћ"]
        },
        {
          "image_file": "8.webp",
          "emojis": ["рџЌ","рџ’‘"]
        },
        {
          "image_file": "9.webp",
          "emojis": ["рџ","рџЌЄ"]
        },
        {
          "image_file": "11.webp",
          "emojis": ["рџ±","рџµ"]
        },
        {
          "image_file": "12.webp",
          "emojis": ["рџЎ","рџ "]
        },
        {
          "image_file": "13.webp",
          "emojis": ["вќ“","рџ¤”"]
        },
        {
          "image_file": "14.webp",
          "emojis": ["рџЊ€","рџњ"]
        },
        {
          "image_file": "15.webp",
          "emojis": ["рџ’»","рџ©"]
        },
        {
          "image_file": "16.webp",
          "emojis": ["рџЎ","рџ¤"]
        },
        {
          "image_file": "17.webp",
          "emojis": ["рџ©","рџЁ"]
        },
        {
          "image_file": "18.webp",
          "emojis": ["рџ’»","рџЊѓ"]
        },
        {
          "image_file": "19.webp",
          "emojis": ["рџЋ‰","вњЁ"]
        },
        {
          "image_file": "21.webp",
          "emojis": ["рџ¤®","рџ‘Ћ"]
        },
        {
          "image_file": "22.webp",
          "emojis": ["рџ’»","рџ©"]
        },
        {
          "image_file": "23.webp",
          "emojis": ["рџЎ","рџ¤"]
        },
        {
          "image_file": "24.webp",
          "emojis": ["рџ©","рџЁ"]
        },
        {
          "image_file": "25.webp",
          "emojis": ["рџ’»","рџЊѓ"]
        },
        {
          "image_file": "26.webp",
          "emojis": ["рџЋ‰","вњЁ"]
        },
        {
          "image_file": "27.webp",
          "emojis": ["рџ¤®","рџ‘Ћ"]
        }
      ]
    },
    {
      "identifier": "9",
      "name": "Good Morning 9",
      "publisher": "GANESH",
      "tray_image_file": "8.webp",
      "image_data_version":"1",
      "avoid_cache":false,	  
      "publisher_email":"feedbacktomyapp@gmail.com",
      "publisher_website": "https://sites.google.com/view/programmingwithganesh/home",
      "privacy_policy_website": "https://sites.google.com/view/programmingwithganesh/home",
      "license_agreement_website": "https://sites.google.com/view/programmingwithganesh/home",
      "stickers": [
        {
          "image_file": "1.webp",
          "emojis": ["в•","рџ™‚"]
        },
        {
          "image_file": "2.webp",
          "emojis": ["рџ„","рџЂ"]
        },
        {
          "image_file": "3.webp",
          "emojis": ["рџ†","рџ‚"]
        },
        {
          "image_file": "4.webp",
          "emojis": ["рџ©","рџ°"]
        },
        {
          "image_file": "5.webp",
          "emojis": ["рџ­","рџ’§"]
        },
        {
          "image_file": "6.webp",
          "emojis": ["рџЌ","в™Ґ"]
        },
        {
          "image_file": "7.webp",
          "emojis": ["рџ’”","рџ‘Ћ"]
        },
        {
          "image_file": "8.webp",
          "emojis": ["рџЌ","рџ’‘"]
        },
        {
          "image_file": "9.webp",
          "emojis": ["рџ","рџЌЄ"]
        },
        {
          "image_file": "10.webp",
          "emojis": ["рџ¤”","рџђ"]
        },
        {
          "image_file": "11.webp",
          "emojis": ["рџ±","рџµ"]
        },
        {
          "image_file": "12.webp",
          "emojis": ["рџЎ","рџ "]
        },
        {
          "image_file": "13.webp",
          "emojis": ["вќ“","рџ¤”"]
        },
        {
          "image_file": "14.webp",
          "emojis": ["рџЊ€","рџњ"]
        },
        {
          "image_file": "15.webp",
          "emojis": ["рџ’»","рџ©"]
        },
        {
          "image_file": "16.webp",
          "emojis": ["рџЎ","рџ¤"]
        },
        {
          "image_file": "17.webp",
          "emojis": ["рџ©","рџЁ"]
        },
        {
          "image_file": "18.webp",
          "emojis": ["рџ’»","рџЊѓ"]
        },
        {
          "image_file": "19.webp",
          "emojis": ["рџЋ‰","вњЁ"]
        },
        {
          "image_file": "20.webp",
          "emojis": ["рџ¤®","рџ‘Ћ"]
        }
      ]
    },
    {
      "identifier": "10",
      "name": "Good Morning 10",
      "publisher": "GANESH",
      "tray_image_file": "8.webp",
      "image_data_version":"1",
      "avoid_cache":false,	  
      "publisher_email":"feedbacktomyapp@gmail.com",
      "publisher_website": "https://sites.google.com/view/programmingwithganesh/home",
      "privacy_policy_website": "https://sites.google.com/view/programmingwithganesh/home",
      "license_agreement_website": "https://sites.google.com/view/programmingwithganesh/home",
      "stickers": [
        {
          "image_file": "1.webp",
          "emojis": ["в•","рџ™‚"]
        },
        {
          "image_file": "2.webp",
          "emojis": ["рџ„","рџЂ"]
        },
        {
          "image_file": "3.webp",
          "emojis": ["рџ†","рџ‚"]
        },
        {
          "image_file": "4.webp",
          "emojis": ["рџ©","рџ°"]
        },
        {
          "image_file": "5.webp",
          "emojis": ["рџ­","рџ’§"]
        },
        {
          "image_file": "6.webp",
          "emojis": ["рџЌ","в™Ґ"]
        },
        {
          "image_file": "7.webp",
          "emojis": ["рџ’”","рџ‘Ћ"]
        },
        {
          "image_file": "8.webp",
          "emojis": ["рџЌ","рџ’‘"]
        },
        {
          "image_file": "9.webp",
          "emojis": ["рџ","рџЌЄ"]
        },
        {
          "image_file": "10.webp",
          "emojis": ["рџ¤”","рџђ"]
        },
        {
          "image_file": "11.webp",
          "emojis": ["рџ±","рџµ"]
        },
        {
          "image_file": "12.webp",
          "emojis": ["рџЎ","рџ "]
        },
        {
          "image_file": "13.webp",
          "emojis": ["вќ“","рџ¤”"]
        },
        {
          "image_file": "14.webp",
          "emojis": ["рџЊ€","рџњ"]
        },
        {
          "image_file": "15.webp",
          "emojis": ["рџ’»","рџ©"]
        },
        {
          "image_file": "16.webp",
          "emojis": ["рџЎ","рџ¤"]
        },
        {
          "image_file": "17.webp",
          "emojis": ["рџ©","рџЁ"]
        },
        {
          "image_file": "18.webp",
          "emojis": ["рџ’»","рџЊѓ"]
        },
        {
          "image_file": "19.webp",
          "emojis": ["рџЋ‰","вњЁ"]
        },
        {
          "image_file": "20.webp",
          "emojis": ["рџ¤®","рџ‘Ћ"]
        }
      ]
    },
    {
      "identifier": "11",
      "name": "Good Morning 11",
      "publisher": "GANESH",
      "tray_image_file": "8.webp",
      "image_data_version":"1",
      "avoid_cache":false,	  
      "publisher_email":"feedbacktomyapp@gmail.com",
      "publisher_website": "https://sites.google.com/view/programmingwithganesh/home",
      "privacy_policy_website": "https://sites.google.com/view/programmingwithganesh/home",
      "license_agreement_website": "https://sites.google.com/view/programmingwithganesh/home",
      "stickers": [
        {
          "image_file": "1.webp",
          "emojis": ["в•","рџ™‚"]
        },
        {
          "image_file": "2.webp",
          "emojis": ["рџ„","рџЂ"]
        },
        {
          "image_file": "3.webp",
          "emojis": ["рџ†","рџ‚"]
        },
        {
          "image_file": "4.webp",
          "emojis": ["рџ©","рџ°"]
        },
        {
          "image_file": "5.webp",
          "emojis": ["рџ­","рџ’§"]
        },
        {
          "image_file": "6.webp",
          "emojis": ["рџЌ","в™Ґ"]
        },
        {
          "image_file": "7.webp",
          "emojis": ["рџ’”","рџ‘Ћ"]
        },
        {
          "image_file": "8.webp",
          "emojis": ["рџЌ","рџ’‘"]
        },
        {
          "image_file": "9.webp",
          "emojis": ["рџ","рџЌЄ"]
        },
        {
          "image_file": "10.webp",
          "emojis": ["рџ¤”","рџђ"]
        },
        {
          "image_file": "11.webp",
          "emojis": ["рџ±","рџµ"]
        },
        {
          "image_file": "12.webp",
          "emojis": ["рџЎ","рџ "]
        },
        {
          "image_file": "13.webp",
          "emojis": ["вќ“","рџ¤”"]
        },
        {
          "image_file": "14.webp",
          "emojis": ["рџЊ€","рџњ"]
        },
        {
          "image_file": "15.webp",
          "emojis": ["рџ’»","рџ©"]
        },
        {
          "image_file": "16.webp",
          "emojis": ["рџЎ","рџ¤"]
        },
        {
          "image_file": "17.webp",
          "emojis": ["рџ©","рџЁ"]
        },
        {
          "image_file": "18.webp",
          "emojis": ["рџ’»","рџЊѓ"]
        },
        {
          "image_file": "19.webp",
          "emojis": ["рџЋ‰","вњЁ"]
        },
        {
          "image_file": "20.webp",
          "emojis": ["рџ¤®","рџ‘Ћ"]
        }
      ]
    },
    {
      "identifier": "12",
      "name": "Good Morning 12",
      "publisher": "GANESH",
      "tray_image_file": "8.webp",
      "image_data_version":"1",
      "avoid_cache":false,	  
      "publisher_email":"feedbacktomyapp@gmail.com",
      "publisher_website": "https://sites.google.com/view/programmingwithganesh/home",
      "privacy_policy_website": "https://sites.google.com/view/programmingwithganesh/home",
      "license_agreement_website": "https://sites.google.com/view/programmingwithganesh/home",
      "stickers": [
        {
          "image_file": "1.webp",
          "emojis": ["в•","рџ™‚"]
        },
        {
          "image_file": "2.webp",
          "emojis": ["рџ„","рџЂ"]
        },
        {
          "image_file": "3.webp",
          "emojis": ["рџ†","рџ‚"]
        },
        {
          "image_file": "4.webp",
          "emojis": ["рџ©","рџ°"]
        },
        {
          "image_file": "5.webp",
          "emojis": ["рџ­","рџ’§"]
        },
        {
          "image_file": "6.webp",
          "emojis": ["рџЌ","в™Ґ"]
        },
        {
          "image_file": "7.webp",
          "emojis": ["рџ’”","рџ‘Ћ"]
        },
        {
          "image_file": "8.webp",
          "emojis": ["рџЌ","рџ’‘"]
        },
        {
          "image_file": "9.webp",
          "emojis": ["рџ","рџЌЄ"]
        },
        {
          "image_file": "10.webp",
          "emojis": ["рџ¤”","рџђ"]
        },
        {
          "image_file": "11.webp",
          "emojis": ["рџ±","рџµ"]
        },
        {
          "image_file": "12.webp",
          "emojis": ["рџЎ","рџ "]
        },
        {
          "image_file": "13.webp",
          "emojis": ["вќ“","рџ¤”"]
        },
        {
          "image_file": "14.webp",
          "emojis": ["рџЊ€","рџњ"]
        },
        {
          "image_file": "15.webp",
          "emojis": ["рџ’»","рџ©"]
        },
        {
          "image_file": "16.webp",
          "emojis": ["рџЎ","рџ¤"]
        },
        {
          "image_file": "17.webp",
          "emojis": ["рџ©","рџЁ"]
        },
        {
          "image_file": "18.webp",
          "emojis": ["рџ’»","рџЊѓ"]
        },
        {
          "image_file": "19.webp",
          "emojis": ["рџЋ‰","вњЁ"]
        },
        {
          "image_file": "20.webp",
          "emojis": ["рџ¤®","рџ‘Ћ"]
        }
      ]
    },
    {
      "identifier": "13",
      "name": "Good Morning 13",
      "publisher": "GANESH",
      "tray_image_file": "8.webp",
      "image_data_version":"1",
      "avoid_cache":false,	  
      "publisher_email":"feedbacktomyapp@gmail.com",
      "publisher_website": "https://sites.google.com/view/programmingwithganesh/home",
      "privacy_policy_website": "https://sites.google.com/view/programmingwithganesh/home",
      "license_agreement_website": "https://sites.google.com/view/programmingwithganesh/home",
      "stickers": [
        {
          "image_file": "1.webp",
          "emojis": ["в•","рџ™‚"]
        },
        {
          "image_file": "2.webp",
          "emojis": ["рџ„","рџЂ"]
        },
        {
          "image_file": "3.webp",
          "emojis": ["рџ†","рџ‚"]
        },
        {
          "image_file": "4.webp",
          "emojis": ["рџ©","рџ°"]
        },
        {
          "image_file": "5.webp",
          "emojis": ["рџ­","рџ’§"]
        },
        {
          "image_file": "6.webp",
          "emojis": ["рџЌ","в™Ґ"]
        },
        {
          "image_file": "7.webp",
          "emojis": ["рџ’”","рџ‘Ћ"]
        },
        {
          "image_file": "8.webp",
          "emojis": ["рџЌ","рџ’‘"]
        },
        {
          "image_file": "9.webp",
          "emojis": ["рџ","рџЌЄ"]
        },
        {
          "image_file": "10.webp",
          "emojis": ["рџ¤”","рџђ"]
        },
        {
          "image_file": "11.webp",
          "emojis": ["рџ±","рџµ"]
        },
        {
          "image_file": "12.webp",
          "emojis": ["рџЎ","рџ "]
        },
        {
          "image_file": "13.webp",
          "emojis": ["вќ“","рџ¤”"]
        },
        {
          "image_file": "14.webp",
          "emojis": ["рџЊ€","рџњ"]
        },
        {
          "image_file": "15.webp",
          "emojis": ["рџ’»","рџ©"]
        },
        {
          "image_file": "16.webp",
          "emojis": ["рџЎ","рџ¤"]
        },
        {
          "image_file": "17.webp",
          "emojis": ["рџ©","рџЁ"]
        },
        {
          "image_file": "18.webp",
          "emojis": ["рџ’»","рџЊѓ"]
        },
        {
          "image_file": "19.webp",
          "emojis": ["рџЋ‰","вњЁ"]
        },
        {
          "image_file": "20.webp",
          "emojis": ["рџ¤®","рџ‘Ћ"]
        }
      ]
    },
    {
      "identifier": "14",
      "name": "Good Morning 14",
      "publisher": "GANESH",
      "tray_image_file": "8.webp",
      "image_data_version":"1",
      "avoid_cache":false,	  
      "publisher_email":"feedbacktomyapp@gmail.com",
      "publisher_website": "https://sites.google.com/view/programmingwithganesh/home",
      "privacy_policy_website": "https://sites.google.com/view/programmingwithganesh/home",
      "license_agreement_website": "https://sites.google.com/view/programmingwithganesh/home",
      "stickers": [
        {
          "image_file": "1.webp",
          "emojis": ["в•","рџ™‚"]
        },
        {
          "image_file": "2.webp",
          "emojis": ["рџ„","рџЂ"]
        },
        {
          "image_file": "3.webp",
          "emojis": ["рџ†","рџ‚"]
        },
        {
          "image_file": "4.webp",
          "emojis": ["рџ©","рџ°"]
        },
        {
          "image_file": "5.webp",
          "emojis": ["рџ­","рџ’§"]
        },
        {
          "image_file": "6.webp",
          "emojis": ["рџЌ","в™Ґ"]
        },
        {
          "image_file": "7.webp",
          "emojis": ["рџ’”","рџ‘Ћ"]
        },
        {
          "image_file": "8.webp",
          "emojis": ["рџЌ","рџ’‘"]
        },
        {
          "image_file": "9.webp",
          "emojis": ["рџ","рџЌЄ"]
        },
        {
          "image_file": "10.webp",
          "emojis": ["рџ¤”","рџђ"]
        },
        {
          "image_file": "11.webp",
          "emojis": ["рџ±","рџµ"]
        },
        {
          "image_file": "12.webp",
          "emojis": ["рџЎ","рџ "]
        },
        {
          "image_file": "13.webp",
          "emojis": ["вќ“","рџ¤”"]
        },
        {
          "image_file": "14.webp",
          "emojis": ["рџЊ€","рџњ"]
        },
        {
          "image_file": "15.webp",
          "emojis": ["рџ’»","рџ©"]
        },
        {
          "image_file": "16.webp",
          "emojis": ["рџЎ","рџ¤"]
        },
        {
          "image_file": "17.webp",
          "emojis": ["рџ©","рџЁ"]
        },
        {
          "image_file": "19.webp",
          "emojis": ["рџЋ‰","вњЁ"]
        }
      ]
    }
	]  
  }