{
  "android_play_store_link": "",
  "ios_app_store_link": "",
  "sticker_packs": [
    {
      "identifier": "1",
      "name": "Baby Pack 01",
      "publisher": "Dhiya Soft",
      "tray_image_file": "image_1.png",
      "image_data_version": "1",
      "avoid_cache": false,
      "publisher_email": "",
      "publisher_website": "",
      "privacy_policy_website": "",
      "license_agreement_website": "",
      "stickers": [
        {
          "image_file": "image1.webp",
          "emojis": [
            "☕",
            "🙂"
          ]
        },
        {
          "image_file": "image2.webp",
          "emojis": [
            "😄",
            "😀"
          ]
        },
        {
          "image_file": "image3.webp",
          "emojis": [
            "😆",
            "😂"
          ]
        },
        {
          "image_file": "image4.webp",
          "emojis": [
            "😩",
            "😰"
          ]
        },
        {
          "image_file": "image5.webp",
          "emojis": [
            "😭",
            "💧"
          ]
        },
        {
          "image_file": "image6.webp",
          "emojis": [
            "😍",
            "♥"
          ]
        },
        {
          "image_file": "image7.webp",
          "emojis": [
            "💔",
            "👎"
          ]
        },
        {
          "image_file": "image8.webp",
          "emojis": [
            "😍",
            "💑"
          ]
        },
        {
          "image_file": "image9.webp",
          "emojis": [
            "😘",
            "🍪"
          ]
        },
        {
          "image_file": "image10.webp",
          "emojis": [
            "🤔",
            "😐"
          ]
        },
        {
          "image_file": "image11.webp",
          "emojis": [
            "😱",
            "😵"
          ]
        },
        {
          "image_file": "image12.webp",
          "emojis": [
            "😡",
            "😠"
          ]
        },
        {
          "image_file": "image13.webp",
          "emojis": [
            "❓",
            "🤔"
          ]
        },
        {
          "image_file": "image14.webp",
          "emojis": [
            "🌈",
            "😜"
          ]
        },
        {
          "image_file": "image15.webp",
          "emojis": [
            "💻",
            "😩"
          ]
        },
        {
          "image_file": "image16.webp",
          "emojis": [
            "😡",
            "😤"
          ]
        },
        {
          "image_file": "image17.webp",
          "emojis": [
            "😩",
            "😨"
          ]
        },
        {
          "image_file": "image18.webp",
          "emojis": [
            "💻",
            "🌃"
          ]
        },
        {
          "image_file": "image19.webp",
          "emojis": [
            "🎉",
            "✨"
          ]
        },
        {
          "image_file": "image20.webp",
          "emojis": [
            "🤮",
            "👎"
          ]
        },
        {
          "image_file": "image21.webp",
          "emojis": [
            "🖐",
            "🙋"
          ]
        },
        {
          "image_file": "image22.webp",
          "emojis": [
            "🖐",
            "👋"
          ]
        },
        {
          "image_file": "image23.webp",
          "emojis": [
            "🍵",
            "😌"
          ]
        },
        {
          "image_file": "image24.webp",
          "emojis": [
            "📱",
            "😦"
          ]
        },
        {
          "image_file": "image25.webp",
          "emojis": [
            "🔋",
            "😵"
          ]
        },
        {
          "image_file": "image26.webp",
          "emojis": [
            "🔋",
            "😵"
          ]
        },
        {
          "image_file": "image27.webp",
          "emojis": [
            "🔋",
            "😵"
          ]
        },{
          "image_file": "image28.webp",
          "emojis": [
            "🔋",
            "😵"
          ]
        },{
          "image_file": "image29.webp",
          "emojis": [
            "🔋",
            "😵"
          ]
        },{
          "image_file": "image30.webp",
          "emojis": [
            "🔋",
            "😵"
          ]
        }
      ]
    },
    {
      "identifier": "2",
      "name": "Baby Pack 03",
      "publisher": "Dhiya Soft",
      "tray_image_file": "image_3.png",
      "image_data_version": "1",
      "avoid_cache": false,
      "publisher_email": "",
      "publisher_website": "",
      "privacy_policy_website": "",
      "license_agreement_website": "",
      "stickers": [
        {
          "image_file": "image1.webp",
          "emojis": [
            "☕",
            "🙂"
          ]
        },
        {
          "image_file": "image2.webp",
          "emojis": [
            "😄",
            "😀"
          ]
        },
        {
          "image_file": "image3.webp",
          "emojis": [
            "😆",
            "😂"
          ]
        },
        {
          "image_file": "image4.webp",
          "emojis": [
            "😩",
            "😰"
          ]
        },
        {
          "image_file": "image5.webp",
          "emojis": [
            "😭",
            "💧"
          ]
        },
        {
          "image_file": "image6.webp",
          "emojis": [
            "😍",
            "♥"
          ]
        },
        {
          "image_file": "image7.webp",
          "emojis": [
            "💔",
            "👎"
          ]
        },
        {
          "image_file": "image8.webp",
          "emojis": [
            "😍",
            "💑"
          ]
        },
        {
          "image_file": "image9.webp",
          "emojis": [
            "😘",
            "🍪"
          ]
        },
        {
          "image_file": "image10.webp",
          "emojis": [
            "🤔",
            "😐"
          ]
        },
        {
          "image_file": "image11.webp",
          "emojis": [
            "😱",
            "😵"
          ]
        },
        {
          "image_file": "image12.webp",
          "emojis": [
            "😡",
            "😠"
          ]
        },
        {
          "image_file": "image13.webp",
          "emojis": [
            "❓",
            "🤔"
          ]
        },
        {
          "image_file": "image14.webp",
          "emojis": [
            "🌈",
            "😜"
          ]
        },
        {
          "image_file": "image15.webp",
          "emojis": [
            "💻",
            "😩"
          ]
        },
        {
          "image_file": "image16.webp",
          "emojis": [
            "😡",
            "😤"
          ]
        },
        {
          "image_file": "image17.webp",
          "emojis": [
            "😩",
            "😨"
          ]
        },
        {
          "image_file": "image18.webp",
          "emojis": [
            "💻",
            "🌃"
          ]
        },
        {
          "image_file": "image19.webp",
          "emojis": [
            "🎉",
            "✨"
          ]
        },
        {
          "image_file": "image20.webp",
          "emojis": [
            "🤮",
            "👎"
          ]
        },
        {
          "image_file": "image21.webp",
          "emojis": [
            "🖐",
            "🙋"
          ]
        },
        {
          "image_file": "image22.webp",
          "emojis": [
            "🖐",
            "👋"
          ]
        },
        {
          "image_file": "image23.webp",
          "emojis": [
            "🍵",
            "😌"
          ]
        },
        {
          "image_file": "image24.webp",
          "emojis": [
            "📱",
            "😦"
          ]
        },
        {
          "image_file": "image25.webp",
          "emojis": [
            "🔋",
            "😵"
          ]
        },
        {
          "image_file": "image26.webp",
          "emojis": [
            "🔋",
            "😵"
          ]
        },
        {
          "image_file": "image27.webp",
          "emojis": [
            "🔋",
            "😵"
          ]
        },
        {
          "image_file": "image28.webp",
          "emojis": [
            "🔋",
            "😵"
          ]
        },
        {
          "image_file": "image29.webp",
          "emojis": [
            "🔋",
            "😵"
          ]
        },
        {
          "image_file": "image30.webp",
          "emojis": [
            "🔋",
            "😵"
          ]
        }
      ]
    },
    {
      "identifier": "3",
      "name": "Baby Pack 06",
      "publisher": "Dhiya Soft",
      "tray_image_file": "image_6.png",
      "image_data_version": "1",
      "avoid_cache": false,
      "publisher_email": "",
      "publisher_website": "",
      "privacy_policy_website": "",
      "license_agreement_website": "",
      "stickers": [
        {
          "image_file": "image1.webp",
          "emojis": [
            "☕",
            "🙂"
          ]
        },
        {
          "image_file": "image2.webp",
          "emojis": [
            "😄",
            "😀"
          ]
        },
        {
          "image_file": "image3.webp",
          "emojis": [
            "😆",
            "😂"
          ]
        },
        {
          "image_file": "image4.webp",
          "emojis": [
            "😩",
            "😰"
          ]
        },
        {
          "image_file": "image5.webp",
          "emojis": [
            "😭",
            "💧"
          ]
        },
        {
          "image_file": "image6.webp",
          "emojis": [
            "😍",
            "♥"
          ]
        },
        {
          "image_file": "image7.webp",
          "emojis": [
            "💔",
            "👎"
          ]
        },
        {
          "image_file": "image8.webp",
          "emojis": [
            "😍",
            "💑"
          ]
        },
        {
          "image_file": "image9.webp",
          "emojis": [
            "😘",
            "🍪"
          ]
        },
        {
          "image_file": "image10.webp",
          "emojis": [
            "🤔",
            "😐"
          ]
        },
        {
          "image_file": "image11.webp",
          "emojis": [
            "😱",
            "😵"
          ]
        },
        {
          "image_file": "image12.webp",
          "emojis": [
            "😡",
            "😠"
          ]
        },
        {
          "image_file": "image13.webp",
          "emojis": [
            "❓",
            "🤔"
          ]
        },
        {
          "image_file": "image14.webp",
          "emojis": [
            "🌈",
            "😜"
          ]
        },
        {
          "image_file": "image15.webp",
          "emojis": [
            "💻",
            "😩"
          ]
        },
        {
          "image_file": "image16.webp",
          "emojis": [
            "😡",
            "😤"
          ]
        },
        {
          "image_file": "image17.webp",
          "emojis": [
            "😩",
            "😨"
          ]
        },
        {
          "image_file": "image18.webp",
          "emojis": [
            "💻",
            "🌃"
          ]
        },
        {
          "image_file": "image19.webp",
          "emojis": [
            "🎉",
            "✨"
          ]
        },
        {
          "image_file": "image20.webp",
          "emojis": [
            "🤮",
            "👎"
          ]
        },
        {
          "image_file": "image21.webp",
          "emojis": [
            "🖐",
            "🙋"
          ]
        },
        {
          "image_file": "image22.webp",
          "emojis": [
            "🖐",
            "👋"
          ]
        },
        {
          "image_file": "image23.webp",
          "emojis": [
            "🍵",
            "😌"
          ]
        },
        {
          "image_file": "image24.webp",
          "emojis": [
            "📱",
            "😦"
          ]
        },
        {
          "image_file": "image25.webp",
          "emojis": [
            "🔋",
            "😵"
          ]
        },
        {
          "image_file": "image26.webp",
          "emojis": [
            "🔋",
            "😵"
          ]
        },
        {
          "image_file": "image27.webp",
          "emojis": [
            "🔋",
            "😵"
          ]
        },{
          "image_file": "image28.webp",
          "emojis": [
            "🔋",
            "😵"
          ]
        },{
          "image_file": "image29.webp",
          "emojis": [
            "🔋",
            "😵"
          ]
        },{
          "image_file": "image30.webp",
          "emojis": [
            "🔋",
            "😵"
          ]
        }
      ]
    },
    {
      "identifier": "4",
      "name": "Baby Pack 07",
      "publisher": "Dhiya Soft",
      "tray_image_file": "image_7.png",
      "image_data_version": "1",
      "avoid_cache": false,
      "publisher_email": "",
      "publisher_website": "",
      "privacy_policy_website": "",
      "license_agreement_website": "",
      "stickers": [
        {
          "image_file": "image1.webp",
          "emojis": [
            "☕",
            "🙂"
          ]
        },
        {
          "image_file": "image2.webp",
          "emojis": [
            "😄",
            "😀"
          ]
        },
        {
          "image_file": "image3.webp",
          "emojis": [
            "😆",
            "😂"
          ]
        },
        {
          "image_file": "image4.webp",
          "emojis": [
            "😩",
            "😰"
          ]
        },
        {
          "image_file": "image5.webp",
          "emojis": [
            "😭",
            "💧"
          ]
        },
        {
          "image_file": "image6.webp",
          "emojis": [
            "😍",
            "♥"
          ]
        },
        {
          "image_file": "image7.webp",
          "emojis": [
            "💔",
            "👎"
          ]
        },
        {
          "image_file": "image8.webp",
          "emojis": [
            "😍",
            "💑"
          ]
        },
        {
          "image_file": "image9.webp",
          "emojis": [
            "😘",
            "🍪"
          ]
        },
        {
          "image_file": "image10.webp",
          "emojis": [
            "🤔",
            "😐"
          ]
        },
        {
          "image_file": "image11.webp",
          "emojis": [
            "😱",
            "😵"
          ]
        },
        {
          "image_file": "image12.webp",
          "emojis": [
            "😡",
            "😠"
          ]
        },
        {
          "image_file": "image13.webp",
          "emojis": [
            "❓",
            "🤔"
          ]
        },
        {
          "image_file": "image14.webp",
          "emojis": [
            "🌈",
            "😜"
          ]
        },
        {
          "image_file": "image15.webp",
          "emojis": [
            "💻",
            "😩"
          ]
        },
        {
          "image_file": "image16.webp",
          "emojis": [
            "😡",
            "😤"
          ]
        },
        {
          "image_file": "image17.webp",
          "emojis": [
            "😩",
            "😨"
          ]
        },
        {
          "image_file": "image18.webp",
          "emojis": [
            "💻",
            "🌃"
          ]
        },
        {
          "image_file": "image19.webp",
          "emojis": [
            "🎉",
            "✨"
          ]
        },
        {
          "image_file": "image20.webp",
          "emojis": [
            "🤮",
            "👎"
          ]
        },
        {
          "image_file": "image21.webp",
          "emojis": [
            "🖐",
            "🙋"
          ]
        },
        {
          "image_file": "image22.webp",
          "emojis": [
            "🖐",
            "👋"
          ]
        },
        {
          "image_file": "image23.webp",
          "emojis": [
            "🍵",
            "😌"
          ]
        },
        {
          "image_file": "image24.webp",
          "emojis": [
            "📱",
            "😦"
          ]
        },
        {
          "image_file": "image25.webp",
          "emojis": [
            "🔋",
            "😵"
          ]
        },
        {
          "image_file": "image26.webp",
          "emojis": [
            "🔋",
            "😵"
          ]
        },
        {
          "image_file": "image27.webp",
          "emojis": [
            "🔋",
            "😵"
          ]
        },{
          "image_file": "image28.webp",
          "emojis": [
            "🔋",
            "😵"
          ]
        },{
          "image_file": "image29.webp",
          "emojis": [
            "🔋",
            "😵"
          ]
        },{
          "image_file": "image30.webp",
          "emojis": [
            "🔋",
            "😵"
          ]
        }
      ]
    },
    {
      "identifier": "5",
      "name": "Baby Pack 09",
      "publisher": "Dhiya Soft",
      "tray_image_file": "image_9.png",
      "image_data_version": "1",
      "avoid_cache": false,
      "publisher_email": "",
      "publisher_website": "",
      "privacy_policy_website": "",
      "license_agreement_website": "",
      "stickers": [
        {
          "image_file": "image1.webp",
          "emojis": [
            "☕",
            "🙂"
          ]
        },
        {
          "image_file": "image2.webp",
          "emojis": [
            "😄",
            "😀"
          ]
        },
        {
          "image_file": "image3.webp",
          "emojis": [
            "😆",
            "😂"
          ]
        },
        {
          "image_file": "image4.webp",
          "emojis": [
            "😩",
            "😰"
          ]
        },
        {
          "image_file": "image5.webp",
          "emojis": [
            "😭",
            "💧"
          ]
        },
        {
          "image_file": "image6.webp",
          "emojis": [
            "😍",
            "♥"
          ]
        },
        {
          "image_file": "image7.webp",
          "emojis": [
            "💔",
            "👎"
          ]
        },
        {
          "image_file": "image8.webp",
          "emojis": [
            "😍",
            "💑"
          ]
        },
        {
          "image_file": "image9.webp",
          "emojis": [
            "😘",
            "🍪"
          ]
        },
        {
          "image_file": "image10.webp",
          "emojis": [
            "🤔",
            "😐"
          ]
        },
        {
          "image_file": "image11.webp",
          "emojis": [
            "😱",
            "😵"
          ]
        },
        {
          "image_file": "image12.webp",
          "emojis": [
            "😡",
            "😠"
          ]
        },
        {
          "image_file": "image13.webp",
          "emojis": [
            "❓",
            "🤔"
          ]
        },
        {
          "image_file": "image14.webp",
          "emojis": [
            "🌈",
            "😜"
          ]
        },
        {
          "image_file": "image15.webp",
          "emojis": [
            "💻",
            "😩"
          ]
        },
        {
          "image_file": "image16.webp",
          "emojis": [
            "😡",
            "😤"
          ]
        },
        {
          "image_file": "image17.webp",
          "emojis": [
            "😩",
            "😨"
          ]
        },
        {
          "image_file": "image18.webp",
          "emojis": [
            "💻",
            "🌃"
          ]
        },
        {
          "image_file": "image19.webp",
          "emojis": [
            "🎉",
            "✨"
          ]
        },
        {
          "image_file": "image20.webp",
          "emojis": [
            "🤮",
            "👎"
          ]
        },
        {
          "image_file": "image21.webp",
          "emojis": [
            "🖐",
            "🙋"
          ]
        },
        {
          "image_file": "image22.webp",
          "emojis": [
            "🖐",
            "👋"
          ]
        },
        {
          "image_file": "image23.webp",
          "emojis": [
            "🍵",
            "😌"
          ]
        },
        {
          "image_file": "image24.webp",
          "emojis": [
            "📱",
            "😦"
          ]
        },
        {
          "image_file": "image25.webp",
          "emojis": [
            "🔋",
            "😵"
          ]
        },
        {
          "image_file": "image26.webp",
          "emojis": [
            "🔋",
            "😵"
          ]
        },
        {
          "image_file": "image27.webp",
          "emojis": [
            "🔋",
            "😵"
          ]
        },
        {
          "image_file": "image28.webp",
          "emojis": [
            "🔋",
            "😵"
          ]
        },
        {
          "image_file": "image29.webp",
          "emojis": [
            "🔋",
            "😵"
          ]
        },
        {
          "image_file": "image30.webp",
          "emojis": [
            "🔋",
            "😵"
          ]
        }
      ]
    },
    {
      "identifier": "6",
      "name": "Baby Pack 11",
      "publisher": "Dhiya Soft",
      "tray_image_file": "image_11.png",
      "image_data_version": "1",
      "avoid_cache": false,
      "publisher_email": "",
      "publisher_website": "",
      "privacy_policy_website": "",
      "license_agreement_website": "",
      "stickers": [
        {
          "image_file": "image1.webp",
          "emojis": [
            "☕",
            "🙂"
          ]
        },
        {
          "image_file": "image2.webp",
          "emojis": [
            "😄",
            "😀"
          ]
        },
        {
          "image_file": "image3.webp",
          "emojis": [
            "😆",
            "😂"
          ]
        },
        {
          "image_file": "image4.webp",
          "emojis": [
            "😩",
            "😰"
          ]
        },
        {
          "image_file": "image5.webp",
          "emojis": [
            "😭",
            "💧"
          ]
        },
        {
          "image_file": "image6.webp",
          "emojis": [
            "😍",
            "♥"
          ]
        },
        {
          "image_file": "image7.webp",
          "emojis": [
            "💔",
            "👎"
          ]
        },
        {
          "image_file": "image8.webp",
          "emojis": [
            "😍",
            "💑"
          ]
        },
        {
          "image_file": "image9.webp",
          "emojis": [
            "😘",
            "🍪"
          ]
        },
        {
          "image_file": "image10.webp",
          "emojis": [
            "🤔",
            "😐"
          ]
        },
        {
          "image_file": "image11.webp",
          "emojis": [
            "😱",
            "😵"
          ]
        },
        {
          "image_file": "image12.webp",
          "emojis": [
            "😡",
            "😠"
          ]
        },
        {
          "image_file": "image13.webp",
          "emojis": [
            "❓",
            "🤔"
          ]
        },
        {
          "image_file": "image14.webp",
          "emojis": [
            "🌈",
            "😜"
          ]
        },
        {
          "image_file": "image15.webp",
          "emojis": [
            "💻",
            "😩"
          ]
        },
        {
          "image_file": "image16.webp",
          "emojis": [
            "😡",
            "😤"
          ]
        },
        {
          "image_file": "image17.webp",
          "emojis": [
            "😩",
            "😨"
          ]
        },
        {
          "image_file": "image18.webp",
          "emojis": [
            "💻",
            "🌃"
          ]
        },
        {
          "image_file": "image19.webp",
          "emojis": [
            "🎉",
            "✨"
          ]
        },
        {
          "image_file": "image20.webp",
          "emojis": [
            "🤮",
            "👎"
          ]
        },
        {
          "image_file": "image21.webp",
          "emojis": [
            "🖐",
            "🙋"
          ]
        },
        {
          "image_file": "image22.webp",
          "emojis": [
            "🖐",
            "👋"
          ]
        },
        {
          "image_file": "image23.webp",
          "emojis": [
            "🍵",
            "😌"
          ]
        },
        {
          "image_file": "image24.webp",
          "emojis": [
            "📱",
            "😦"
          ]
        },
        {
          "image_file": "image25.webp",
          "emojis": [
            "🔋",
            "😵"
          ]
        },
        {
          "image_file": "image26.webp",
          "emojis": [
            "🔋",
            "😵"
          ]
        },
        {
          "image_file": "image27.webp",
          "emojis": [
            "🔋",
            "😵"
          ]
        },{
          "image_file": "image28.webp",
          "emojis": [
            "🔋",
            "😵"
          ]
        },{
          "image_file": "image29.webp",
          "emojis": [
            "🔋",
            "😵"
          ]
        },{
          "image_file": "image30.webp",
          "emojis": [
            "🔋",
            "😵"
          ]
        }
      ]
    },
    {
      "identifier": "7",
      "name": "Baby Pack 13",
      "publisher": "Dhiya Soft",
      "tray_image_file": "image_13.png",
      "image_data_version": "1",
      "avoid_cache": false,
      "publisher_email": "",
      "publisher_website": "",
      "privacy_policy_website": "",
      "license_agreement_website": "",
      "stickers": [
        {
          "image_file": "image1.webp",
          "emojis": [
            "☕",
            "🙂"
          ]
        },
        {
          "image_file": "image2.webp",
          "emojis": [
            "😄",
            "😀"
          ]
        },
        {
          "image_file": "image3.webp",
          "emojis": [
            "😆",
            "😂"
          ]
        },
        {
          "image_file": "image4.webp",
          "emojis": [
            "😩",
            "😰"
          ]
        },
        {
          "image_file": "image5.webp",
          "emojis": [
            "😭",
            "💧"
          ]
        },
        {
          "image_file": "image6.webp",
          "emojis": [
            "😍",
            "♥"
          ]
        },
        {
          "image_file": "image7.webp",
          "emojis": [
            "💔",
            "👎"
          ]
        },
        {
          "image_file": "image8.webp",
          "emojis": [
            "😍",
            "💑"
          ]
        },
        {
          "image_file": "image9.webp",
          "emojis": [
            "😘",
            "🍪"
          ]
        },
        {
          "image_file": "image10.webp",
          "emojis": [
            "🤔",
            "😐"
          ]
        },
        {
          "image_file": "image11.webp",
          "emojis": [
            "😱",
            "😵"
          ]
        },
        {
          "image_file": "image12.webp",
          "emojis": [
            "😡",
            "😠"
          ]
        },
        {
          "image_file": "image13.webp",
          "emojis": [
            "❓",
            "🤔"
          ]
        },
        {
          "image_file": "image14.webp",
          "emojis": [
            "🌈",
            "😜"
          ]
        },
        {
          "image_file": "image15.webp",
          "emojis": [
            "💻",
            "😩"
          ]
        },
        {
          "image_file": "image16.webp",
          "emojis": [
            "😡",
            "😤"
          ]
        },
        {
          "image_file": "image17.webp",
          "emojis": [
            "😩",
            "😨"
          ]
        },
        {
          "image_file": "image18.webp",
          "emojis": [
            "💻",
            "🌃"
          ]
        },
        {
          "image_file": "image19.webp",
          "emojis": [
            "🎉",
            "✨"
          ]
        },
        {
          "image_file": "image20.webp",
          "emojis": [
            "🤮",
            "👎"
          ]
        },
        {
          "image_file": "image21.webp",
          "emojis": [
            "🖐",
            "🙋"
          ]
        },
        {
          "image_file": "image22.webp",
          "emojis": [
            "🖐",
            "👋"
          ]
        },
        {
          "image_file": "image23.webp",
          "emojis": [
            "🍵",
            "😌"
          ]
        },
        {
          "image_file": "image24.webp",
          "emojis": [
            "📱",
            "😦"
          ]
        },
        {
          "image_file": "image25.webp",
          "emojis": [
            "🔋",
            "😵"
          ]
        },
        {
          "image_file": "image26.webp",
          "emojis": [
            "🔋",
            "😵"
          ]
        },
        {
          "image_file": "image27.webp",
          "emojis": [
            "🔋",
            "😵"
          ]
        },{
          "image_file": "image28.webp",
          "emojis": [
            "🔋",
            "😵"
          ]
        },{
          "image_file": "image29.webp",
          "emojis": [
            "🔋",
            "😵"
          ]
        },{
          "image_file": "image30.webp",
          "emojis": [
            "🔋",
            "😵"
          ]
        }
      ]
    }
  ]
}
