{
  "android_play_store_link": "",
  "ios_app_store_link": "",
  "sticker_packs": [
    {
      "identifier": "1",
      "name": "Penguin Pack 1",
      "publisher": "GANESH",
      "tray_image_file": "tray.png",
      "image_data_version": "1",
      "avoid_cache": false,
      "publisher_email":"feedbacktomyapp@gmail.com",
      "publisher_website": "https://sites.google.com/view/programmingwithganesh/home",
      "privacy_policy_website": "https://sites.google.com/view/programmingwithganesh/home",
      "license_agreement_website": "https://sites.google.com/view/programmingwithganesh/home",
      "animated_sticker_pack": true,
      "stickers": [
        {
          "image_file": "sticker02.webp",
          "emojis": [
            "✊",
            "💪",
            "🙏"
          ]
        },
        {
          "image_file": "sticker03.webp",
          "emojis": [
            "❤️",
            "🥰",
            "💕"
          ]
        },
        {
          "image_file": "sticker04.webp",
          "emojis": [
            "🖐",
            "🙌",
            "✋"
          ]
        },
        {
          "image_file": "sticker05.webp",
          "emojis": [
            "📱",
            "👯❓",
            "👋"
          ]
        },
        {
          "image_file": "sticker06.webp",
          "emojis": [
            "📱",
            "🙋‍♀",
            "🙋‍♂"
          ]
        },
        {
          "image_file": "sticker07.webp",
          "emojis": [
            "❓👍",
            "👌",
            "🙂"
          ]
        },
        {
          "image_file": "sticker09.webp",
          "emojis": [
            "☕",
            "🍵",
            "🏠"
          ]
        },
        {
          "image_file": "sticker10.webp",
          "emojis": [
            "👩‍💻❓",
            "👨‍💻",
            "🛏"
          ]
        },
        {
          "image_file": "sticker14.webp",
          "emojis": [
            "🐈",
            "🐱",
            "💻"
          ]
        },
        {
          "image_file": "sticker15.webp",
          "emojis": [
            "👩‍💻",
            "🏠",
            "❓💻"
          ]
        },
        {
          "image_file": "sticker16.webp",
          "emojis": [
            "👩‍💻",
            "🏠",
            "❓💻"
          ]
        },
        {
          "image_file": "sticker25.webp",
          "emojis": [
            "👩‍💻",
            "🏠",
            "❓💻"
          ]
        },
        {
          "image_file": "sticker28.webp",
          "emojis": [
            "👩‍💻",
            "🏠",
            "❓💻"
          ]
        },
        {
          "image_file": "sticker29.webp",
          "emojis": [
            "👩‍💻",
            "🏠",
            "❓💻"
          ]
        },
        {
          "image_file": "sticker30.webp",
          "emojis": [
            "👩‍💻",
            "🏠",
            "❓💻"
          ]
        }
      ]
    },
    {
      "identifier": "2",
      "name": "Penguin Pack 2",
      "publisher": "GANESH",
      "tray_image_file": "tray.png",
      "image_data_version": "1",
      "avoid_cache": false,
      "publisher_email":"feedbacktomyapp@gmail.com",
      "publisher_website": "https://sites.google.com/view/programmingwithganesh/home",
      "privacy_policy_website": "https://sites.google.com/view/programmingwithganesh/home",
      "license_agreement_website": "https://sites.google.com/view/programmingwithganesh/home",
      "animated_sticker_pack": true,
      "stickers": [
        {
          "image_file": "sticker01.webp",
          "emojis": [
            "🥰",
            "😘",
            "❤️"
          ]
        },
        {
          "image_file": "sticker03.webp",
          "emojis": [
            "❤️",
            "🥰",
            "💕"
          ]
        },
        {
          "image_file": "sticker04.webp",
          "emojis": [
            "🖐",
            "🙌",
            "✋"
          ]
        },
        {
          "image_file": "sticker06.webp",
          "emojis": [
            "📱",
            "🙋‍♀",
            "🙋‍♂"
          ]
        },
        {
          "image_file": "sticker07.webp",
          "emojis": [
            "❓👍",
            "👌",
            "🙂"
          ]
        },
        {
          "image_file": "sticker08.webp",
          "emojis": [
            "👋",
            "❓",
            "📱"
          ]
        },
        {
          "image_file": "sticker09.webp",
          "emojis": [
            "☕",
            "🍵",
            "🏠"
          ]
        },
        {
          "image_file": "sticker10.webp",
          "emojis": [
            "👩‍💻❓",
            "👨‍💻",
            "🛏"
          ]
        },
        {
          "image_file": "sticker11.webp",
          "emojis": [
            "🧘♀",
            "🧘♂",
            "🤙"
          ]
        },
        {
          "image_file": "sticker12.webp",
          "emojis": [
            "🤸",
            "🐩❓",
            "💪"
          ]
        },
        {
          "image_file": "sticker13.webp",
          "emojis": [
            "📰",
            "❓🔎",
            "🔍"
          ]
        },
        {
          "image_file": "sticker14.webp",
          "emojis": [
            "🐈",
            "🐱",
            "💻"
          ]
        },
        {
          "image_file": "sticker15.webp",
          "emojis": [
            "👩‍💻",
            "🏠",
            "❓💻"
          ]
        },
        {
          "image_file": "sticker16.webp",
          "emojis": [
            "👨‍💻",
            "🏠",
            "💻❓"
          ]
        },
        {
          "image_file": "sticker17.webp",
          "emojis": [
            "✋",
            "💦",
            "🧼"
          ]
        },
        {
          "image_file": "sticker18.webp",
          "emojis": [
            "😷",
            "🤒",
            "🤧"
          ]
        },
        {
          "image_file": "sticker19.webp",
          "emojis": [
            "😷",
            "🤒",
            "🤧"
          ]
        },
        {
          "image_file": "sticker20.webp",
          "emojis": [
            "😷",
            "🤒",
            "🤧"
          ]
        },
        {
          "image_file": "sticker21.webp",
          "emojis": [
            "😷",
            "🤒",
            "🤧"
          ]
        },
        {
          "image_file": "sticker22.webp",
          "emojis": [
            "😷",
            "🤒",
            "🤧"
          ]
        },
        {
          "image_file": "sticker23.webp",
          "emojis": [
            "😷",
            "🤒",
            "🤧"
          ]
        },
        {
          "image_file": "sticker24.webp",
          "emojis": [
            "😷",
            "🤒",
            "🤧"
          ]
        },
        {
          "image_file": "sticker25.webp",
          "emojis": [
            "😷",
            "🤒",
            "🤧"
          ]
        },
        {
          "image_file": "sticker26.webp",
          "emojis": [
            "😷",
            "🤒",
            "🤧"
          ]
        },
        {
          "image_file": "sticker28.webp",
          "emojis": [
            "😷",
            "🤒",
            "🤧"
          ]
        },
        {
          "image_file": "sticker29.webp",
          "emojis": [
            "😷",
            "🤒",
            "🤧"
          ]
        },
        {
          "image_file": "sticker30.webp",
          "emojis": [
            "😷",
            "🤒",
            "🤧"
          ]
        }
      ]
    },
    {
      "identifier": "3",
      "name": "Penguin Pack 3",
      "publisher": "GANESH",
      "tray_image_file": "tray.png",
      "image_data_version": "1",
      "avoid_cache": false,
      "publisher_email":"feedbacktomyapp@gmail.com",
      "publisher_website": "https://sites.google.com/view/programmingwithganesh/home",
      "privacy_policy_website": "https://sites.google.com/view/programmingwithganesh/home",
      "license_agreement_website": "https://sites.google.com/view/programmingwithganesh/home",
      "animated_sticker_pack": true,
      "stickers": [
        {
          "image_file": "sticker03.webp",
          "emojis": [
            "❤️",
            "🥰",
            "💕"
          ]
        },
        {
          "image_file": "sticker05.webp",
          "emojis": [
            "📱",
            "👯❓",
            "👋"
          ]
        },
        {
          "image_file": "sticker11.webp",
          "emojis": [
            "🧘♀",
            "🧘♂",
            "🤙"
          ]
        },
        {
          "image_file": "sticker13.webp",
          "emojis": [
            "📰",
            "❓🔎",
            "🔍"
          ]
        },
        {
          "image_file": "sticker14.webp",
          "emojis": [
            "🐈",
            "🐱",
            "💻"
          ]
        },
        {
          "image_file": "sticker15.webp",
          "emojis": [
            "👩‍💻",
            "🏠",
            "❓💻"
          ]
        },
        {
          "image_file": "sticker16.webp",
          "emojis": [
            "👩‍💻",
            "🏠",
            "❓💻"
          ]
        },
        {
          "image_file": "sticker22.webp",
          "emojis": [
            "👩‍💻",
            "🏠",
            "❓💻"
          ]
        },
        {
          "image_file": "sticker24.webp",
          "emojis": [
            "👩‍💻",
            "🏠",
            "❓💻"
          ]
        }
      ]
    },
    {
      "identifier": "4",
      "name": "Penguin Pack 4",
      "publisher": "GANESH",
      "tray_image_file": "tray.png",
      "image_data_version": "1",
      "avoid_cache": false,
      "publisher_email":"feedbacktomyapp@gmail.com",
      "publisher_website": "https://sites.google.com/view/programmingwithganesh/home",
      "privacy_policy_website": "https://sites.google.com/view/programmingwithganesh/home",
      "license_agreement_website": "https://sites.google.com/view/programmingwithganesh/home",
      "animated_sticker_pack": true,
      "stickers": [
        {
          "image_file": "sticker02.webp",
          "emojis": [
            "✊",
            "💪",
            "🙏"
          ]
        },
        {
          "image_file": "sticker05.webp",
          "emojis": [
            "📱",
            "👯❓",
            "👋"
          ]
        },
        {
          "image_file": "sticker06.webp",
          "emojis": [
            "📱",
            "🙋‍♀",
            "🙋‍♂"
          ]
        },
        {
          "image_file": "sticker07.webp",
          "emojis": [
            "❓👍",
            "👌",
            "🙂"
          ]
        },
        {
          "image_file": "sticker08.webp",
          "emojis": [
            "👋",
            "❓",
            "📱"
          ]
        },
        {
          "image_file": "sticker09.webp",
          "emojis": [
            "☕",
            "🍵",
            "🏠"
          ]
        },
        {
          "image_file": "sticker10.webp",
          "emojis": [
            "👩‍💻❓",
            "👨‍💻",
            "🛏"
          ]
        },
        {
          "image_file": "sticker11.webp",
          "emojis": [
            "🧘♀",
            "🧘♂",
            "🤙"
          ]
        },
        {
          "image_file": "sticker12.webp",
          "emojis": [
            "🤸",
            "🐩❓",
            "💪"
          ]
        },
        {
          "image_file": "sticker13.webp",
          "emojis": [
            "📰",
            "❓🔎",
            "🔍"
          ]
        },
        {
          "image_file": "sticker14.webp",
          "emojis": [
            "🐈",
            "🐱",
            "💻"
          ]
        },
        {
          "image_file": "sticker15.webp",
          "emojis": [
            "👩‍💻",
            "🏠",
            "❓💻"
          ]
        },
        {
          "image_file": "sticker16.webp",
          "emojis": [
            "👨‍💻",
            "🏠",
            "💻❓"
          ]
        },
        {
          "image_file": "sticker17.webp",
          "emojis": [
            "✋",
            "💦",
            "🧼"
          ]
        },
        {
          "image_file": "sticker18.webp",
          "emojis": [
            "😷",
            "🤒",
            "🤧"
          ]
        },
        {
          "image_file": "sticker20.webp",
          "emojis": [
            "👩‍⚕",
            "👨‍⚕️",
            "🩺"
          ]
        },
        {
          "image_file": "sticker21.webp",
          "emojis": [
            "🙏",
            "🦸‍♀️",
            "🦸"
          ]
        },
        {
          "image_file": "sticker22.webp",
          "emojis": [
            "🙏",
            "🦸‍♀️",
            "🦸"
          ]
        },
        {
          "image_file": "sticker23.webp",
          "emojis": [
            "🙏",
            "🦸‍♀️",
            "🦸"
          ]
        },
        {
          "image_file": "sticker24.webp",
          "emojis": [
            "🙏",
            "🦸‍♀️",
            "🦸"
          ]
        },
        {
          "image_file": "sticker26.webp",
          "emojis": [
            "🙏",
            "🦸‍♀️",
            "🦸"
          ]
        },
        {
          "image_file": "sticker27.webp",
          "emojis": [
            "🙏",
            "🦸‍♀️",
            "🦸"
          ]
        },
        {
          "image_file": "sticker28.webp",
          "emojis": [
            "🙏",
            "🦸‍♀️",
            "🦸"
          ]
        },
        {
          "image_file": "sticker29.webp",
          "emojis": [
            "🙏",
            "🦸‍♀️",
            "🦸"
          ]
        },
        {
          "image_file": "sticker30.webp",
          "emojis": [
            "🙏",
            "🦸‍♀️",
            "🦸"
          ]
        }
      ]
    },
    {
      "identifier": "6",
      "name": "Penguin Pack 6",
      "publisher": "GANESH",
      "tray_image_file": "tray.png",
      "image_data_version": "1",
      "avoid_cache": false,
      "publisher_email":"feedbacktomyapp@gmail.com",
      "publisher_website": "https://sites.google.com/view/programmingwithganesh/home",
      "privacy_policy_website": "https://sites.google.com/view/programmingwithganesh/home",
      "license_agreement_website": "https://sites.google.com/view/programmingwithganesh/home",
      "animated_sticker_pack": true,
      "stickers": [
        {
          "image_file": "sticker01.webp",
          "emojis": [
            "🥰",
            "😘",
            "❤️"
          ]
        },
        {
          "image_file": "sticker02.webp",
          "emojis": [
            "✊",
            "💪",
            "🙏"
          ]
        },
        {
          "image_file": "sticker03.webp",
          "emojis": [
            "❤️",
            "🥰",
            "💕"
          ]
        },
        {
          "image_file": "sticker04.webp",
          "emojis": [
            "🖐",
            "🙌",
            "✋"
          ]
        },
        {
          "image_file": "sticker05.webp",
          "emojis": [
            "📱",
            "👯❓",
            "👋"
          ]
        },
        {
          "image_file": "sticker06.webp",
          "emojis": [
            "📱",
            "🙋‍♀",
            "🙋‍♂"
          ]
        },
        {
          "image_file": "sticker07.webp",
          "emojis": [
            "❓👍",
            "👌",
            "🙂"
          ]
        },
        {
          "image_file": "sticker08.webp",
          "emojis": [
            "👋",
            "❓",
            "📱"
          ]
        },
        {
          "image_file": "sticker09.webp",
          "emojis": [
            "☕",
            "🍵",
            "🏠"
          ]
        },
        {
          "image_file": "sticker10.webp",
          "emojis": [
            "👩‍💻❓",
            "👨‍💻",
            "🛏"
          ]
        },
        {
          "image_file": "sticker11.webp",
          "emojis": [
            "🧘♀",
            "🧘♂",
            "🤙"
          ]
        },
        {
          "image_file": "sticker12.webp",
          "emojis": [
            "🤸",
            "🐩❓",
            "💪"
          ]
        },
        {
          "image_file": "sticker13.webp",
          "emojis": [
            "📰",
            "❓🔎",
            "🔍"
          ]
        },
        {
          "image_file": "sticker14.webp",
          "emojis": [
            "🐈",
            "🐱",
            "💻"
          ]
        },
        {
          "image_file": "sticker15.webp",
          "emojis": [
            "🙏",
            "🦸‍♀️",
            "🦸"
          ]
        },
        {
          "image_file": "sticker16.webp",
          "emojis": [
            "🙏",
            "🦸‍♀️",
            "🦸"
          ]
        },
        {
          "image_file": "sticker17.webp",
          "emojis": [
            "🙏",
            "🦸‍♀️",
            "🦸"
          ]
        },
        {
          "image_file": "sticker18.webp",
          "emojis": [
            "🙏",
            "🦸‍♀️",
            "🦸"
          ]
        },
        {
          "image_file": "sticker19.webp",
          "emojis": [
            "🙏",
            "🦸‍♀️",
            "🦸"
          ]
        },
        {
          "image_file": "sticker20.webp",
          "emojis": [
            "🙏",
            "🦸‍♀️",
            "🦸"
          ]
        },
        {
          "image_file": "sticker21.webp",
          "emojis": [
            "🙏",
            "🦸‍♀️",
            "🦸"
          ]
        },
        {
          "image_file": "sticker22.webp",
          "emojis": [
            "🙏",
            "🦸‍♀️",
            "🦸"
          ]
        }
      ]
    }
  ]
}