{
  "android_play_store_link": "",
  "ios_app_store_link": "",
  "sticker_packs": [
    {
      "identifier": "1",
      "name": "Dino 1",
      "publisher": "GANESH",
      "tray_image_file": "tray.png",
      "image_data_version": "1",
      "avoid_cache": false,
      "publisher_email":"feedbacktomyapp@gmail.com",
      "publisher_website": "https://sites.google.com/view/programmingwithganesh/home",
      "privacy_policy_website": "https://sites.google.com/view/programmingwithganesh/home",
      "license_agreement_website": "https://sites.google.com/view/programmingwithganesh/home",
      "animated_sticker_pack": true,
      "stickers": [
        {
          "image_file": "sticker01.webp",
          "emojis": [
            "🥰",
            "😘",
            "❤️"
          ]
        },
        {
          "image_file": "sticker02.webp",
          "emojis": [
            "✊",
            "💪",
            "🙏"
          ]
        },
        {
          "image_file": "sticker03.webp",
          "emojis": [
            "❤️",
            "🥰",
            "💕"
          ]
        },
        {
          "image_file": "sticker04.webp",
          "emojis": [
            "🖐",
            "🙌",
            "✋"
          ]
        },
        {
          "image_file": "sticker05.webp",
          "emojis": [
            "📱",
            "👯❓",
            "👋"
          ]
        },
        {
          "image_file": "sticker06.webp",
          "emojis": [
            "📱",
            "🙋‍♀",
            "🙋‍♂"
          ]
        },
        {
          "image_file": "sticker07.webp",
          "emojis": [
            "❓👍",
            "👌",
            "🙂"
          ]
        },
        {
          "image_file": "sticker08.webp",
          "emojis": [
            "👋",
            "❓",
            "📱"
          ]
        },
        {
          "image_file": "sticker09.webp",
          "emojis": [
            "👋",
            "❓",
            "📱"
          ]
        },
        {
          "image_file": "sticker10.webp",
          "emojis": [
            "👋",
            "❓",
            "📱"
          ]
        }
      ]
    },
    {
      "identifier": "2",
      "name": "Dino 2",
      "publisher": "GANESH",
      "tray_image_file": "tray.png",
      "image_data_version": "1",
      "avoid_cache": false,
      "publisher_email":"feedbacktomyapp@gmail.com",
      "publisher_website": "https://sites.google.com/view/programmingwithganesh/home",
      "privacy_policy_website": "https://sites.google.com/view/programmingwithganesh/home",
      "license_agreement_website": "https://sites.google.com/view/programmingwithganesh/home",
      "animated_sticker_pack": true,
      "stickers": [
        {
          "image_file": "sticker01.webp",
          "emojis": [
            "🥰",
            "😘",
            "❤️"
          ]
        },
        {
          "image_file": "sticker02.webp",
          "emojis": [
            "✊",
            "💪",
            "🙏"
          ]
        },
        {
          "image_file": "sticker03.webp",
          "emojis": [
            "❤️",
            "🥰",
            "💕"
          ]
        },
        {
          "image_file": "sticker04.webp",
          "emojis": [
            "🖐",
            "🙌",
            "✋"
          ]
        },
        {
          "image_file": "sticker05.webp",
          "emojis": [
            "📱",
            "👯❓",
            "👋"
          ]
        },
        {
          "image_file": "sticker06.webp",
          "emojis": [
            "📱",
            "🙋‍♀",
            "🙋‍♂"
          ]
        },
        {
          "image_file": "sticker07.webp",
          "emojis": [
            "❓👍",
            "👌",
            "🙂"
          ]
        },
        {
          "image_file": "sticker08.webp",
          "emojis": [
            "👋",
            "❓",
            "📱"
          ]
        },
        {
          "image_file": "sticker09.webp",
          "emojis": [
            "👋",
            "❓",
            "📱"
          ]
        },
        {
          "image_file": "sticker10.webp",
          "emojis": [
            "👋",
            "❓",
            "📱"
          ]
        }
      ]
    },
    {
      "identifier": "3",
      "name": "Dino 3",
      "publisher": "GANESH",
      "tray_image_file": "tray.png",
      "image_data_version": "1",
      "avoid_cache": false,
      "publisher_email":"feedbacktomyapp@gmail.com",
      "publisher_website": "https://sites.google.com/view/programmingwithganesh/home",
      "privacy_policy_website": "https://sites.google.com/view/programmingwithganesh/home",
      "license_agreement_website": "https://sites.google.com/view/programmingwithganesh/home",
      "animated_sticker_pack": false,
      "stickers": [
        {
          "image_file": "sticker01.webp",
          "emojis": [
            "🥰",
            "😘",
            "❤️"
          ]
        },
        {
          "image_file": "sticker02.webp",
          "emojis": [
            "✊",
            "💪",
            "🙏"
          ]
        },
        {
          "image_file": "sticker03.webp",
          "emojis": [
            "❤️",
            "🥰",
            "💕"
          ]
        },
        {
          "image_file": "sticker04.webp",
          "emojis": [
            "🖐",
            "🙌",
            "✋"
          ]
        },
        {
          "image_file": "sticker05.webp",
          "emojis": [
            "📱",
            "👯❓",
            "👋"
          ]
        },
        {
          "image_file": "sticker06.webp",
          "emojis": [
            "📱",
            "🙋‍♀",
            "🙋‍♂"
          ]
        },
        {
          "image_file": "sticker07.webp",
          "emojis": [
            "❓👍",
            "👌",
            "🙂"
          ]
        },
        {
          "image_file": "sticker08.webp",
          "emojis": [
            "👋",
            "❓",
            "📱"
          ]
        },
        {
          "image_file": "sticker09.webp",
          "emojis": [
            "👋",
            "❓",
            "📱"
          ]
        },
        {
          "image_file": "sticker10.webp",
          "emojis": [
            "👋",
            "❓",
            "📱"
          ]
        }
      ]
    },
    {
      "identifier": "4",
      "name": "Dino 4",
      "publisher": "GANESH",
      "tray_image_file": "tray.png",
      "image_data_version": "1",
      "avoid_cache": false,
      "publisher_email":"feedbacktomyapp@gmail.com",
      "publisher_website": "https://sites.google.com/view/programmingwithganesh/home",
      "privacy_policy_website": "https://sites.google.com/view/programmingwithganesh/home",
      "license_agreement_website": "https://sites.google.com/view/programmingwithganesh/home",
      "animated_sticker_pack": false,
      "stickers": [
        {
          "image_file": "sticker01.webp",
          "emojis": [
            "🥰",
            "😘",
            "❤️"
          ]
        },
        {
          "image_file": "sticker02.webp",
          "emojis": [
            "✊",
            "💪",
            "🙏"
          ]
        },
        {
          "image_file": "sticker03.webp",
          "emojis": [
            "❤️",
            "🥰",
            "💕"
          ]
        },
        {
          "image_file": "sticker04.webp",
          "emojis": [
            "🖐",
            "🙌",
            "✋"
          ]
        },
        {
          "image_file": "sticker05.webp",
          "emojis": [
            "📱",
            "👯❓",
            "👋"
          ]
        },
        {
          "image_file": "sticker06.webp",
          "emojis": [
            "📱",
            "🙋‍♀",
            "🙋‍♂"
          ]
        },
        {
          "image_file": "sticker07.webp",
          "emojis": [
            "❓👍",
            "👌",
            "🙂"
          ]
        },
        {
          "image_file": "sticker08.webp",
          "emojis": [
            "👋",
            "❓",
            "📱"
          ]
        },
        {
          "image_file": "sticker09.webp",
          "emojis": [
            "👋",
            "❓",
            "📱"
          ]
        },
        {
          "image_file": "sticker10.webp",
          "emojis": [
            "👋",
            "❓",
            "📱"
          ]
        }
      ]
    },
    {
      "identifier": "5",
      "name": "Dino 5",
      "publisher": "GANESH",
      "tray_image_file": "tray.png",
      "image_data_version": "1",
      "avoid_cache": false,
      "publisher_email":"feedbacktomyapp@gmail.com",
      "publisher_website": "https://sites.google.com/view/programmingwithganesh/home",
      "privacy_policy_website": "https://sites.google.com/view/programmingwithganesh/home",
      "license_agreement_website": "https://sites.google.com/view/programmingwithganesh/home",
      "animated_sticker_pack": false,
      "stickers": [
        {
          "image_file": "sticker01.webp",
          "emojis": [
            "🥰",
            "😘",
            "❤️"
          ]
        },
        {
          "image_file": "sticker02.webp",
          "emojis": [
            "✊",
            "💪",
            "🙏"
          ]
        },
        {
          "image_file": "sticker03.webp",
          "emojis": [
            "❤️",
            "🥰",
            "💕"
          ]
        },
        {
          "image_file": "sticker04.webp",
          "emojis": [
            "🖐",
            "🙌",
            "✋"
          ]
        },
        {
          "image_file": "sticker05.webp",
          "emojis": [
            "📱",
            "👯❓",
            "👋"
          ]
        },
        {
          "image_file": "sticker06.webp",
          "emojis": [
            "📱",
            "🙋‍♀",
            "🙋‍♂"
          ]
        },
        {
          "image_file": "sticker07.webp",
          "emojis": [
            "❓👍",
            "👌",
            "🙂"
          ]
        },
        {
          "image_file": "sticker08.webp",
          "emojis": [
            "👋",
            "❓",
            "📱"
          ]
        },
        {
          "image_file": "sticker09.webp",
          "emojis": [
            "👋",
            "❓",
            "📱"
          ]
        },
        {
          "image_file": "sticker10.webp",
          "emojis": [
            "👋",
            "❓",
            "📱"
          ]
        }
      ]
    },
    {
      "identifier": "6",
      "name": "Dino 6",
      "publisher": "GANESH",
      "tray_image_file": "tray.png",
      "image_data_version": "1",
      "avoid_cache": false,
      "publisher_email":"feedbacktomyapp@gmail.com",
      "publisher_website": "https://sites.google.com/view/programmingwithganesh/home",
      "privacy_policy_website": "https://sites.google.com/view/programmingwithganesh/home",
      "license_agreement_website": "https://sites.google.com/view/programmingwithganesh/home",
      "animated_sticker_pack": false,
      "stickers": [
        {
          "image_file": "sticker01.webp",
          "emojis": [
            "🥰",
            "😘",
            "❤️"
          ]
        },
        {
          "image_file": "sticker02.webp",
          "emojis": [
            "✊",
            "💪",
            "🙏"
          ]
        },
        {
          "image_file": "sticker03.webp",
          "emojis": [
            "❤️",
            "🥰",
            "💕"
          ]
        },
        {
          "image_file": "sticker04.webp",
          "emojis": [
            "🖐",
            "🙌",
            "✋"
          ]
        },
        {
          "image_file": "sticker05.webp",
          "emojis": [
            "📱",
            "👯❓",
            "👋"
          ]
        },
        {
          "image_file": "sticker06.webp",
          "emojis": [
            "📱",
            "🙋‍♀",
            "🙋‍♂"
          ]
        },
        {
          "image_file": "sticker07.webp",
          "emojis": [
            "❓👍",
            "👌",
            "🙂"
          ]
        },
        {
          "image_file": "sticker08.webp",
          "emojis": [
            "👋",
            "❓",
            "📱"
          ]
        },
        {
          "image_file": "sticker09.webp",
          "emojis": [
            "👋",
            "❓",
            "📱"
          ]
        },
        {
          "image_file": "sticker10.webp",
          "emojis": [
            "👋",
            "❓",
            "📱"
          ]
        }
      ]
    },
    {
      "identifier": "7",
      "name": "Dino 7",
      "publisher": "GANESH",
      "tray_image_file": "tray.png",
      "image_data_version": "1",
      "avoid_cache": false,
      "publisher_email":"feedbacktomyapp@gmail.com",
      "publisher_website": "https://sites.google.com/view/programmingwithganesh/home",
      "privacy_policy_website": "https://sites.google.com/view/programmingwithganesh/home",
      "license_agreement_website": "https://sites.google.com/view/programmingwithganesh/home",
      "animated_sticker_pack": false,
      "stickers": [
        {
          "image_file": "sticker01.webp",
          "emojis": [
            "🥰",
            "😘",
            "❤️"
          ]
        },
        {
          "image_file": "sticker02.webp",
          "emojis": [
            "✊",
            "💪",
            "🙏"
          ]
        },
        {
          "image_file": "sticker03.webp",
          "emojis": [
            "❤️",
            "🥰",
            "💕"
          ]
        },
        {
          "image_file": "sticker04.webp",
          "emojis": [
            "🖐",
            "🙌",
            "✋"
          ]
        },
        {
          "image_file": "sticker05.webp",
          "emojis": [
            "📱",
            "👯❓",
            "👋"
          ]
        },
        {
          "image_file": "sticker06.webp",
          "emojis": [
            "📱",
            "🙋‍♀",
            "🙋‍♂"
          ]
        },
        {
          "image_file": "sticker07.webp",
          "emojis": [
            "❓👍",
            "👌",
            "🙂"
          ]
        },
        {
          "image_file": "sticker08.webp",
          "emojis": [
            "👋",
            "❓",
            "📱"
          ]
        },
        {
          "image_file": "sticker09.webp",
          "emojis": [
            "👋",
            "❓",
            "📱"
          ]
        },
        {
          "image_file": "sticker10.webp",
          "emojis": [
            "👋",
            "❓",
            "📱"
          ]
        }
      ]
    },
    {
      "identifier": "8",
      "name": "Dino 8",
      "publisher": "GANESH",
      "tray_image_file": "tray.png",
      "image_data_version": "1",
      "avoid_cache": false,
      "publisher_email":"feedbacktomyapp@gmail.com",
      "publisher_website": "https://sites.google.com/view/programmingwithganesh/home",
      "privacy_policy_website": "https://sites.google.com/view/programmingwithganesh/home",
      "license_agreement_website": "https://sites.google.com/view/programmingwithganesh/home",
      "animated_sticker_pack": false,
      "stickers": [
        {
          "image_file": "sticker01.webp",
          "emojis": [
            "🥰",
            "😘",
            "❤️"
          ]
        },
        {
          "image_file": "sticker02.webp",
          "emojis": [
            "✊",
            "💪",
            "🙏"
          ]
        },
        {
          "image_file": "sticker03.webp",
          "emojis": [
            "❤️",
            "🥰",
            "💕"
          ]
        },
        {
          "image_file": "sticker04.webp",
          "emojis": [
            "🖐",
            "🙌",
            "✋"
          ]
        },
        {
          "image_file": "sticker05.webp",
          "emojis": [
            "📱",
            "👯❓",
            "👋"
          ]
        },
        {
          "image_file": "sticker06.webp",
          "emojis": [
            "📱",
            "🙋‍♀",
            "🙋‍♂"
          ]
        },
        {
          "image_file": "sticker07.webp",
          "emojis": [
            "❓👍",
            "👌",
            "🙂"
          ]
        },
        {
          "image_file": "sticker08.webp",
          "emojis": [
            "👋",
            "❓",
            "📱"
          ]
        },
        {
          "image_file": "sticker09.webp",
          "emojis": [
            "👋",
            "❓",
            "📱"
          ]
        },
        {
          "image_file": "sticker10.webp",
          "emojis": [
            "👋",
            "❓",
            "📱"
          ]
        }
      ]
    }
  ]
}